ID P.F,NOMBRE FANTASIA,PROV,DEP,SEGMENTO,SUBSEGMENTACION,STOCK ROLLO,STOCK RESMA,STOCK SUBE,STOCK PRISMA
12949078,1000-TON,CHACO,1,N,2,"4,039","0,468","0,000","0,000"
12649612,1973 MULTIESPACIO DE JUEGOS,CORDOBA,1,N,2,"0,000","0,000","0,000","0,000"
6949914,24 7 LIBRERIA,CORDOBA,1,5.D,6,"0,000","0,000","0,000","0,000"
13049646,24 SAN MARTIN CORDOVA,BUENOS AIRES,1,5.D,6,"3,404","0,000","0,000","3,969"
13049647,24 SAN MARTIN ILLIA,BUENOS AIRES,1,5.D,6,"3,796","0,000","0,000","3,983"
13049771,24 SAN MARTIN IRIGOYEN,BUENOS AIRES,1,5.D,6,"-0,005","0,000","0,000","-0,001"
13049645,24 SAN MARTIN MORENO,BUENOS AIRES,1,5.D,6,"3,792","0,000","0,000","3,994"
13049770,24 SAN MARTIN REINOSO,BUENOS AIRES,1,5.D,6,"0,000","0,000","0,000","0,000"
9749893,24/7 KIOSCO,CORDOBA,1,5.D,6,"5,721","0,000","0,000","4,000"
12449711,2DO ESCALON,SANTA FE,1,N,2,"2,688","6,021","0,000","2,000"
12849610,2G DRUGSTORE,TUCUMAN,1,N,2,"4,406","0,104","0,000","0,000"
6149691,2MARKET DC,TUCUMAN,1,N,2,"0,815","0,000","0,000","1,930"
12649646,30 AL 6 SAN MARTIN,CAPITAL FEDERAL,1,1.VIP,2,"14,948","0,000","0,000","3,735"
12649331,33 DE MANO 1,CHACO,1,2.A,3,"0,766","0,270","0,000","4,740"
12649330,33 DE MANO 2,CHACO,1,5.D,6,"2,690","0,500","0,000","0,000"
8749175,38169,MENDOZA,1,3.B,4,"9,243","1,538","0,000","22,000"
11949873,385,SANTIAGO DEL ESTERO,1,1.VIP,2,"3,043","0,624","0,000","4,725"
5349495,3SUPERMERCADO,CATAMARCA,1,4.C,4,"0,927","0,500","0,000","0,000"
12049832,4 DE MARZO III,BUENOS AIRES,1,N,2,"1,410","1,222","0,000","0,000"
13049437,4 DULCES,RIO NEGRO,1,5.D,6,"9,984","0,000","0,000","6,100"
12849723,4 ESTACIONES,FORMOSA,1,3.B,4,"2,624","0,906","0,000","5,876"
12849757,5 ESQUINAS,BUENOS AIRES,1,2.A,3,"5,125","3,362","0,000","2,835"
6949823,9 DE JULIO KIOSCO Y  LIBRERIA,BUENOS AIRES,1,4.C,4,"0,830","0,000","0,000","1,798"
12749642,9 DE JULIO PAGOS,BUENOS AIRES,1,5.D,6,"-0,208","0,000","0,000","-0,100"
7649031,923 VCP,CORDOBA,1,4.C,4,"2,237","0,000","0,000","7,958"
8149873,A & A,CHUBUT,1,5.D,6,"-0,020","0,000","0,000","-0,010"
7249226,A LA PIPETUA 2,LA PAMPA,1,5.D,6,"-0,104","0,000","0,000","3,962"
10349380,A LO DE PAM,BUENOS AIRES,1,3.B,4,"13,164","0,000","0,000","9,696"
6949850,A TIEMPO FYJ,SALTA,1,5.D,6,"3,370","0,000","0,000","0,000"
9049059,A TODO TRAPO,CORDOBA,1,N,2,"1,816","0,844","0,000","0,000"
12849280,A TU SERVICIO,BUENOS AIRES,1,2.A,3,"4,705","0,000","0,000","2,000"
9749818,A TU SERVICIO,SALTA,1,4.C,4,"2,383","0,000","0,000","0,000"
12849851,A TU SERVICIO II,BUENOS AIRES,1,3.B,4,"5,449","0,000","0,000","6,000"
6149647,A TU SERVICIO III,BUENOS AIRES,1,4.C,4,"0,000","0,000","0,000","0,000"
11449118,A Y F COMPUTACION OLIVA,CORDOBA,1,5.D,6,"1,751","0,000","0,000","0,911"
11649365,A&L SERVICIOS DIGITALES,CATAMARCA,1,N,2,"0,000","0,000","0,000","0,000"
12749008,A&M PROD.ASESORES DE SEGUROS C.EVITA,BUENOS AIRES,1,N,2,"0,000","0,360","0,000","0,000"
10349131,A&M PROD.ASESORES DE SEGUROS CELINA,BUENOS AIRES,1,N,2,"6,666","1,228","0,000","0,000"
6349364,A.E.L,SALTA,1,1.VIP,2,"2,911","1,301","0,000","2,829"
6449036,A.M.A.S.C.A.,SANTA FE,1,4.C,4,"1,438","0,000","0,000","1,874"
6449037,A.M.A.S.C.A. I,SANTA FE,1,4.C,4,"3,804","0,000","0,000","1,949"
11949871,A.T.R POLIRRUBRO,BUENOS AIRES,1,4.C,4,"2,717","0,582","0,000","5,000"
12949709,AB DESCARTABLES,MENDOZA,1,5.D,6,"-0,077","0,000","0,000","-0,114"
13049248,AB MARKET,SANTA FE,1,5.D,6,"0,000","0,000","0,000","0,000"
6649078,ABASTO Y CARNICERIA NUESTRA CHELA,MISIONES,1,N,2,"2,993","0,000","0,000","0,000"
11249030,ABERLUX,CHUBUT,1,5.D,6,"2,284","0,000","0,000","1,000"
6749206,ABGL FERRETERIA AP MARIN,CHUBUT,1,N,2,"3,194","1,424","0,000","0,000"
6949826,ABGL LIBRERIA GRUPO E,SANTA CRUZ,1,2.A,3,"0,867","1,236","0,000","4,755"
10349417,ABIGAIL PAGOS,BUENOS AIRES,1,5.D,6,"0,000","0,000","0,000","0,000"
10849064,ABM,SALTA,1,1.VIP,2,"8,189","4,135","0,000","3,341"
8349024,ABRACADABRA,CORDOBA,1,2.A,3,"1,466","1,220","0,000","4,646"
9849175,ABRAMO EXPRESS,CORDOBA,1,N,2,"0,000","0,000","0,000","0,000"
8149430,ABS SEGUROS GENERALES,BUENOS AIRES,1,N,2,"0,406","0,000","0,000","0,000"
10949012,ABUCOCOS ALIMENTOS,MENDOZA,1,N,2,"0,775","0,000","0,000","0,000"
12949466,AC - TAPICERIA REGINA,RIO NEGRO,1,4.C,4,"0,000","0,000","0,000","8,000"
13049358,AC EL POINT VENEZUELA,BUENOS AIRES,1,5.D,6,"1,000","0,000","0,000","1,000"
7149044,AC FOTOGRAFIA LIBRERIA Y DISENO,CORDOBA,1,5.D,6,"0,732","0,000","0,000","1,000"
6349463,ACCEL ACCESORIOS,MISIONES,1,2.A,3,"1,940","0,237","0,000","2,835"
6349522,ACCES ACCESORIOS 2,MISIONES,1,3.B,4,"1,572","0,000","0,000","2,785"
11449116,ACCESORIOS CELULARES ZONA MOVIL,BUENOS AIRES,1,1.VIP,2,"5,380","0,000","0,000","4,539"
11749040,ACCESORIOS GABI,CORDOBA,1,2.A,3,"2,652","0,000","0,000","9,600"
7649012,ACCESORIOS STOP,NEUQUEN,1,1.VIP,2,"5,218","1,374","0,000","4,304"
7249183,ACCESORIOS STOP CENTENARIO,NEUQUEN,1,3.B,4,"3,677","1,290","0,000","3,000"
5349416,ACCESORIOS STOP COLON 1,NEUQUEN,1,1.VIP,2,"2,714","-0,346","0,000","2,122"
5349417,ACCESORIOS STOP COLON 3,NEUQUEN,1,2.A,3,"7,304","0,466","0,000","16,000"
5349477,ACCESORIOS STOP SUPERMERCADO RIO LIMAY,NEUQUEN,1,2.A,3,"4,533","0,624","0,000","11,000"
6949598,ACME,BUENOS AIRES,1,N,2,"2,677","2,632","0,000","1,000"
6449472,ACOR,CORRIENTES,1,5.D,6,"1,848","0,000","0,000","0,938"
10049091,ACTUAL PC SERVICIOS E INSUMOS,BUENOS AIRES,1,1.VIP,2,"11,155","0,000","0,000","3,910"
6949323,ACUARELA,CORDOBA,1,3.B,4,"-0,522","0,000","0,000","6,593"
6949679,ACUARELA,CORDOBA,1,3.B,4,"0,244","0,158","0,000","0,504"
12449548,ADELMAR II,BUENOS AIRES,1,N,2,"1,500","0,000","0,000","0,000"
12149173,ADEMUR,SANTA FE,1,N,2,"2,374","0,442","0,000","1,000"
7749016,ADMINISTRACION ALICIA CANTARELL,BUENOS AIRES,1,1.VIP,2,"5,051","1,000","0,000","6,696"
8149149,ADMINISTRACION ROCHA II,BUENOS AIRES,1,4.C,4,"0,657","0,000","0,000","0,000"
7149146,ADRIAN,MISIONES,1,5.D,6,"0,000","0,000","0,000","0,000"
12749454,ADRIAN VERGILLI SEGUROS,CORDOBA,1,5.D,6,"-0,079","0,000","0,000","0,000"
10649035,ADRIANA COIFFEURE,CORRIENTES,1,N,2,"0,000","0,000","0,000","0,000"
9749519,AEROCLUB,CORRIENTES,1,N,2,"2,000","0,414","0,000","0,000"
8749395,AEROPAGOS,CAPITAL FEDERAL,1,N,2,"0,000","4,833","0,000","0,000"
12649522,AG 26,JUJUY,1,4.C,4,"0,596","0,000","0,000","5,000"
13049082,AGARTT DRUGSTORE,TUCUMAN,1,5.D,6,"2,297","0,000","0,000","3,000"
12849820,AGBL  DRUGSTORE MIS ANGELES,TUCUMAN,1,5.D,6,"0,027","0,000","0,000","1,000"
12749461,AGBL  SEGUROS CAMPORA MARIA FERNANDA,SANTA FE,1,N,2,"0,000","0,000","0,000","0,000"
11149089,AGBL  SERVICIOS RUIZ LAURA DEL CARMEN,TUCUMAN,1,5.D,6,"0,603","0,182","0,000","2,950"
6149506,AGBL 20 DE NOVIEMBRE,SAN JUAN,1,N,2,"1,466","0,480","0,000","0,000"
12949667,AGBL 24 7 KIOSCO,BUENOS AIRES,1,5.D,6,"0,000","0,000","0,000","0,000"
12949169,AGBL 31 PAGOS,CAPITAL FEDERAL,1,5.D,6,"1,662","0,000","0,000","0,000"
5449567,AGBL A TODO TRAPO,FORMOSA,1,N,2,"0,000","0,000","0,000","0,000"
12749167,AGBL ADRIANA MODAD SEGUROS,TUCUMAN,1,N,2,"3,986","0,500","0,000","0,000"
12649517,AGBL AGENCIA 0031,CORDOBA,1,4.C,4,"1,387","0,500","0,000","2,921"
12649568,AGBL AGENCIA 358,NEUQUEN,1,N,2,"2,676","0,000","0,000","0,000"
12649584,AGBL AGENCIA DE QUINIELA EL 13,SAN LUIS,1,4.C,4,"-0,261","0,000","0,000","2,731"
12649613,AGBL AGENCIA DE QUINIELA EL COLO,SANTA FE,1,N,2,"0,000","0,000","0,000","1,000"
7849096,AGBL AGENCIA EDEN,SANTA FE,1,5.D,6,"39,511","0,000","0,000","1,000"
12649499,AGBL AGENCIA EL DIVINO NINO,SAN LUIS,1,N,2,"0,623","0,500","0,000","0,000"
8249179,AGBL AGENCIA RD,BUENOS AIRES,1,N,2,"1,807","1,698","0,000","0,000"
12749160,AGBL AGENCIA SEGUROS MARISEL,SAN LUIS,1,N,2,"0,384","0,496","0,000","0,000"
12749430,AGBL ALEM SEGUROS Y SERVICIOS,BUENOS AIRES,1,N,2,"0,976","0,000","0,000","0,000"
12949356,AGBL ALLIN EXPRESS,CAPITAL FEDERAL,1,N,2,"7,780","0,000","0,000","0,000"
9849263,AGBL ALMACEN EL 32,CHUBUT,1,5.D,6,"-0,076","0,000","0,000","1,932"
9749915,AGBL ALMACEN LOS RUIZ,SAN LUIS,1,N,2,"0,000","0,000","0,000","0,000"
9749804,AGBL ALMACEN LUCERO,MENDOZA,1,4.C,4,"1,866","0,000","0,000","0,916"
9749665,AGBL ALMACEN TITA,SANTA CRUZ,1,N,2,"2,449","0,444","0,000","0,000"
12749435,AGBL ALOISIO SEGUROS GERENALES,MENDOZA,1,4.C,4,"12,445","0,000","0,000","2,703"
12749362,AGBL AMERICAN SEGURO,BUENOS AIRES,1,5.D,6,"-0,008","0,000","0,000","0,000"
12749469,AGBL ANDREA CROTTI PROD.DE SEGUROS,SANTA FE,1,5.D,6,"6,386","0,000","0,000","1,897"
12749289,AGBL ATM ADROGUE,BUENOS AIRES,1,N,2,"2,958","0,500","0,000","0,000"
9749697,AGBL AUTOSERVICIO LEO,BUENOS AIRES,1,4.C,4,"1,322","-0,020","0,000","2,892"
13049032,AGBL AVILA SHOP,BUENOS AIRES,1,N,2,"7,825","0,000","0,000","0,000"
12949355,AGBL AYACUCHO PAGOS,CAPITAL FEDERAL,1,N,2,"0,000","0,000","0,000","0,000"
12249236,AGBL BARRACAS FERMIN,CAPITAL FEDERAL,1,4.C,4,"3,964","0,500","0,000","2,996"
12249237,AGBL BARRACAS FERMIN II,CAPITAL FEDERAL,1,5.D,6,"2,250","0,500","0,000","1,000"
12749467,AGBL BASTIANI CRISTINA,CHACO,1,N,2,"0,000","0,000","0,000","0,000"
12849928,AGBL BLAS HELADERIA ARTESANAL KIOSCO,RIO NEGRO,1,N,2,"0,599","0,000","0,000","0,000"
8249229,AGBL BOLIVAR VIAJES,CAPITAL FEDERAL,1,5.D,6,"0,000","0,000","0,000","0,000"
12949211,AGBL BRISA,BUENOS AIRES,1,N,2,"0,000","0,000","0,000","0,000"
12749218,AGBL BROKERS DE SEGUROS,TUCUMAN,1,4.C,4,"0,650","0,222","0,000","2,898"
12749440,AGBL BYC PRODUCTORES DE SEGUROS,ENTRE RIOS,1,4.C,4,"-0,124","0,000","0,000","3,873"
12749464,AGBL CALANI Y ASOCIADOS,SALTA,1,4.C,4,"0,928","0,000","0,000","0,000"
8249219,AGBL CAMBITA-TOURS,CAPITAL FEDERAL,1,5.D,6,"0,000","0,000","0,000","0,000"
12949288,AGBL CAMELOT,TUCUMAN,1,4.C,4,"1,855","0,000","0,000","0,515"
12849808,AGBL CAMGON,BUENOS AIRES,1,N,2,"4,682","0,000","0,000","0,000"
12949304,AGBL CANDY CRUSH,BUENOS AIRES,1,5.D,6,"1,847","0,000","0,000","0,000"
6149509,AGBL CANDY POCITO,SAN JUAN,1,N,2,"0,286","1,210","0,000","0,000"
9749744,AGBL CAPRI 2.0 DESPENSA,BUENOS AIRES,1,5.D,6,"1,185","0,000","0,000","0,000"
6649070,AGBL CARNES DON CARLOS E HIJOS,SALTA,1,4.C,4,"0,000","0,890","0,000","3,000"
6149519,AGBL CARPINTERIA,SAN JUAN,1,5.D,6,"4,680","0,422","0,000","0,000"
12849312,AGBL CASA BATTO,JUJUY,1,N,2,"4,060","0,268","0,000","0,000"
6349518,AGBL CENTRO DE COBROS Y PAGOS SANTIAGO,MENDOZA,1,N,2,"0,000","0,000","0,000","1,000"
11449146,AGBL CENTRO DE SERVICIOS ARRECIFES,BUENOS AIRES,1,5.D,6,"0,966","0,060","0,000","1,000"
6949805,AGBL CENTRO DEL COPIADO,SANTA FE,1,4.C,4,"2,595","0,000","0,000","3,000"
11349051,AGBL CHILTO ORGANICO & NATURAL,SALTA,1,N,2,"1,217","0,220","0,000","0,000"
12849882,AGBL CIBER MANIA,JUJUY,1,4.C,4,"-0,188","0,000","0,000","1,791"
11649381,AGBL CIBERNETICA,BUENOS AIRES,1,N,2,"0,000","0,000","0,000","0,000"
12749349,AGBL CLARISA CASTROFINI SEGUROS,BUENOS AIRES,1,N,2,"3,855","0,000","0,000","0,000"
6749217,AGBL COBROS EL BOULEVARD,FORMOSA,1,5.D,6,"-0,003","0,000","0,000","0,000"
13049054,AGBL COBROS LONCHI,FORMOSA,1,3.B,4,"0,000","0,000","0,000","0,000"
12949340,AGBL COLIBRI,CAPITAL FEDERAL,1,N,2,"2,225","0,000","0,000","0,000"
9749823,AGBL COMBOS TAFI,TUCUMAN,1,5.D,6,"5,846","0,000","0,000","5,924"
6149628,AGBL COMMODO GRAL ACHA PAGOS,SAN JUAN,1,N,2,"0,000","0,000","0,000","0,000"
12849651,AGBL COMMODO KIOSCO GERMAN,MENDOZA,1,N,2,"0,419","1,080","0,000","0,000"
7249197,AGBL COMPLICE DE REGALERIA,FORMOSA,1,N,2,"0,546","0,000","0,000","0,000"
11449158,AGBL COMPUTACION TRONICS SHOP,CAPITAL FEDERAL,1,4.C,4,"1,584","0,000","0,000","2,000"
7949080,AGBL CUEVA DE FRESA,BUENOS AIRES,1,N,2,"0,000","0,000","0,000","0,000"
12749370,AGBL DELFI,BUENOS AIRES,1,N,2,"0,180","0,000","0,000","0,000"
9749793,AGBL DELICIAS DE ABUELA,SAN LUIS,1,5.D,6,"5,659","0,000","0,000","0,000"
12749361,AGBL DELPIANO PRODUCTORA DE SEGUROS,SAN LUIS,1,N,2,"0,255","0,000","0,000","0,000"
13049052,AGBL DEPOSTIO SAN JORGE,MENDOZA,1,N,2,"0,000","0,000","0,000","0,000"
9749644,AGBL DESPENSA ADRI,JUJUY,1,4.C,4,"2,676","1,362","0,000","2,817"
9749716,AGBL DESPENSA BURGOS,JUJUY,1,4.C,4,"0,190","0,000","0,000","2,903"
9749660,AGBL DESPENSA CURA BROCHERO,MENDOZA,1,N,2,"2,996","0,500","0,000","0,000"
13049008,AGBL DESPENSA DON JUAN,CORDOBA,1,N,2,"0,785","0,000","0,000","0,000"
6149596,AGBL DESPENSA DON JUANCITO,SANTIAGO DEL ESTERO,1,5.D,6,"1,686","0,000","0,000","0,000"
9749694,AGBL DESPENSA EL REMANSO,BUENOS AIRES,1,5.D,6,"0,716","1,952","0,000","0,971"
12949168,AGBL DESPENSA ESPERANZA,BUENOS AIRES,1,5.D,6,"1,164","0,000","0,000","3,920"
9749786,AGBL DESPENSA J Y M,MENDOZA,1,4.C,4,"-0,136","0,000","0,000","1,835"
9749663,AGBL DESPENSA LUCERO,MENDOZA,1,N,2,"0,540","0,500","0,000","0,000"
12849647,AGBL DESPENSA M.I.C.,BUENOS AIRES,1,5.D,6,"0,000","0,376","0,000","1,000"
9749758,AGBL DESPENSA RINCON SERRANO,CORDOBA,1,4.C,4,"6,944","0,000","0,000","0,974"
12849709,AGBL DESPENSA ROCIO,SAN JUAN,1,5.D,6,"0,845","0,000","0,000","1,000"
6149544,AGBL DIGITAL SAN JUAN,SAN JUAN,1,2.A,3,"3,855","-0,206","0,000","4,530"
9749751,AGBL DISTRIBUIDORA MR.AHORRO,SANTA FE,1,N,2,"39,749","0,000","0,000","0,000"
12749378,AGBL DOMINGUEZ SEGUROS,BUENOS AIRES,1,5.D,6,"0,000","0,000","0,000","0,000"
12949272,AGBL DON NANCUL,JUJUY,1,N,2,"1,851","0,000","0,000","0,000"
9749702,AGBL DONA MARTINA,JUJUY,1,5.D,6,"0,579","0,000","0,000","-0,006"
6149607,AGBL DOS X DOS,SAN JUAN,1,5.D,6,"0,000","0,000","0,000","0,000"
13049119,AGBL DRUGSTORE FRAN CAFE,SALTA,1,4.C,4,"0,000","0,000","0,000","3,000"
13049010,AGBL DRUGSTORE HONKY,BUENOS AIRES,1,N,2,"0,000","0,000","0,000","8,000"
13049086,AGBL DRUGSTORE THE BROTHERS,JUJUY,1,5.D,6,"3,427","0,000","0,000","1,000"
12849984,AGBL DRUGSTORE YAPURA,SALTA,1,4.C,4,"0,712","0,000","0,000","7,998"
6149656,AGBL DULCES CAPRICHOS,SAN LUIS,1,5.D,6,"-0,097","0,000","0,000","0,000"
12649596,AGBL ECT AV GUTIERREZ,CHACO,1,5.D,6,"39,470","0,000","0,000","1,000"
7149108,AGBL ECT CENTRO DE PAGOS Y COPIAS JEHOVA,BUENOS AIRES,1,N,2,"0,569","0,000","0,000","0,000"
12849807,AGBL ECT COBROS PEDRO,FORMOSA,1,4.C,4,"2,595","0,000","0,000","4,933"
9749815,AGBL ECT DESPENSA EVANGE,BUENOS AIRES,1,4.C,4,"0,000","0,000","0,000","2,000"
7149118,AGBL ECT EL TURCO EXPRESS,BUENOS AIRES,1,5.D,6,"2,645","0,000","0,000","0,000"
9749768,AGBL ECT LA PEATONAL,CORRIENTES,1,N,2,"1,598","0,000","0,000","0,000"
6949788,AGBL ECT LIBRERIA JUMA,BUENOS AIRES,1,N,2,"0,746","0,000","0,000","0,000"
12249243,AGBL ECT LOCUTORIO TELEMUNDO,CAPITAL FEDERAL,1,5.D,6,"0,257","1,000","0,000","7,906"
5249162,AGBL ECT PAGOS AXION BRANDSEN,BUENOS AIRES,1,N,2,"39,468","0,000","0,000","0,000"
7149117,AGBL ECT SERVICIOS JELENA,CAPITAL FEDERAL,1,N,2,"39,741","0,000","0,000","0,000"
13049065,AGBL EL BARTO MAXIKIOSCO,CORDOBA,1,5.D,6,"0,000","0,000","0,000","0,000"
12949038,AGBL EL EXPRESO,TUCUMAN,1,N,2,"1,598","0,476","0,000","0,000"
9749766,AGBL EL KIOSCO JAIMEZ,SANTIAGO DEL ESTERO,1,5.D,6,"0,212","0,000","0,000","-0,005"
12849673,AGBL EL KIOSCON DE LA 19,BUENOS AIRES,1,N,2,"1,000","0,000","0,000","0,000"
12649606,AGBL EL NENE,SAN JUAN,1,4.C,4,"3,342","0,000","0,000","2,796"
9749765,AGBL EL POLLERO,MENDOZA,1,N,2,"0,000","0,000","0,000","1,000"
13049785,AGBL EL QUIJOTE,NEUQUEN,1,5.D,6,"-0,005","0,000","0,000","-0,022"
6149605,AGBL EL REFUGIO,MENDOZA,1,4.C,4,"4,374","0,000","0,000","1,968"
12149189,AGBL EL SANTIAGUENO,SANTA CRUZ,1,N,2,"0,000","0,000","0,000","0,000"
12849495,AGBL EL TENIENTE,JUJUY,1,N,2,"0,740","0,434","0,000","0,000"
12949503,AGBL ELECTROGISSE,SALTA,1,5.D,6,"2,811","0,000","0,000","1,921"
10049079,AGBL ELECTRONICA ROKA,BUENOS AIRES,1,4.C,4,"3,878","0,940","0,000","8,883"
12749447,AGBL EMILIANO C. MONTAGNA,SANTA FE,1,4.C,4,"-0,135","0,000","0,000","2,753"
7849169,AGBL EXBMR RIO PARANA NEG INMOBILIARIOS,SANTA FE,1,N,2,"0,000","0,000","0,000","1,000"
12749423,AGBL EZEQUIEL ORCAJADA SEGUROS,TUCUMAN,1,4.C,4,"3,425","0,000","0,000","6,939"
11849001,AGBL FARMACIA LINPOZZI,SANTA FE,1,3.B,4,"-0,305","0,000","0,000","3,185"
11849382,AGBL FARMACIA MIFARMA,BUENOS AIRES,1,N,2,"2,499","0,000","0,000","0,000"
12749437,AGBL FARO SEGUROS,BUENOS AIRES,1,N,2,"0,000","0,000","0,000","0,000"
12849702,AGBL FEDERICO,BUENOS AIRES,1,N,2,"1,965","0,452","0,000","0,000"
12749450,AGBL FERNANDEZ SEGUROS,BUENOS AIRES,1,4.C,4,"2,354","0,000","0,000","3,000"
12149258,AGBL FIESTA FIESTA,BUENOS AIRES,1,5.D,6,"0,000","0,000","0,000","0,000"
7249200,AGBL FLOWERS,BUENOS AIRES,1,N,2,"0,000","0,000","0,000","0,000"
12849743,AGBL FULL KIOSCO,BUENOS AIRES,1,N,2,"4,491","0,000","0,000","0,000"
12749234,AGBL FVALLEJO ASESORES,TUCUMAN,1,5.D,6,"-0,033","0,496","0,000","0,955"
12749372,AGBL G&G ASESORES DE SEGUROS,NEUQUEN,1,N,2,"0,000","0,000","0,000","0,000"
12849353,AGBL GABY,JUJUY,1,2.A,3,"2,146","0,392","0,000","1,401"
12249245,AGBL GANAPATICELL,BUENOS AIRES,1,5.D,6,"0,531","0,000","0,000","1,000"
8249183,AGBL GELLY SEGUROS,BUENOS AIRES,1,N,2,"1,498","0,000","0,000","0,000"
10349355,AGBL GESTORIA JORGELINA SCHEITLIN,CORDOBA,1,N,2,"0,000","0,000","0,000","0,000"
12949198,AGBL GRAZIADEI SEGUROS Y ASOCIADOS,CAPITAL FEDERAL,1,N,2,"0,972","0,000","0,000","0,000"
6949798,AGBL GRUPO E,SANTA CRUZ,1,N,2,"0,367","0,000","0,000","0,000"
12749470,AGBL GRUPO SCHENONE SEGUROS,ENTRE RIOS,1,5.D,6,"7,090","0,000","0,000","-0,048"
12849822,AGBL GRUPO ZAMBRANO,BUENOS AIRES,1,5.D,6,"1,252","4,552","0,000","1,000"
12749297,AGBL GUIAR SEGUROS,BUENOS AIRES,1,N,2,"3,843","0,500","0,000","0,000"
6949806,AGBL HINATA,CORDOBA,1,N,2,"39,182","0,000","0,000","0,000"
12949331,AGBL HORA LIBRE,MENDOZA,1,4.C,4,"-0,116","0,000","0,000","2,913"
11349061,AGBL IGNACIO,LA RIOJA,1,5.D,6,"2,250","0,000","0,000","0,000"
6949814,AGBL IMPRESIONES,BUENOS AIRES,1,5.D,6,"-0,133","0,000","0,000","0,906"
10049095,AGBL INFOTEC,JUJUY,1,4.C,4,"4,090","0,000","0,000","1,892"
6449450,AGBL INSTITUTO CELSIUS,SANTA FE,1,N,2,"0,000","0,000","0,000","0,000"
9749668,AGBL INTER - X,BUENOS AIRES,1,4.C,4,"0,330","-0,181","0,000","0,396"
9849258,AGBL J Y M MINIMARKET,CHUBUT,1,N,2,"0,738","0,000","0,000","0,000"
12849987,AGBL JLRKMAX,BUENOS AIRES,1,5.D,6,"3,303","0,000","0,000","0,000"
11449153,AGBL JP INFORMATICA,BUENOS AIRES,1,N,2,"0,000","0,000","0,000","0,000"
12749513,AGBL JUAN HIPOLITO GARCIA PROD DE SEGURO,TUCUMAN,1,4.C,4,"1,658","0,000","0,000","2,000"
13049582,AGBL JULI JULI,BUENOS AIRES,1,5.D,6,"0,000","0,000","0,000","0,000"
9749729,AGBL KECHU DESPENSA,BUENOS AIRES,1,N,2,"0,689","0,000","0,000","0,000"
12149149,AGBL KIOSCO BETIANA,SAN LUIS,1,N,2,"2,311","0,496","0,000","0,000"
12849833,AGBL KIOSCO BRI,CAPITAL FEDERAL,1,5.D,6,"0,000","0,000","0,000","0,000"
12849726,AGBL KIOSCO DARIO,BUENOS AIRES,1,5.D,6,"-0,020","0,000","0,000","4,968"
12849939,AGBL KIOSCO EL SEBA,CATAMARCA,1,5.D,6,"0,945","0,000","0,000","4,978"
12849976,AGBL KIOSCO GUADALUPE,BUENOS AIRES,1,5.D,6,"0,000","0,000","0,000","0,000"
12849749,AGBL KIOSCO LA COLO,BUENOS AIRES,1,4.C,4,"-0,391","0,830","0,000","1,604"
12249246,AGBL KIOSCO LEO,BUENOS AIRES,1,4.C,4,"-0,155","0,000","0,000","-0,085"
13049379,AGBL KIOSCO LOS ABUELOS,MENDOZA,1,5.D,6,"0,000","0,000","0,000","0,000"
12849619,AGBL KIOSCO LPM,BUENOS AIRES,1,N,2,"3,825","0,466","0,000","0,000"
12849710,AGBL KIOSCO METEORO,BUENOS AIRES,1,4.C,4,"2,900","3,398","0,000","7,911"
12949306,AGBL KM 730,SAN LUIS,1,N,2,"3,054","0,000","0,000","0,000"
12949106,AGBL L&L PAPELERIA Y REGALERIA,SAN LUIS,1,5.D,6,"1,187","0,212","0,000","0,000"
6949796,AGBL LA CASA DE PAPEL,SANTA FE,1,5.D,6,"0,721","0,000","0,000","0,938"
12749661,AGBL LA CASA DEL SEGURO WP,MISIONES,1,5.D,6,"-0,065","0,000","0,000","-0,014"
11649395,AGBL LA DESPENSA,BUENOS AIRES,1,N,2,"5,294","0,000","0,000","4,000"
9749776,AGBL LA GUADALUPANA,SANTA FE,1,N,2,"0,000","0,000","0,000","0,000"
12949267,AGBL LA MARY,BUENOS AIRES,1,5.D,6,"0,000","0,000","0,000","0,000"
12649588,AGBL LA SUERTUDITA,JUJUY,1,4.C,4,"2,294","0,000","0,000","6,000"
9349039,AGBL LATERAL Y 9 DE JULIO,SAN JUAN,1,N,2,"3,472","0,480","0,000","0,000"
12949339,AGBL LEE,CAPITAL FEDERAL,1,N,2,"0,000","0,000","0,000","0,000"
12749302,AGBL LEIVA SEGUROS,BUENOS AIRES,1,N,2,"3,656","0,496","0,000","0,000"
12949246,AGBL LEONILA,CAPITAL FEDERAL,1,4.C,4,"3,058","0,000","0,000","1,879"
6949740,AGBL LIBRERIA AEROPARQUE,MENDOZA,1,N,2,"0,738","0,500","0,000","0,000"
12849962,AGBL LIBRERIA B Y J,BUENOS AIRES,1,4.C,4,"-0,342","0,000","0,000","3,331"
13049466,AGBL LIBRERIA ETRURIA,BUENOS AIRES,1,N,2,"3,111","0,000","0,000","2,000"
6949842,AGBL LIBRERIA EVOLUCION,SALTA,1,5.D,6,"4,346","0,000","0,000","4,000"
6949911,AGBL LIBRERIA MUNDO DE COLORES,BUENOS AIRES,1,N,2,"-0,048","0,000","0,000","-0,009"
6949791,AGBL LIBRERIA SINALOA,CAPITAL FEDERAL,1,N,2,"0,830","0,118","0,000","0,000"
5449559,AGBL LILA PRODUCTOS DE LIMPIEZA,MENDOZA,1,5.D,6,"1,706","0,450","0,000","2,000"
5449602,AGBL LILA PRODUCTOS DE LIMPIEZA Y ANEXOS,MENDOZA,1,5.D,6,"1,813","0,000","0,000","9,000"
13049092,AGBL LIMON 4,TIERRA DEL FUEGO,1,4.C,4,"0,000","0,000","0,000","0,000"
6149583,AGBL LO DE RODRI,SAN LUIS,1,2.A,3,"4,241","0,506","0,000","3,354"
6249154,AGBL LO DE TOMI,TUCUMAN,1,4.C,4,"2,000","0,000","0,000","7,657"
9749711,AGBL LOGIDRINK,SAN LUIS,1,N,2,"0,000","0,000","0,000","0,000"
11449139,AGBL M & T,JUJUY,1,4.C,4,"0,459","0,296","0,000","0,000"
10049108,AGBL M Y L EL BALDE,SANTIAGO DEL ESTERO,1,4.C,4,"0,368","0,000","0,000","4,000"
9749732,AGBL MA.JU.BA,JUJUY,1,5.D,6,"1,511","0,000","0,000","3,992"
6949769,AGBL MAMRE HEBRON,SAN LUIS,1,N,2,"3,321","0,500","0,000","0,000"
12749473,AGBL MARILINA BULTER,CORDOBA,1,4.C,4,"3,337","0,000","0,000","0,874"
9849286,AGBL MATIKIOSCO,BUENOS AIRES,1,4.C,4,"4,611","0,000","0,000","8,000"
12749412,AGBL MAUMUS&MAUMUS SEGUROS,BUENOS AIRES,1,4.C,4,"-0,244","0,000","0,000","1,551"
13049009,AGBL MAXI JOAQUINA,ENTRE RIOS,1,5.D,6,"-0,021","0,000","0,000","-0,004"
12849974,AGBL MAXIKIOSCO BELELOS,BUENOS AIRES,1,N,2,"1,198","0,000","0,000","0,000"
12949283,AGBL MAXIKIOSCO EL DIGITAL,BUENOS AIRES,1,N,2,"0,000","0,000","0,000","0,000"
9849275,AGBL MAXIKIOSCO EL LEON,SANTA FE,1,5.D,6,"6,883","0,000","0,000","1,000"
12849947,AGBL MAXIKIOSCO FONSECA,BUENOS AIRES,1,N,2,"0,000","0,000","0,000","0,000"
12849711,AGBL MAXIKIOSCO LAMPU,BUENOS AIRES,1,5.D,6,"0,638","0,000","0,000","0,000"
12849655,AGBL MAXIKIOSCO LAUTY Y SIL,BUENOS AIRES,1,N,2,"0,000","0,000","0,000","0,000"
13049692,AGBL MAXIKIOSCO LUNA,BUENOS AIRES,1,N,2,"0,000","0,000","0,000","0,000"
13049110,AGBL MAXIKIOSCO LYM,BUENOS AIRES,1,4.C,4,"1,568","0,000","0,000","8,857"
13049149,AGBL MAXIKIOSCO MAMINA,SAN JUAN,1,N,2,"5,983","0,000","0,000","0,000"
13049150,AGBL MAXIKIOSKO SAN EXPEDITO,SALTA,1,N,2,"0,000","0,000","0,000","0,000"
9649010,AGBL MELTOM,BUENOS AIRES,1,N,2,"-0,050","-0,020","0,000","-0,026"
9749772,AGBL MERCADITO DON ALONSO,CHACO,1,5.D,6,"7,738","0,000","0,000","1,000"
9749802,AGBL MERCADITO ESPERANZA,SAN LUIS,1,5.D,6,"-0,010","0,000","0,000","-0,013"
9749770,AGBL MERCADITO LA FAMILIA,CORDOBA,1,5.D,6,"-0,054","0,000","0,000","0,964"
9749706,AGBL MERCADITO VICTORIA,SAN LUIS,1,N,2,"0,000","0,000","0,000","0,000"
6149507,AGBL MIJAZ,MENDOZA,1,N,2,"0,000","0,310","0,000","0,000"
9849272,AGBL MINIMARKET 872,SANTA FE,1,N,2,"0,000","0,000","0,000","0,000"
9749678,AGBL MINIMARKET EL RINCON,MENDOZA,1,4.C,4,"0,454","0,288","0,000","4,847"
9849305,AGBL MINIMERCADO,BUENOS AIRES,1,5.D,6,"-0,031","0,000","0,000","0,000"
9749777,AGBL MINIMERCADO DIAZ,BUENOS AIRES,1,5.D,6,"4,563","0,000","0,000","1,000"
9749727,AGBL MINIMERCADO LOS CARDOS,BUENOS AIRES,1,5.D,6,"0,296","0,000","0,000","0,944"
9749718,AGBL MINIMERCADO MEDALLA,SAN LUIS,1,N,2,"0,499","0,000","0,000","0,000"
12849955,AGBL MORALES,SALTA,1,5.D,6,"3,797","0,000","0,000","-0,001"
12949333,AGBL MULTISERVICIOS DOMINGUEZ,BUENOS AIRES,1,N,2,"7,957","0,000","0,000","0,000"
12949716,AGBL MUNUS,SAN JUAN,1,5.D,6,"-0,050","-0,006","0,000","-0,023"
12849853,AGBL NAHUEL 2,CHUBUT,1,5.D,6,"0,000","0,000","0,000","0,000"
5449568,AGBL NINA,RIO NEGRO,1,4.C,4,"1,946","0,000","0,000","5,853"
6249150,AGBL NININA LIMPIEZA Y PERFUMERIA,ENTRE RIOS,1,N,2,"0,000","0,000","0,000","0,000"
12749338,AGBL NORDEL,BUENOS AIRES,1,N,2,"2,677","0,334","0,000","0,000"
12849824,AGBL NORMAS ALMACEN,SANTIAGO DEL ESTERO,1,4.C,4,"-0,061","0,000","0,000","3,899"
10349381,AGBL NR SEGUROS RINCON,NEUQUEN,1,N,2,"7,535","0,000","0,000","0,000"
12749356,AGBL OCTANO SEGUROS,MENDOZA,1,N,2,"0,638","0,000","0,000","0,000"
12649601,AGBL OJALA,CORDOBA,1,N,2,"0,708","0,000","0,000","0,000"
12749301,AGBL ORGANIZACION FUSSI I,BUENOS AIRES,1,N,2,"0,000","0,500","0,000","0,000"
7849095,AGBL ORGANIZACION LOPEZ VALERIA,FORMOSA,1,N,2,"39,843","0,000","0,000","0,000"
12749566,AGBL ORGANIZACION MERCEDES SEGUROS,SAN LUIS,1,N,2,"0,000","0,000","0,000","0,000"
12749486,AGBL ORGANIZACION VAZQUEZ,BUENOS AIRES,1,5.D,6,"-0,038","0,000","0,000","0,000"
11449133,AGBL PAGO FACIL EL DONGA,MENDOZA,1,N,2,"0,000","0,032","0,000","1,000"
12849849,AGBL PAGOS CINTIA,BUENOS AIRES,1,4.C,4,"-0,073","0,000","0,000","1,988"
12849815,AGBL PAGOS DON OSVALDO,MENDOZA,1,N,2,"0,327","0,000","0,000","0,000"
12749311,AGBL PAGOS GRUPO MATTHEWS,RIO NEGRO,1,5.D,6,"12,631","0,000","0,000","0,000"
12849630,AGBL PAGOS LA UNICA,BUENOS AIRES,1,N,2,"0,871","0,000","0,000","0,000"
6149581,AGBL PAGOS OLGA,BUENOS AIRES,1,5.D,6,"0,000","0,000","0,000","0,000"
12749442,AGBL PAGOS SYM,BUENOS AIRES,1,N,2,"3,604","0,000","0,000","0,000"
8649122,AGBL PANADERIA Y CONFITERIA AZCHERITO,CORDOBA,1,N,2,"7,555","0,000","0,000","0,000"
12249240,AGBL PAPELERA LOS HORNOS,BUENOS AIRES,1,4.C,4,"0,566","0,102","0,000","0,640"
11749044,AGBL PASE SHOW,CORDOBA,1,5.D,6,"-0,021","0,000","0,000","0,000"
9749764,AGBL PEPEBRU,BUENOS AIRES,1,N,2,"0,239","0,000","0,000","0,000"
12949370,AGBL PEQUENITOS PANALERA Y TIENDA DE,BUENOS AIRES,1,5.D,6,"0,000","0,000","0,000","0,000"
5749058,AGBL PIZZA STEVE,SALTA,1,5.D,6,"0,000","0,000","0,000","4,000"
6949957,AGBL PLUS ELECTRONICA,BUENOS AIRES,1,5.D,6,"-0,039","-0,022","0,000","-0,040"
12949746,AGBL POLIRRUBRO LOS PINGUIS,BUENOS AIRES,1,5.D,6,"0,000","0,000","0,000","0,000"
9849266,AGBL POLIRRUBRO MICKY,BUENOS AIRES,1,N,2,"0,844","0,000","0,000","0,000"
12949665,AGBL POLIRRUBRO ROSSO,BUENOS AIRES,1,5.D,6,"-0,040","0,000","0,000","-0,021"
12949773,AGBL POLIRUBRO ARGENDOMIC,BUENOS AIRES,1,5.D,6,"-0,050","-0,010","0,000","-0,008"
12949424,AGBL POLI-RUBRO BEBETO,LA PAMPA,1,5.D,6,"0,000","0,000","0,000","4,000"
12949393,AGBL POLIRUBRO CECY,TUCUMAN,1,5.D,6,"0,905","0,000","0,000","4,965"
12949784,AGBL POLIRUBRO DE TODITO,BUENOS AIRES,1,N,2,"5,997","-0,010","0,000","3,997"
12149165,AGBL POLLERIA NANCY,SALTA,1,4.C,4,"0,071","0,000","0,000","2,923"
12749472,AGBL PRODUCTOR DE SEGUROS ERRAMUSPE,ENTRE RIOS,1,4.C,4,"-0,168","0,000","0,000","-0,047"
12749251,AGBL PRODUCTORA DE SEGUROS LA QUIACA,JUJUY,1,5.D,6,"-0,059","0,470","0,000","1,926"
11449176,AGBL PUNTO FACIL,BUENOS AIRES,1,N,2,"1,327","0,000","0,000","2,000"
10049105,AGBL RAFAELA ELECTRO,SANTA FE,1,4.C,4,"2,041","0,000","0,000","0,862"
6949790,AGBL RAYITO DE SOL,ENTRE RIOS,1,5.D,6,"-0,006","0,000","0,000","-0,007"
12949110,AGBL REGIONALES CARLITOS,SAN LUIS,1,4.C,4,"1,344","0,500","0,000","3,000"
6949821,AGBL REVE CUADERNOS,ENTRE RIOS,1,5.D,6,"3,369","0,000","0,000","3,877"
10949082,AGBL ROCAPET,SAN LUIS,1,N,2,"-0,010","0,000","0,000","0,000"
13049400,AGBL RP724,CAPITAL FEDERAL,1,5.D,6,"2,645","0,000","0,000","3,875"
12749299,AGBL SAGANU,BUENOS AIRES,1,N,2,"2,783","0,500","0,000","0,000"
9749670,AGBL SANTERIA SAN JORGE II,CHUBUT,1,4.C,4,"0,440","0,670","0,000","7,984"
9749715,AGBL SANTI CASH,SAN LUIS,1,5.D,6,"1,549","0,000","0,000","1,000"
12749468,AGBL SEGURO F PALMA,MENDOZA,1,5.D,6,"-0,050","0,000","0,000","1,985"
12749608,AGBL SEGUROS,JUJUY,1,N,2,"-0,062","0,000","0,000","-0,087"
12749350,AGBL SEGUROS ALONSO,BUENOS AIRES,1,N,2,"0,000","0,000","0,000","0,000"
12749363,AGBL SEGUROS APR,CAPITAL FEDERAL,1,N,2,"0,000","0,000","0,000","0,000"
12749272,AGBL SEGUROS AZAR MARCELA,CHUBUT,1,5.D,6,"2,941","0,358","0,000","-0,012"
12749303,AGBL SEGUROS BAILLERES,BUENOS AIRES,1,5.D,6,"1,761","0,500","0,000","0,000"
12749373,AGBL SEGUROS CALDERON,BUENOS AIRES,1,N,2,"0,000","0,000","0,000","0,000"
12749182,AGBL SEGUROS CASUCHELLI SANDRA GRACIELA,TUCUMAN,1,4.C,4,"0,062","0,500","0,000","4,913"
12749288,AGBL SEGUROS CATAN,BUENOS AIRES,1,N,2,"1,499","0,496","0,000","0,000"
12749404,AGBL SEGUROS CIURCA,BUENOS AIRES,1,N,2,"0,000","0,000","0,000","0,000"
12749396,AGBL SEGUROS CORREA,BUENOS AIRES,1,N,2,"0,000","0,000","0,000","0,000"
12749415,AGBL SEGUROS DE JESUS,BUENOS AIRES,1,5.D,6,"0,315","0,000","0,000","0,000"
10349332,AGBL SEGUROS DEL CASTILLO,SANTA FE,1,4.C,4,"0,465","-0,010","0,000","6,680"
12749429,AGBL SEGUROS DIAS,BUENOS AIRES,1,N,2,"0,000","0,000","0,000","0,000"
12749411,AGBL SEGUROS ENRIA CAROLINA,SANTA FE,1,5.D,6,"-0,045","0,000","0,000","1,000"
12749631,AGBL SEGUROS FAIOLA,BUENOS AIRES,1,N,2,"0,654","0,000","0,000","1,805"
12749221,AGBL SEGUROS GABRIEL PALMA,MENDOZA,1,4.C,4,"-0,037","0,500","0,000","3,673"
12749389,AGBL SEGUROS GARBARI,BUENOS AIRES,1,N,2,"0,000","0,000","0,000","0,000"
12749298,AGBL SEGUROS GARCIA,BUENOS AIRES,1,4.C,4,"-0,155","0,000","0,000","3,813"
12749308,AGBL SEGUROS GENERALES,BUENOS AIRES,1,N,2,"0,262","0,000","0,000","0,000"
12749344,AGBL SEGUROS GENERALES,BUENOS AIRES,1,N,2,"4,151","0,458","0,000","0,000"
12749309,AGBL SEGUROS GERK,BUENOS AIRES,1,5.D,6,"-0,063","0,000","0,000","0,942"
12749205,AGBL SEGUROS GONZALEZ CECILIA,LA RIOJA,1,4.C,4,"-0,092","0,436","0,000","0,000"
12749310,AGBL SEGUROS GUERRA,BUENOS AIRES,1,N,2,"0,000","0,000","0,000","0,000"
12749185,AGBL SEGUROS GUSTAVO GOMEZ,MENDOZA,1,4.C,4,"-0,146","0,500","0,000","-0,143"
12749459,AGBL SEGUROS JORGE BOLINAGA,SAN LUIS,1,5.D,6,"1,018","0,000","0,000","0,000"
12749263,AGBL SEGUROS JULIAN GARCIA,SALTA,1,5.D,6,"0,723","0,490","0,000","2,911"
12749266,AGBL SEGUROS JULIAN GARCIA 2,SALTA,1,N,2,"2,734","0,496","0,000","0,000"
12749264,AGBL SEGUROS JULIAN GARCIA 3,SALTA,1,4.C,4,"-0,096","0,490","0,000","0,945"
12749265,AGBL SEGUROS JULIAN GARCIA 4,SALTA,1,N,2,"3,860","0,490","0,000","0,000"
12749262,AGBL SEGUROS LAGLERA RODRIGO,CHUBUT,1,5.D,6,"3,722","0,324","0,000","0,000"
12749625,AGBL SEGUROS LAMBERTUCCI,BUENOS AIRES,1,N,2,"0,089","0,000","0,000","0,000"
12749417,AGBL SEGUROS LP,BUENOS AIRES,1,N,2,"0,000","0,000","0,000","0,000"
12749312,AGBL SEGUROS LUCENA,RIO NEGRO,1,N,2,"0,000","0,000","0,000","0,000"
12749269,AGBL SEGUROS MARCOS JUAN MANUEL,CHUBUT,1,5.D,6,"1,803","0,500","0,000","0,994"
12749398,AGBL SEGUROS MARENGO,BUENOS AIRES,1,N,2,"0,000","0,000","0,000","0,000"
12749436,AGBL SEGUROS MARTA PAUL,ENTRE RIOS,1,4.C,4,"37,277","0,000","0,000","0,932"
7749024,AGBL SEGUROS MORIONES,BUENOS AIRES,1,N,2,"0,212","0,000","0,000","0,000"
12749271,AGBL SEGUROS ORG. AUSTRAL COMODORO,CHUBUT,1,5.D,6,"3,620","0,316","0,000","0,000"
10349339,AGBL SEGUROS ORG. CELIBERTI,SANTA FE,1,5.D,6,"1,390","0,000","0,000","1,000"
12749431,AGBL SEGUROS PACCOT CARLOS RAMIRO,ENTRE RIOS,1,N,2,"2,946","0,000","0,000","0,000"
12749427,AGBL SEGUROS PERINETTI,MENDOZA,1,N,2,"0,000","0,000","0,000","0,000"
12749358,AGBL SEGUROS PORRATO,BUENOS AIRES,1,N,2,"0,000","0,000","0,000","0,000"
12749416,AGBL SEGUROS PURITA,BUENOS AIRES,1,N,2,"0,000","0,000","0,000","0,000"
12749283,AGBL SEGUROS RASTELLI,BUENOS AIRES,1,N,2,"3,406","0,500","0,000","0,000"
12749388,AGBL SEGUROS RIZZO,BUENOS AIRES,1,N,2,"0,000","0,000","0,000","0,000"
12749304,AGBL SEGUROS RODRIGUEZ EDUARDO,BUENOS AIRES,1,5.D,6,"2,603","0,000","0,000","0,000"
12749444,AGBL SEGUROS RODRIGUEZ MIGUEL DAVID,ENTRE RIOS,1,5.D,6,"38,990","0,000","0,000","0,000"
12749406,AGBL SEGUROS ROJAS,BUENOS AIRES,1,N,2,"0,000","0,000","0,000","0,000"
12749392,AGBL SEGUROS ROMANELLO,BUENOS AIRES,1,5.D,6,"0,000","0,000","0,000","0,000"
12749305,AGBL SEGUROS ROTOLO,BUENOS AIRES,1,5.D,6,"0,255","0,000","0,000","4,847"
12749347,AGBL SEGUROS ROTTE,BUENOS AIRES,1,N,2,"4,711","0,492","0,000","0,000"
12749381,AGBL SEGUROS RS,BUENOS AIRES,1,N,2,"0,000","0,000","0,000","0,000"
12749471,AGBL SEGUROS SAENZ MARIA MARTA,ENTRE RIOS,1,4.C,4,"5,803","0,000","0,000","0,000"
12749243,AGBL SEGUROS SERGIO AGUSTIN NIEVAS,SAN LUIS,1,N,2,"0,514","0,486","0,000","0,000"
12749300,AGBL SEGUROS SM,BUENOS AIRES,1,N,2,"2,779","0,376","0,000","0,000"
12749355,AGBL SEGUROS Y GESTORIA VALLE,BUENOS AIRES,1,5.D,6,"-0,049","0,000","0,000","0,919"
12849950,AGBL SERV TEC Y VENTA DE ACC J Y G,NEUQUEN,1,N,2,"39,866","0,000","0,000","0,000"
8249201,AGBL SERVICIO YRIGOYEN,BUENOS AIRES,1,5.D,6,"0,896","0,000","0,000","2,000"
12749414,AGBL SIN NOMBRE,BUENOS AIRES,1,5.D,6,"5,364","0,000","0,000","0,000"
6949844,AGBL SINALOA,CAPITAL FEDERAL,1,4.C,4,"0,000","0,000","0,000","1,000"
12649424,AGBL SOSA,SAN JUAN,1,N,2,"3,778","0,500","0,000","0,000"
5649012,AGBL STUDIO 15 DISQUERIA,MENDOZA,1,5.D,6,"0,000","0,866","0,000","1,000"
12849775,AGBL SUPER KIOSCO LA ESQUINA,FORMOSA,1,N,2,"0,737","0,000","0,000","0,000"
12849774,AGBL SUPER KIOSCO LA ESQUINA 2,FORMOSA,1,N,2,"0,783","0,000","0,000","0,000"
12649466,AGBL TAMAYO,MENDOZA,1,N,2,"1,345","0,492","0,000","0,000"
7449240,AGBL TAVERNITI RONDEAU,TUCUMAN,1,4.C,4,"0,260","0,000","0,000","1,880"
6049072,AGBL TECNO FISHING,CHUBUT,1,5.D,6,"0,000","0,000","0,000","1,000"
6349511,AGBL TELEFONIA REAL CELL,BUENOS AIRES,1,2.A,3,"1,327","2,466","0,000","8,383"
7449214,AGBL TIENDA BUBU,JUJUY,1,4.C,4,"0,255","0,000","0,000","5,799"
13049012,AGBL TRES ASES CELL,SANTIAGO DEL ESTERO,1,4.C,4,"1,718","0,000","0,000","3,886"
9949035,AGBL TRICOLOR GROUPBA,CAPITAL FEDERAL,1,N,2,"0,000","0,926","0,000","0,000"
9049069,AGBL TRONADOR PAGOS,CAPITAL FEDERAL,1,5.D,6,"0,000","0,000","0,000","4,000"
6949802,AGBL TU LIBRERIA,RIO NEGRO,1,N,2,"0,000","0,000","0,000","0,000"
7249235,AGBL TZ BELLEZA Y ESTETICA,BUENOS AIRES,1,5.D,6,"3,552","-0,080","0,000","3,251"
12849406,AGBL URBANO,SAN JUAN,1,4.C,4,"-0,523","-0,048","0,000","3,189"
12749420,AGBL V Y V SEGUROS,BUENOS AIRES,1,5.D,6,"1,020","0,000","0,000","3,000"
7849094,AGBL VALVERDE INMOB. Y CONSTR.,BUENOS AIRES,1,N,2,"0,453","0,874","0,000","0,000"
12749456,AGBL VC GESTORIA DEL AUTOMOTOR,SANTA FE,1,5.D,6,"0,000","0,000","0,000","1,000"
10349313,AGBL VENTANA UNICA DE TRAMITES,TUCUMAN,1,N,2,"0,353","0,000","0,000","0,000"
8449006,AGBL VERDE GROW,CAPITAL FEDERAL,1,N,2,"3,849","0,322","0,000","0,000"
7949079,AGBL VIBO,BUENOS AIRES,1,5.D,6,"0,252","0,000","0,000","0,000"
8249167,AGBL VICENT TRAVEL,TUCUMAN,1,N,2,"3,924","0,484","0,000","0,000"
6149493,AGBL VILLARREAL,SAN JUAN,1,5.D,6,"0,816","0,000","0,000","1,000"
12149171,AGBL VINERIA DEL NORTE,JUJUY,1,5.D,6,"0,968","0,500","0,000","5,000"
12849361,AGBL VIRGEN DE FATIMA,SAN JUAN,1,N,2,"0,000","0,480","0,000","0,000"
12649431,AGBL VIRGEN DEL CARMEN,SAN LUIS,1,N,2,"2,543","0,500","0,000","0,000"
6149616,AGBL VITMAR,BUENOS AIRES,1,5.D,6,"2,006","0,000","0,000","4,000"
12749209,AGBL ZAMAR SERVICIO INTEGRALES,SAN LUIS,1,5.D,6,"0,935","0,500","0,000","0,982"
8249230,AGC SERVICIOS CABAS,NEUQUEN,1,N,2,"1,304","0,000","0,000","4,761"
13049636,AGCA  MAXIKIOSCO AVENIDA I,TUCUMAN,1,5.D,6,"-0,130","0,000","0,000","-0,084"
12949703,AGCA  MT POLIRRUBRO,SANTIAGO DEL ESTERO,1,N,2,"-0,090","0,000","0,000","-0,020"
13049278,AGCA AGENCIA 44,RIO NEGRO,1,4.C,4,"1,145","0,000","0,000","2,000"
12949683,AGCA AGENCIA SONIA,BUENOS AIRES,1,5.D,6,"-0,012","0,000","0,000","-0,006"
12149286,AGCA ALMACEN MI ANGEL,LA PAMPA,1,N,2,"-0,054","0,000","0,000","-0,017"
5449603,AGCA ANPAU HOME CENTER,TUCUMAN,1,5.D,6,"0,000","0,000","0,000","0,000"
12949530,AGCA AQUI Y AHORA,SANTIAGO DEL ESTERO,1,5.D,6,"4,821","0,000","0,000","3,967"
12149220,AGCA ARCOIRIS,RIO NEGRO,1,5.D,6,"0,000","0,000","0,000","0,000"
6249158,AGCA BELLA VICTORIA,RIO NEGRO,1,5.D,6,"-0,231","0,000","0,000","-0,175"
7449265,AGCA BELLAS BOUTIQUE,SALTA,1,N,2,"0,634","0,000","0,000","2,000"
9749886,AGCA BUENAS RAICES,RIO NEGRO,1,5.D,6,"0,000","0,000","0,000","0,000"
13049726,AGCA BUNQUER,SALTA,1,5.D,6,"-0,074","-0,036","0,000","-0,031"
12749594,AGCA CATHERINE SEGUROS,NEUQUEN,1,N,2,"-0,026","0,000","0,000","-0,048"
12749620,AGCA CELESTE GARCIA PAGOS,BUENOS AIRES,1,N,2,"5,164","0,000","0,000","3,939"
8249211,AGCA CENTRO DE COBROS CALAFATE,SANTA CRUZ,1,3.B,4,"3,928","0,000","0,000","4,000"
12649691,AGCA CHANCE,CORDOBA,1,5.D,6,"0,000","0,000","0,000","0,000"
13049331,AGCA CRS RESPALDO TANDIL,BUENOS AIRES,1,4.C,4,"-0,346","0,000","0,000","1,713"
6449476,AGCA DELEGACION BARRIO GUEMES,CORRIENTES,1,5.D,6,"-0,055","0,000","0,000","-0,048"
6449480,AGCA DELEGACION BARRIO NICOLINI,CORRIENTES,1,5.D,6,"-0,095","0,000","0,000","-0,044"
6449473,AGCA DELEGACION BARRIO SAN MARTIN,CORRIENTES,1,5.D,6,"-0,076","0,000","0,000","-0,033"
13049312,AGCA DESPENSA C Y M MINIMARKET,CORDOBA,1,5.D,6,"0,000","0,000","0,000","3,000"
6149663,AGCA DESPENSA LA FAMILIA,RIO NEGRO,1,5.D,6,"0,000","0,000","0,000","0,000"
12149247,AGCA DESPENSA MAITE,LA PAMPA,1,N,2,"1,446","0,000","0,000","2,000"
13049311,AGCA DESPENSA PABLO,SANTIAGO DEL ESTERO,1,5.D,6,"4,445","0,000","0,000","2,000"
12149271,AGCA DESPENSA SONRISAS,LA PAMPA,1,N,2,"1,984","0,000","0,000","1,597"
9749894,AGCA DESPENSA Y POLLOS DON CARLOS,JUJUY,1,N,2,"-0,019","0,000","0,000","-0,025"
12949514,AGCA DRUGSTORE JOCKEY,TUCUMAN,1,5.D,6,"2,325","0,000","0,000","1,917"
13049548,AGCA DRUGSTORE KEILA,TUCUMAN,1,5.D,6,"5,627","0,000","0,000","5,000"
13049401,AGCA DRUGSTORE ROSY,TUCUMAN,1,5.D,6,"0,000","0,000","0,000","0,000"
12949677,AGCA ECONOCLEAN,NEUQUEN,1,N,2,"0,693","-0,020","0,000","1,861"
13049316,AGCA ECT AUTOSERVICIO GUEMES,CORDOBA,1,4.C,4,"1,010","0,000","0,000","4,000"
11449170,AGCA ECT CUIDAD DEL ENCUENTRO,BUENOS AIRES,1,5.D,6,"4,475","0,000","0,000","7,000"
13049595,AGCA ECT MAXIKIOSCO GIAGETTO,CORDOBA,1,5.D,6,"0,000","0,000","0,000","0,000"
13049303,AGCA ECT MONKY,CORDOBA,1,5.D,6,"0,803","0,000","0,000","0,935"
13049588,AGCA EL DRUGSTORE,RIO NEGRO,1,N,2,"0,000","0,000","0,000","0,000"
13049729,AGCA EL KIOSCO D´CELESTE,SANTA FE,1,5.D,6,"-0,149","-0,028","0,000","-0,178"
6749243,AGCA EL LUIGI,NEUQUEN,1,N,2,"-0,030","-0,016","0,000","-0,015"
9849302,AGCA EL PRINCIPITO,SANTA CRUZ,1,5.D,6,"5,674","0,000","0,000","6,592"
7449271,AGCA EUFORIA 75,BUENOS AIRES,1,5.D,6,"-0,146","-0,030","0,000","-0,081"
13049537,AGCA FACSTORE,BUENOS AIRES,1,5.D,6,"7,554","0,000","0,000","24,000"
12749517,AGCA FINANCON,ENTRE RIOS,1,3.B,4,"4,000","0,000","0,000","3,000"
10449082,AGCA GALERIA VIENTOS DEL SUR,CHUBUT,1,5.D,6,"-0,071","-0,018","0,000","-0,077"
13049304,AGCA KALON,RIO NEGRO,1,4.C,4,"3,484","0,000","0,000","5,000"
13049536,AGCA KIOSCARDO,RIO NEGRO,1,N,2,"0,000","0,000","0,000","2,000"
13049640,AGCA KIOSCO AMAZONAS,NEUQUEN,1,N,2,"-0,046","0,000","0,000","-0,076"
9749876,AGCA KIOSCO DON ANGEL,BUENOS AIRES,1,4.C,4,"2,468","0,000","0,000","3,451"
13049669,AGCA KIOSCO EZE,BUENOS AIRES,1,N,2,"1,940","0,000","0,000","0,000"
12949597,AGCA KIOSCO FULL,CAPITAL FEDERAL,1,5.D,6,"0,000","0,000","0,000","0,000"
13049457,AGCA KIOSCO GALLE,BUENOS AIRES,1,N,2,"0,000","0,000","0,000","1,000"
13049448,AGCA KIOSCO LOS PICHONES,RIO NEGRO,1,N,2,"1,136","0,000","0,000","3,000"
12949598,AGCA KIOSCO LOS PINOS,BUENOS AIRES,1,N,2,"0,000","0,000","0,000","0,000"
13049452,AGCA KIOSCO MAR ABIERTO,RIO NEGRO,1,N,2,"-0,024","0,000","0,000","-0,002"
12149227,AGCA KIOSCO REAL,RIO NEGRO,1,N,2,"0,873","0,000","0,000","1,833"
13049494,AGCA KIOSCO REGALERIA ULISES,RIO NEGRO,1,N,2,"1,798","0,000","0,000","3,000"
13049270,AGCA KIOSCO ROMA,RIO NEGRO,1,5.D,6,"1,011","0,000","0,000","4,000"
13049357,AGCA KIOSCO TERRAZA,RIO NEGRO,1,5.D,6,"5,846","0,000","0,000","4,000"
12649689,AGCA LA CABALA LOCA,TUCUMAN,1,5.D,6,"4,090","0,000","0,000","3,000"
13049336,AGCA LA KOVACHA,CAPITAL FEDERAL,1,5.D,6,"0,000","0,000","0,000","0,000"
9749864,AGCA LA TABERNA,RIO NEGRO,1,5.D,6,"0,000","0,000","0,000","1,000"
11349078,AGCA LAKSHMI,MENDOZA,1,N,2,"1,317","0,000","0,000","1,000"
6949953,AGCA LIBRERIA COPY MAC,BUENOS AIRES,1,5.D,6,"-0,114","-0,052","0,000","-0,051"
6949938,AGCA LIBRERIA FABER,NEUQUEN,1,N,2,"-0,043","-0,006","0,000","-0,038"
6949891,AGCA LIBRERIA MERLI,RIO NEGRO,1,5.D,6,"4,104","0,000","0,000","5,000"
6949901,AGCA LIBRERIA PAPELOTE,BUENOS AIRES,1,N,2,"0,889","0,000","0,000","0,788"
6949928,AGCA LIBRERIA RAYUELA,SANTA FE,1,5.D,6,"-0,248","0,000","0,000","-0,156"
6949956,AGCA LIBRERIA SUR,NEUQUEN,1,N,2,"-0,115","-0,056","0,000","-0,079"
11049459,AGCA LLUVIA DE SUENOS,CORDOBA,1,5.D,6,"0,000","0,000","0,000","1,000"
7149137,AGCA LO DE MARCO,SALTA,1,4.C,4,"2,783","0,000","0,000","4,652"
12949497,AGCA LO DE PAULA,RIO NEGRO,1,4.C,4,"3,979","0,000","0,000","8,000"
10049126,AGCA LOFER,TUCUMAN,1,5.D,6,"0,000","0,000","0,000","0,000"
12949550,AGCA LO-MAS,BUENOS AIRES,1,5.D,6,"0,000","0,000","0,000","0,000"
12149237,AGCA LOS MANRRI,SANTA FE,1,5.D,6,"0,000","0,000","0,000","0,000"
13049327,AGCA LUCERO,CAPITAL FEDERAL,1,5.D,6,"0,000","0,000","0,000","0,000"
9749848,AGCA LYS REFRIGERACIONES,RIO NEGRO,1,5.D,6,"5,433","0,000","0,000","2,000"
6949906,AGCA M&T LIBRERIA,CORDOBA,1,N,2,"-0,154","0,000","0,000","5,829"
8549004,AGCA MAMUNA,SANTA FE,1,4.C,4,"5,730","0,000","0,000","2,000"
11449168,AGCA MARANATHA CELL,CAPITAL FEDERAL,1,5.D,6,"0,000","0,000","0,000","0,000"
12949567,AGCA MATA CASTILLO,CAPITAL FEDERAL,1,5.D,6,"-0,008","0,000","0,000","-0,003"
12949626,AGCA MAURIN PAGOS,BUENOS AIRES,1,5.D,6,"0,000","0,000","0,000","0,000"
13049665,AGCA MAXIKIOSCO ARROBA,RIO NEGRO,1,N,2,"0,596","0,000","0,000","-0,063"
13049302,AGCA MAXIKIOSCO CARMELO,RIO NEGRO,1,4.C,4,"3,771","0,000","0,000","15,087"
13049346,AGCA MAXIKIOSCO DULCEMANIA,BUENOS AIRES,1,4.C,4,"4,008","0,000","0,000","10,000"
13049601,AGCA MAXIKIOSCO LUZ,SANTIAGO DEL ESTERO,1,5.D,6,"0,000","0,000","0,000","0,000"
12149223,AGCA MERCADITO MONI,RIO NEGRO,1,5.D,6,"0,604","0,000","0,000","1,000"
9749909,AGCA MERCADO PASCUAL,LA PAMPA,1,N,2,"5,748","0,000","0,000","3,936"
13049514,AGCA MILVA II,BUENOS AIRES,1,5.D,6,"1,848","0,000","0,000","2,000"
9749843,AGCA MINIMARKET,RIO NEGRO,1,5.D,6,"5,896","0,000","0,000","2,000"
12149256,AGCA MINIMARKET BETCAND,NEUQUEN,1,5.D,6,"0,000","0,000","0,000","0,000"
13049496,AGCA MINIMARKET CODIGOS,SANTA FE,1,N,2,"0,000","0,000","0,000","0,000"
12149252,AGCA MINIMERCADO ANGELITO,NEUQUEN,1,N,2,"-0,062","0,000","0,000","-0,029"
12149238,AGCA MINIMERCADO NAHUEL,NEUQUEN,1,5.D,6,"0,000","0,000","0,000","0,000"
12149239,AGCA MINIMERCADO NAHUEL II,NEUQUEN,1,5.D,6,"0,000","0,000","0,000","0,000"
6149681,AGCA MINISERVICE RIVADAVIA,TUCUMAN,1,5.D,6,"1,181","0,000","0,000","6,826"
12749564,AGCA MSANCHEZ SEGUROS,RIO NEGRO,1,N,2,"0,382","0,000","0,000","0,798"
10949080,AGCA MUNDO ANIMAL,NEUQUEN,1,N,2,"2,431","0,000","0,000","3,598"
13049575,AGCA NAMASTY,BUENOS AIRES,1,N,2,"5,630","0,000","0,000","4,000"
13049254,AGCA NAVARRETE MIRTA NOEMI,RIO NEGRO,1,5.D,6,"0,000","0,000","0,000","0,000"
12949687,AGCA NOGOYA,CAPITAL FEDERAL,1,N,2,"1,583","0,000","0,000","2,000"
7849104,AGCA NOVA I,CORDOBA,1,5.D,6,"0,000","0,000","0,000","0,000"
12949552,AGCA NOVA II,CORDOBA,1,5.D,6,"0,000","0,000","0,000","0,000"
8249212,AGCA NSA MILVA,BUENOS AIRES,1,4.C,4,"0,030","0,000","0,000","1,000"
10049131,AGCA ONVOIT,BUENOS AIRES,1,N,2,"0,000","0,000","0,000","0,000"
6549077,AGCA OPTICA,JUJUY,1,5.D,6,"-0,001","0,000","0,000","-0,004"
7449257,AGCA PAGOS BAUTY,SANTIAGO DEL ESTERO,1,4.C,4,"1,174","0,000","0,000","2,558"
7149143,AGCA PAGOS DE FACTURA NINA,BUENOS AIRES,1,N,2,"0,000","0,000","0,000","0,000"
12949559,AGCA PAGOS MAURE,CAPITAL FEDERAL,1,4.C,4,"5,344","0,000","0,000","1,000"
12949591,AGCA PAPELERIA VILLAGRA,SANTIAGO DEL ESTERO,1,5.D,6,"0,000","0,000","0,000","0,000"
13049489,AGCA PAQUETES Y ENVIOS,CAPITAL FEDERAL,1,N,2,"1,770","0,000","0,000","6,000"
12749585,AGCA PENNISI PAGOS,BUENOS AIRES,1,N,2,"3,925","0,000","0,000","3,704"
7649033,AGCA PEQUENITOS,RIO NEGRO,1,N,2,"0,000","0,000","0,000","0,000"
12949523,AGCA POLIRRUBRO LOS IBANEZ,SANTIAGO DEL ESTERO,1,5.D,6,"-0,021","0,000","0,000","-0,010"
12949575,AGCA POLIRUBRO,BUENOS AIRES,1,5.D,6,"5,999","0,000","0,000","4,000"
12949592,AGCA POLIRUBRO TERRY,SANTA FE,1,5.D,6,"0,000","0,000","0,000","0,000"
12949636,AGCA POLIRUBROS DANEVI,CORDOBA,1,5.D,6,"3,792","0,000","0,000","3,616"
13049521,AGCA POP,BUENOS AIRES,1,N,2,"0,000","0,000","0,000","3,000"
12749535,AGCA PRESTAR PATAGONIA,RIO NEGRO,1,5.D,6,"-0,037","0,000","0,000","-0,090"
12749599,AGCA PROFESIONALES EN ACCION,BUENOS AIRES,1,N,2,"1,384","0,000","0,000","1,606"
12949635,AGCA REGALERIA VALENTINA,MENDOZA,1,5.D,6,"2,000","0,000","0,000","3,000"
13049811,AGCA REINAS,BUENOS AIRES,1,N,2,"0,506","-0,022","0,000","0,564"
12949615,AGCA RETIRO PAGOS,CAPITAL FEDERAL,1,5.D,6,"1,909","0,000","0,000","0,000"
9749877,AGCA RUBINA MIRTHA GLADYS,RIO NEGRO,1,5.D,6,"10,016","0,000","0,000","4,000"
12149249,AGCA RUBINA MIRTHA GLADYS III,RIO NEGRO,1,N,2,"0,981","0,000","0,000","2,000"
10049125,AGCA SA INSUMOS,SANTIAGO DEL ESTERO,1,4.C,4,"4,619","0,000","0,000","4,000"
8449013,AGCA SAMIN,SANTA FE,1,5.D,6,"0,000","0,000","0,000","0,000"
12749552,AGCA SEGUROS MAURIN,BUENOS AIRES,1,5.D,6,"5,661","0,000","0,000","4,000"
12949694,AGCA SERVICIO DE PAGO BONIFACIO,RIO NEGRO,1,5.D,6,"-0,076","-0,006","0,000","-0,078"
12949566,AGCA SERVIPAGO CHICHINALES,RIO NEGRO,1,N,2,"8,022","0,000","0,000","7,875"
13049565,AGCA SOLO POR VOS,RIO NEGRO,1,N,2,"-0,097","0,000","0,000","1,762"
12649762,AGCA SUB 04 AG 23,TUCUMAN,1,N,2,"-0,006","0,000","0,000","0,000"
12649719,AGCA SUB AGENCIA MI VIEJO,TUCUMAN,1,5.D,6,"2,640","0,000","0,000","9,000"
5349588,AGCA SUPER LILIANA TRAMO 16,SANTIAGO DEL ESTERO,1,5.D,6,"0,000","0,000","0,000","0,000"
13049387,AGCA THE POINT,RIO NEGRO,1,5.D,6,"0,000","0,000","0,000","0,000"
13049505,AGCA TREBOL,MENDOZA,1,5.D,6,"2,851","0,000","0,000","9,000"
13049727,AGCA UN KIOSCO,RIO NEGRO,1,5.D,6,"-0,273","-0,012","0,000","-0,210"
12949651,AGCA URIARTE,CAPITAL FEDERAL,1,N,2,"1,150","-0,046","0,000","0,927"
13049804,AGCA URTEIA,RIO NEGRO,1,N,2,"-0,096","-0,012","0,000","-0,030"
10049135,AGCA VELUCEL,RIO NEGRO,1,5.D,6,"0,000","0,000","0,000","0,000"
13049349,AGCA VIEJA AVENIDA,CORDOBA,1,4.C,4,"4,222","0,000","0,000","8,000"
13049487,AGCA VIEJA AVENIDA 2,CORDOBA,1,5.D,6,"0,000","0,000","0,000","0,000"
9749911,AGCA VIVA LA PATRIA TRAMITES YA,MENDOZA,1,5.D,6,"0,000","0,000","0,000","0,000"
9949047,AGCA Y MAS GUARDAEQUIPAJES,CHUBUT,1,5.D,6,"2,053","0,000","0,000","1,000"
10049139,AGCA ZSERVICIOS 3D,NEUQUEN,1,5.D,6,"0,000","0,000","0,000","0,000"
10649038,AGCE RENNOVARTE,RIO NEGRO,1,N,2,"-0,023","0,000","0,000","-0,004"
12649023,AGCIA VIA NORTE PIGUE,BUENOS AIRES,1,1.VIP,2,"17,787","0,000","0,000","20,016"
10249828,AGENCIA  MATHEU,BUENOS AIRES,1,N,2,"2,743","0,000","0,000","0,000"
12649778,AGENCIA 006,SALTA,1,5.D,6,"-0,013","0,000","0,000","0,000"
10249581,AGENCIA 014,FORMOSA,1,1.VIP,2,"3,201","0,422","0,000","1,639"
10249925,AGENCIA 017,FORMOSA,1,2.A,3,"1,628","0,000","0,000","2,826"
13049371,AGENCIA 034 LOS HERMANOS,CORDOBA,1,5.D,6,"0,000","0,000","0,000","2,000"
12649721,AGENCIA 035,CORDOBA,1,5.D,6,"0,000","0,000","0,000","0,000"
12649793,AGENCIA 039,CORDOBA,1,5.D,6,"-0,044","-0,022","0,000","-0,013"
12649759,AGENCIA 052,CORDOBA,1,5.D,6,"11,568","0,000","0,000","27,248"
12649076,AGENCIA 0617,CORDOBA,1,4.C,4,"1,384","0,000","0,000","1,000"
12649751,AGENCIA 0617,CORDOBA,1,5.D,6,"3,947","0,000","0,000","3,957"
10249361,AGENCIA 072,SANTA CRUZ,1,4.C,4,"0,069","0,000","0,000","0,000"
12649709,AGENCIA 078 AGCA,CORDOBA,1,5.D,6,"-0,224","0,000","0,000","0,921"
12649774,AGENCIA 1006 AGCA,CHUBUT,1,5.D,6,"-0,258","0,000","0,000","-0,324"
12649571,AGENCIA 1093,SANTA FE,1,5.D,6,"0,000","0,000","0,000","2,000"
12649412,AGENCIA 119,SANTA CRUZ,1,3.B,4,"-0,013","0,484","0,000","-0,248"
12649621,AGENCIA 123 LAS CACHORRAS,CORDOBA,1,5.D,6,"0,000","0,000","0,000","0,000"
10249762,AGENCIA 1245,ENTRE RIOS,1,4.C,4,"-0,213","0,000","0,000","1,844"
12649704,AGENCIA 134 LA CARLOTA,CORDOBA,1,5.D,6,"-0,332","0,000","0,000","4,877"
12649645,AGENCIA 135,CORDOBA,1,N,2,"0,000","0,000","0,000","0,000"
12649670,AGENCIA 1616,CORDOBA,1,4.C,4,"1,227","0,000","0,000","2,000"
10249359,AGENCIA 179,ENTRE RIOS,1,2.A,3,"1,360","1,639","0,000","5,000"
12649453,AGENCIA 1809,CAPITAL FEDERAL,1,2.A,3,"0,600","0,000","0,000","0,000"
12649671,AGENCIA 1836,CORDOBA,1,5.D,6,"0,000","0,000","0,000","1,000"
12649729,AGENCIA 191,CORDOBA,1,N,2,"5,437","0,000","0,000","4,000"
12649796,AGENCIA 195,ENTRE RIOS,1,N,2,"-0,144","0,000","0,000","-0,048"
7749017,AGENCIA 2 A LA CABEZA 1,BUENOS AIRES,1,N,2,"5,387","2,164","0,000","0,000"
12649461,AGENCIA 22,JUJUY,1,4.C,4,"1,231","5,252","0,000","4,887"
12649102,AGENCIA 241,CHACO,1,2.A,3,"0,763","-0,036","0,000","0,819"
6949687,AGENCIA 27,BUENOS AIRES,1,3.B,4,"4,183","-0,032","0,000","3,284"
13049744,AGENCIA 27,LA PAMPA,1,N,2,"0,686","0,000","0,000","-0,078"
12649562,AGENCIA 32,SANTA CRUZ,1,N,2,"2,766","0,000","0,000","0,000"
12949658,AGENCIA 333,CAPITAL FEDERAL,1,4.C,4,"9,623","0,000","0,000","6,000"
12649795,AGENCIA 338,CORDOBA,1,N,2,"-0,075","-0,016","0,000","-0,065"
12649728,AGENCIA 338 DEL BARRIO,NEUQUEN,1,5.D,6,"-0,011","0,000","0,000","-0,032"
12649628,AGENCIA 358,NEUQUEN,1,4.C,4,"13,174","0,000","0,000","3,000"
12649546,AGENCIA 416,CORDOBA,1,3.B,4,"1,424","1,694","0,000","1,999"
12949532,AGENCIA 437,CORDOBA,1,5.D,6,"-0,051","0,000","0,000","0,993"
12649767,AGENCIA 446,CORDOBA,1,N,2,"0,321","0,000","0,000","-0,034"
12649101,AGENCIA 470,CHACO,1,4.C,4,"-0,096","-0,012","0,000","0,966"
12649528,AGENCIA 498,CATAMARCA,1,N,2,"3,005","0,000","0,000","1,000"
12649771,AGENCIA 512,CHACO,1,5.D,6,"-0,065","0,000","0,000","-0,011"
12649560,AGENCIA 520 JOKER,ENTRE RIOS,1,4.C,4,"2,659","0,000","0,000","3,967"
12649570,AGENCIA 522,CORDOBA,1,2.A,3,"3,767","0,000","0,000","4,106"
12649527,AGENCIA 529,CHACO,1,4.C,4,"-0,083","0,000","0,000","0,973"
12649713,AGENCIA 580,CHACO,1,4.C,4,"4,962","0,000","0,000","3,848"
12649572,AGENCIA 669,CHACO,1,4.C,4,"-0,081","0,000","0,000","0,901"
10249906,AGENCIA 670,SANTIAGO DEL ESTERO,1,2.A,3,"3,478","0,000","0,000","0,000"
12649758,AGENCIA 705,CORDOBA,1,N,2,"0,000","0,000","0,000","0,000"
12649715,AGENCIA 710 RP,CORDOBA,1,5.D,6,"1,502","0,000","0,000","2,941"
12649274,AGENCIA 711,ENTRE RIOS,1,4.C,4,"0,889","0,500","0,000","3,835"
12649731,AGENCIA 741,CORDOBA,1,5.D,6,"0,000","0,000","0,000","0,000"
10249401,AGENCIA 77,LA PAMPA,1,2.A,3,"2,902","0,000","0,000","8,652"
13049334,AGENCIA 836,SALTA,1,5.D,6,"-0,147","0,000","0,000","-0,081"
12649602,AGENCIA 9232,CAPITAL FEDERAL,1,N,2,"0,000","0,000","0,000","0,000"
10249272,AGENCIA 990,ENTRE RIOS,1,4.C,4,"2,009","0,000","0,000","1,866"
5449544,AGENCIA 991,SANTIAGO DEL ESTERO,1,5.D,6,"1,212","0,500","0,000","0,000"
12649302,AGENCIA 992,SANTIAGO DEL ESTERO,1,4.C,4,"0,194","0,916","0,000","0,000"
12649303,AGENCIA 993,SANTIAGO DEL ESTERO,1,N,2,"3,124","0,500","0,000","0,000"
12649801,AGENCIA A CRUZAR LOS DEDOS,CHACO,1,N,2,"-0,073","-0,010","0,000","-0,046"
12949017,AGENCIA ALBIS,CAPITAL FEDERAL,1,2.A,3,"0,000","0,000","0,000","0,000"
12949657,AGENCIA ARMENIA,CAPITAL FEDERAL,1,5.D,6,"-0,138","-0,060","0,000","-0,069"
7049877,AGENCIA ATALAYA I,CAPITAL FEDERAL,1,2.A,3,"4,163","0,000","0,000","4,415"
7049878,AGENCIA ATALAYA II,CAPITAL FEDERAL,1,3.B,4,"-0,292","0,894","0,000","6,562"
10249980,AGENCIA AVELLANEDA,BUENOS AIRES,1,2.A,3,"4,294","2,776","0,000","1,000"
10249991,AGENCIA AVELLANEDA 2,BUENOS AIRES,1,N,2,"3,000","1,976","0,000","1,000"
10249349,AGENCIA BALBIN,CAPITAL FEDERAL,1,1.VIP,2,"3,379","4,816","0,000","4,054"
13049766,AGENCIA BARBARA,BUENOS AIRES,1,5.D,6,"0,000","0,000","0,000","0,000"
12649485,AGENCIA BASILE,SANTA FE,1,N,2,"2,802","0,500","0,000","0,000"
8749402,AGENCIA BELGRANO,CAPITAL FEDERAL,1,4.C,4,"3,487","0,508","0,000","2,882"
12649070,AGENCIA BIANCA,SANTA FE,1,1.VIP,2,"3,538","1,954","0,000","2,782"
11949973,AGENCIA BOGOTA,CAPITAL FEDERAL,1,N,2,"2,364","0,036","0,000","0,000"
11949773,AGENCIA BOULEVARD I,SANTA FE,1,4.C,4,"1,449","0,000","0,000","1,763"
90049059,AGENCIA BOYACA,CAPITAL FEDERAL,1,1.VIP,2,"4,566","2,000","0,000","3,968"
8749380,AGENCIA BUENOS MUCHACHOS,BUENOS AIRES,1,1.VIP,2,"5,184","0,000","0,000","1,000"
8149891,AGENCIA CABALLITO,CAPITAL FEDERAL,1,N,2,"5,000","3,000","0,000","11,000"
12949136,AGENCIA CABILDO 616,CAPITAL FEDERAL,1,1.VIP,2,"1,967","4,627","0,000","1,000"
12649476,AGENCIA CABILDO II,CAPITAL FEDERAL,1,1.VIP,2,"6,698","0,661","0,000","4,781"
12949066,AGENCIA CALLAO,CAPITAL FEDERAL,1,4.C,4,"-0,312","2,389","0,000","-0,161"
12949448,AGENCIA CAMILA,BUENOS AIRES,1,3.B,4,"8,691","0,000","0,000","12,000"
7549911,AGENCIA CAMUSSO LUCAS,SANTA FE,1,1.VIP,2,"6,924","0,000","0,000","4,705"
10249776,AGENCIA CASA CERVANTES,BUENOS AIRES,1,4.C,4,"-0,169","0,000","0,000","1,901"
10249215,AGENCIA CASA GENTILE,ENTRE RIOS,1,1.VIP,2,"2,060","0,000","0,000","2,000"
12649604,AGENCIA CASA LUCERO,CAPITAL FEDERAL,1,3.B,4,"4,371","0,000","0,000","5,000"
13049323,AGENCIA CATORCE,SANTA FE,1,4.C,4,"5,138","0,000","0,000","1,000"
8249188,AGENCIA CAVAGNARO,MENDOZA,1,3.B,4,"3,921","0,000","0,000","12,000"
12649688,AGENCIA CAVERI 1312,BUENOS AIRES,1,2.A,3,"13,625","0,000","0,000","6,000"
12749035,AGENCIA CEJAS,SANTA FE,1,1.VIP,2,"3,478","0,786","0,000","6,000"
12649780,AGENCIA CESAR DIAZ,CAPITAL FEDERAL,1,N,2,"2,106","-0,676","0,000","2,915"
10249073,AGENCIA CHAMIGO,CAPITAL FEDERAL,1,4.C,4,"4,474","0,000","0,000","7,724"
6349387,AGENCIA CLARO PINTO,SANTIAGO DEL ESTERO,1,2.A,3,"2,471","-0,124","0,000","5,771"
12649043,AGENCIA CLEMENTINA,SANTA FE,1,2.A,3,"0,891","0,000","0,000","0,000"
11949734,AGENCIA COCOLISO,BUENOS AIRES,1,N,2,"4,294","0,690","0,000","0,000"
12949759,AGENCIA CONCORDIA,CAPITAL FEDERAL,1,N,2,"-0,195","-0,246","0,000","-0,040"
8749122,AGENCIA COSTA RICA,CAPITAL FEDERAL,1,N,2,"5,000","9,302","0,000","0,000"
10249830,AGENCIA CROACIA,BUENOS AIRES,1,2.A,3,"2,409","3,000","0,000","0,000"
12649323,AGENCIA CULPINA,CAPITAL FEDERAL,1,2.A,3,"3,424","3,353","0,000","5,756"
12649787,AGENCIA D&D,SANTA FE,1,N,2,"0,364","-0,048","0,000","0,820"
12649745,AGENCIA DAGA,CORDOBA,1,5.D,6,"0,000","0,000","0,000","0,000"
90049146,AGENCIA DAVIS,BUENOS AIRES,1,N,2,"0,602","0,000","0,000","0,000"
12949533,AGENCIA DE COBRO AM,BUENOS AIRES,1,4.C,4,"3,530","0,000","0,000","7,000"
12649617,AGENCIA DE LA SUERTE CALCHIN,CORDOBA,1,4.C,4,"0,751","0,000","0,000","0,000"
12649259,AGENCIA DE LOTERIA 6534/15,SANTA FE,1,1.VIP,2,"1,956","3,360","0,000","3,295"
10249867,AGENCIA DE LOTERIA CALAFATE,SANTA CRUZ,1,1.VIP,2,"1,917","6,370","0,000","0,709"
12649254,AGENCIA DE LOTERIA CANDELA,CHACO,1,N,2,"1,558","0,000","0,000","0,000"
12649100,AGENCIA DE LOTERIA CASA JULIO,CAPITAL FEDERAL,1,N,2,"0,471","0,000","0,000","0,000"
12649440,AGENCIA DE LOTERIA COCO32,CAPITAL FEDERAL,1,2.A,3,"7,143","1,268","0,000","18,000"
12049522,AGENCIA DE LOTERIA PALENA,SANTA FE,1,4.C,4,"-0,138","0,000","0,000","1,000"
12649240,AGENCIA DE LOTERIA RETIRO,CAPITAL FEDERAL,1,N,2,"2,317","1,214","0,000","0,000"
12649396,AGENCIA DE LOTERIA Y PAGOS IGUAZU,MISIONES,1,1.VIP,2,"1,639","0,000","0,000","2,000"
10249876,AGENCIA DE LOTERIAS ALEM,MISIONES,1,4.C,4,"-0,088","0,000","0,000","0,968"
9749419,AGENCIA DE QUINELA 302,CHACO,1,1.VIP,2,"1,785","-0,304","0,000","2,133"
12649081,AGENCIA DE QUINIELA 161,CORDOBA,1,3.B,4,"4,406","-0,081","0,000","5,720"
12649627,AGENCIA DE QUINIELA NITA,CORDOBA,1,N,2,"5,259","0,000","0,000","0,000"
12649369,AGENCIA DE QUINIELA NRO 464 CHINGOLO,CHACO,1,1.VIP,2,"2,830","0,500","0,000","3,373"
12649563,AGENCIA DE QUINIELA ZAQUIEL,SAN LUIS,1,5.D,6,"5,597","0,000","0,000","4,000"
8149563,AGENCIA DE SEGUROS HIRT,MISIONES,1,2.A,3,"1,437","0,158","0,000","2,760"
12749365,AGENCIA DE SEGUROS ITALO,CORDOBA,1,4.C,4,"-0,161","0,000","0,000","5,839"
8249182,AGENCIA DE TURISMO JOSE C PAZ,BUENOS AIRES,1,5.D,6,"2,380","0,000","0,000","4,000"
8249022,AGENCIA DE VIAJES,FORMOSA,1,5.D,6,"-0,092","1,340","0,000","1,955"
8249232,AGENCIA DE VIAJES SAN PEDRO (SOLO PEI),BUENOS AIRES,1,5.D,6,"0,000","0,000","0,000","0,000"
8249197,AGENCIA DEL SUR,BUENOS AIRES,1,4.C,4,"1,012","0,000","0,000","0,999"
8249224,AGENCIA DEL SUR SOLANO,BUENOS AIRES,1,5.D,6,"7,835","0,000","0,000","0,000"
12649684,AGENCIA DON FELIPE,CHACO,1,4.C,4,"0,793","0,000","0,000","1,991"
12649450,AGENCIA DON RAMON,CHACO,1,5.D,6,"2,225","0,500","0,000","0,000"
12649639,AGENCIA DON TITTO,CHACO,1,N,2,"0,000","0,000","0,000","0,000"
10249700,AGENCIA DUQUE,SANTA FE,1,4.C,4,"0,465","0,000","0,000","2,781"
12649414,AGENCIA EL 99,CAPITAL FEDERAL,1,1.VIP,2,"2,757","0,000","0,000","3,652"
12649672,AGENCIA EL AGUILA,CORDOBA,1,5.D,6,"0,000","0,000","0,000","0,000"
12649678,AGENCIA EL BUDA,CHACO,1,3.B,4,"0,492","0,000","0,000","11,688"
12649679,AGENCIA EL BUDA II,CHACO,1,1.VIP,2,"1,932","0,000","0,000","3,774"
10249659,AGENCIA EL ENAMORADO DE LA SUERTE 1,BUENOS AIRES,1,2.A,3,"1,761","0,000","0,000","0,000"
10249660,AGENCIA EL ENAMORADO DE LA SUERTE 2,BUENOS AIRES,1,N,2,"2,672","0,000","0,000","0,000"
10249470,AGENCIA EL FORTIN,CAPITAL FEDERAL,1,5.D,6,"0,545","0,000","0,000","2,933"
12649044,AGENCIA EL GALLEGO,CORDOBA,1,1.VIP,2,"3,620","1,000","0,000","5,000"
12649783,AGENCIA EL GALLEGO NVA,CORDOBA,1,N,2,"2,650","-0,395","0,000","0,380"
12649726,AGENCIA EL GATO NEGRO,CORDOBA,1,5.D,6,"-0,132","0,000","0,000","-0,057"
12649279,AGENCIA EL GORDITO,SANTA FE,1,1.VIP,2,"2,792","0,000","0,000","2,000"
12649203,AGENCIA EL NEGRITO,BUENOS AIRES,1,2.A,3,"0,940","0,658","0,000","0,000"
12649676,AGENCIA EL NEGRO,CHACO,1,4.C,4,"0,268","0,000","0,000","2,964"
12649698,AGENCIA EL PAJARITO,CHACO,1,5.D,6,"0,000","0,000","0,000","0,000"
12649576,AGENCIA EL PARAISO,BUENOS AIRES,1,N,2,"2,888","0,000","0,000","0,000"
10249585,AGENCIA EL REY DE LA SUERTE 1,BUENOS AIRES,1,N,2,"3,195","0,000","0,000","0,000"
10249686,AGENCIA EL REY DE LA SUERTE 10,BUENOS AIRES,1,N,2,"3,979","0,000","0,000","0,000"
10249689,AGENCIA EL REY DE LA SUERTE 13,BUENOS AIRES,1,2.A,3,"1,976","0,217","0,000","0,000"
10249690,AGENCIA EL REY DE LA SUERTE 14,BUENOS AIRES,1,N,2,"0,615","0,720","0,000","0,000"
10249693,AGENCIA EL REY DE LA SUERTE 15,BUENOS AIRES,1,N,2,"2,161","0,000","0,000","0,000"
10249729,AGENCIA EL REY DE LA SUERTE 17,BUENOS AIRES,1,2.A,3,"1,522","0,063","0,000","0,000"
10249736,AGENCIA EL REY DE LA SUERTE 18,BUENOS AIRES,1,N,2,"2,112","1,229","0,000","0,000"
10249737,AGENCIA EL REY DE LA SUERTE 19,BUENOS AIRES,1,2.A,3,"1,328","0,000","0,000","0,000"
10249566,AGENCIA EL REY DE LA SUERTE 2,BUENOS AIRES,1,N,2,"5,031","0,758","0,000","0,000"
10249748,AGENCIA EL REY DE LA SUERTE 20,BUENOS AIRES,1,N,2,"1,991","0,000","0,000","0,000"
10249749,AGENCIA EL REY DE LA SUERTE 21,BUENOS AIRES,1,2.A,3,"2,409","0,000","0,000","0,000"
10249805,AGENCIA EL REY DE LA SUERTE 22,BUENOS AIRES,1,N,2,"4,000","0,000","0,000","0,000"
10249567,AGENCIA EL REY DE LA SUERTE 3,BUENOS AIRES,1,N,2,"1,485","1,228","0,000","0,000"
10249568,AGENCIA EL REY DE LA SUERTE 4,BUENOS AIRES,1,2.A,3,"1,857","0,000","0,000","0,000"
10249565,AGENCIA EL REY DE LA SUERTE 5,BUENOS AIRES,1,2.A,3,"5,346","0,000","0,000","0,000"
10249584,AGENCIA EL REY DE LA SUERTE 6,BUENOS AIRES,1,N,2,"2,272","0,396","0,000","0,000"
10249662,AGENCIA EL REY DE LA SUERTE 8,BUENOS AIRES,1,2.A,3,"1,644","0,000","0,000","0,000"
10249586,AGENCIA EL REY DE LA SUERTE CAPITAN,BUENOS AIRES,1,2.A,3,"2,761","0,000","0,000","0,000"
12949354,AGENCIA EL SALVADOR,CAPITAL FEDERAL,1,N,2,"10,218","0,000","0,000","1,000"
10249112,AGENCIA EL TORREON,CAPITAL FEDERAL,1,N,2,"0,000","0,000","0,000","0,000"
12649797,AGENCIA EL TREBOL,CORDOBA,1,N,2,"5,756","-0,054","0,000","3,858"
12649585,AGENCIA EMILIO,CORDOBA,1,4.C,4,"0,690","0,000","0,000","2,000"
10249456,AGENCIA ESQUINA DE LA SUERTE,CAPITAL FEDERAL,1,4.C,4,"0,132","0,000","0,000","3,953"
12649291,AGENCIA EVA PERON,CAPITAL FEDERAL,1,N,2,"0,522","0,472","0,000","0,000"
12649275,AGENCIA FACUNDO,CAPITAL FEDERAL,1,1.VIP,2,"3,611","5,000","0,000","2,190"
12649619,AGENCIA FALCON,CAPITAL FEDERAL,1,5.D,6,"6,775","0,000","0,000","3,000"
12649459,AGENCIA FARAVELLI,CAPITAL FEDERAL,1,3.B,4,"1,513","2,202","0,000","2,000"
12649091,AGENCIA FERRERO,SANTA FE,1,N,2,"0,879","0,000","0,000","0,000"
9149120,AGENCIA FRADE,CAPITAL FEDERAL,1,4.C,4,"4,494","1,990","0,000","1,000"
9749512,AGENCIA GABRIEL,CAPITAL FEDERAL,1,1.VIP,2,"4,354","0,000","0,000","4,000"
6149401,AGENCIA GARATE,CAPITAL FEDERAL,1,1.VIP,2,"9,668","0,000","0,000","20,000"
12649702,AGENCIA GARIN COLECTORA OESTE,BUENOS AIRES,1,5.D,6,"0,712","0,000","0,000","0,000"
12949632,AGENCIA GORRITI,CAPITAL FEDERAL,1,N,2,"0,121","0,000","0,000","-0,048"
12649739,AGENCIA GUEVARA,CORDOBA,1,N,2,"0,842","0,000","0,000","3,644"
12649716,AGENCIA GUTIERREZ,CHACO,1,5.D,6,"-0,148","0,000","0,000","0,000"
12649538,AGENCIA IGLESIAS,CAPITAL FEDERAL,1,3.B,4,"2,955","0,000","0,000","8,000"
6149524,AGENCIA INCLAN,BUENOS AIRES,1,1.VIP,2,"3,451","4,000","0,000","2,834"
12649706,AGENCIA IRIS,MENDOZA,1,4.C,4,"5,818","0,000","0,000","3,090"
10249330,AGENCIA ISIDORO,BUENOS AIRES,1,1.VIP,2,"6,739","1,213","0,000","3,353"
10249661,AGENCIA ISIDORO,BUENOS AIRES,1,N,2,"1,873","0,000","0,000","0,000"
10249719,AGENCIA ITALO,FORMOSA,1,3.B,4,"-0,188","0,000","0,000","2,936"
12749073,AGENCIA JASON,BUENOS AIRES,1,2.A,3,"0,564","0,848","0,000","2,000"
12649028,AGENCIA JIMENEZ,CAPITAL FEDERAL,1,2.A,3,"1,235","1,000","0,000","6,000"
12949644,AGENCIA JM GUTIERREZ,CAPITAL FEDERAL,1,5.D,6,"8,330","0,000","0,000","2,334"
12649146,AGENCIA JUGATE CONMIGO 2,BUENOS AIRES,1,N,2,"0,000","0,000","0,000","0,000"
12949774,AGENCIA KUASTH,CAPITAL FEDERAL,1,N,2,"0,000","0,000","0,000","0,000"
12649675,AGENCIA LA 108,CHACO,1,4.C,4,"0,836","0,000","0,000","2,000"
12649567,AGENCIA LA 148,CORDOBA,1,4.C,4,"1,473","0,000","0,000","1,791"
12649418,AGENCIA LA 172,CAPITAL FEDERAL,1,3.B,4,"1,366","-0,542","0,000","1,835"
12749237,AGENCIA LA COMARCA I,CHUBUT,1,1.VIP,2,"6,757","0,000","0,000","5,921"
12749238,AGENCIA LA COMARCA II,CHUBUT,1,5.D,6,"4,256","0,422","0,000","0,989"
12749239,AGENCIA LA COMARCA III,RIO NEGRO,1,2.A,3,"15,973","0,500","0,000","81,644"
12649791,AGENCIA LA CORTADA,CHACO,1,5.D,6,"-0,002","0,000","0,000","0,000"
12649642,AGENCIA LA COTY,CHACO,1,4.C,4,"0,037","0,000","0,000","4,000"
10249970,AGENCIA LA ESQUINA DE LA FORTUNA,MISIONES,1,1.VIP,2,"2,698","0,393","0,000","3,000"
12649086,AGENCIA LA FORTUNA SM,BUENOS AIRES,1,N,2,"1,680","0,000","0,000","0,000"
10249653,AGENCIA LA GRAN 7,BUENOS AIRES,1,N,2,"0,737","0,629","0,000","0,000"
12649680,AGENCIA LA JUANA,CHACO,1,5.D,6,"1,785","0,000","0,000","1,996"
12649233,AGENCIA LA LECHUZA,CHACO,1,3.B,4,"0,000","0,000","0,000","3,000"
12649341,AGENCIA LA LECHUZA 2,SANTA FE,1,2.A,3,"1,604","0,500","0,000","6,000"
12649514,AGENCIA LA NUEVA SUERTE,CAPITAL FEDERAL,1,1.VIP,2,"3,091","3,769","0,000","2,000"
12649677,AGENCIA LA PAGADORA,CHACO,1,5.D,6,"-0,058","0,000","0,000","-0,029"
12649694,AGENCIA LA PERLITA,CHACO,1,5.D,6,"-0,153","0,000","0,000","-0,097"
12649164,AGENCIA LA PLAZA,SANTA FE,1,2.A,3,"2,841","1,876","0,000","0,000"
10249399,AGENCIA LA QUINIELA,CAPITAL FEDERAL,1,1.VIP,2,"4,605","2,062","0,000","3,302"
12749421,AGENCIA LA ROTONDA,MISIONES,1,4.C,4,"-0,068","0,000","0,000","-0,023"
10249649,AGENCIA LA RULA,CAPITAL FEDERAL,1,3.B,4,"4,418","0,000","0,000","6,000"
12649769,AGENCIA LA SUERTE,CORDOBA,1,5.D,6,"-0,093","0,000","0,000","-0,050"
10249849,AGENCIA LA SUERTUDA,BUENOS AIRES,1,N,2,"1,454","0,000","0,000","0,000"
12649215,AGENCIA LA SUERTUDA,CORDOBA,1,4.C,4,"1,740","0,000","0,000","2,928"
12649697,AGENCIA LA SUSI 2,CHACO,1,5.D,6,"-0,039","0,000","0,000","0,000"
12649696,AGENCIA LA SUSY,CHACO,1,3.B,4,"-0,497","0,000","0,000","0,897"
10249735,AGENCIA LA TABA,CAPITAL FEDERAL,1,1.VIP,2,"3,934","3,293","0,000","9,000"
12649085,AGENCIA LA TABA 2,CAPITAL FEDERAL,1,4.C,4,"1,779","0,000","0,000","0,000"
12649176,AGENCIA LA VICTORIA,TUCUMAN,1,4.C,4,"1,879","0,000","0,000","1,000"
12649750,AGENCIA LABORDE HOGAR,CORDOBA,1,5.D,6,"5,259","0,000","0,000","4,000"
12949432,AGENCIA LAPRIDA,CAPITAL FEDERAL,1,4.C,4,"-0,342","0,000","0,000","0,908"
7049675,AGENCIA LAS GURISAS,CORRIENTES,1,3.B,4,"1,118","0,000","0,000","1,382"
12649674,AGENCIA LAS HERRERAS,CAPITAL FEDERAL,1,5.D,6,"-0,007","0,000","0,000","0,000"
12649773,AGENCIA LAVALLE,CAPITAL FEDERAL,1,N,2,"1,557","-0,687","0,000","1,725"
10249083,AGENCIA LEANDRO,BUENOS AIRES,1,1.VIP,2,"3,599","0,000","0,000","6,151"
11949845,AGENCIA LO DE TUTA,CAPITAL FEDERAL,1,N,2,"0,000","0,000","0,000","0,000"
10249783,AGENCIA LOMA HERMOSA,BUENOS AIRES,1,3.B,4,"3,442","0,000","0,000","3,000"
10249128,AGENCIA LOS CABALEROS,CAPITAL FEDERAL,1,5.D,6,"3,682","0,000","0,000","1,000"
12649092,AGENCIA LOS HERMANOS,CORDOBA,1,4.C,4,"1,714","0,000","0,000","2,733"
12649224,AGENCIA LOTERIA 255,TIERRA DEL FUEGO,1,N,2,"1,876","2,432","0,000","4,000"
12649492,AGENCIA LOTERIA CHAYO,SAN LUIS,1,2.A,3,"11,575","0,000","0,000","8,000"
12649727,AGENCIA LOTERIA Y QUINIELAS N 222,MISIONES,1,5.D,6,"1,207","0,000","0,000","0,945"
12649725,AGENCIA LOTERIA Y QUINIELAS N 244,MISIONES,1,5.D,6,"-0,100","0,000","0,000","-0,010"
10249988,AGENCIA LOTERIAS CAMPO GRANDE,MISIONES,1,2.A,3,"1,345","0,164","0,000","1,932"
12649504,AGENCIA LT MAIPU II,BUENOS AIRES,1,N,2,"2,093","2,036","0,000","0,000"
12649292,AGENCIA LUCY,TUCUMAN,1,2.A,3,"6,354","0,480","0,000","6,000"
12649741,AGENCIA LUIS,SANTA FE,1,5.D,6,"1,220","0,000","0,000","5,873"
12649260,AGENCIA LUIS OJEDA,CHACO,1,4.C,4,"0,190","0,000","0,000","0,000"
12949053,AGENCIA MACIA PAGOS II,CAPITAL FEDERAL,1,2.A,3,"3,663","3,446","0,000","0,000"
12949671,AGENCIA MAGALLANES,CAPITAL FEDERAL,1,N,2,"-0,021","-0,110","0,000","0,000"
12949413,AGENCIA MALABIA,CAPITAL FEDERAL,1,N,2,"0,000","0,000","0,000","0,000"
12649536,AGENCIA MALEVA,SANTA FE,1,N,2,"1,016","0,000","0,000","0,000"
12649591,AGENCIA MARI,SANTA FE,1,4.C,4,"1,412","0,000","0,000","0,000"
10249813,AGENCIA MAZZA,MENDOZA,1,2.A,3,"5,907","0,000","0,000","4,628"
12649600,AGENCIA MEDRANO,CAPITAL FEDERAL,1,N,2,"0,000","0,000","0,000","0,000"
12649552,AGENCIA MENDEZ 276,CHACO,1,3.B,4,"-0,213","0,000","0,000","0,891"
10249870,AGENCIA MITRE,BUENOS AIRES,1,3.B,4,"2,236","0,902","0,000","3,000"
11949962,AGENCIA MOLDES III,CAPITAL FEDERAL,1,1.VIP,2,"2,900","4,522","0,000","0,392"
12949772,AGENCIA MONTIEL,CAPITAL FEDERAL,1,N,2,"-0,041","-0,172","0,000","-0,007"
12649231,AGENCIA MYRIAM,CAPITAL FEDERAL,1,2.A,3,"3,409","1,000","0,000","2,972"
10249829,AGENCIA NAZARRE,BUENOS AIRES,1,N,2,"1,662","0,386","0,000","0,000"
12949260,AGENCIA NAZCA,CAPITAL FEDERAL,1,2.A,3,"3,835","0,000","0,000","0,000"
12749115,AGENCIA NB,CAPITAL FEDERAL,1,N,2,"1,973","1,278","0,000","0,000"
12949051,AGENCIA NICETO,CAPITAL FEDERAL,1,1.VIP,2,"1,550","8,020","0,000","2,000"
12649392,AGENCIA NOA 549,CHACO,1,N,2,"0,941","0,000","0,000","0,000"
12649656,AGENCIA Nro 731 SAN EXPEDITO,CHACO,1,4.C,4,"0,220","0,000","0,000","-0,003"
8749364,AGENCIA NUEVA GURRUCHAGA,CAPITAL FEDERAL,1,N,2,"0,000","7,568","0,000","0,000"
9149101,AGENCIA NUEVA PADILLA,CAPITAL FEDERAL,1,N,2,"0,000","7,709","0,000","0,000"
10249814,AGENCIA NUEVA PILOS 2,BUENOS AIRES,1,2.A,3,"0,475","0,000","0,000","0,000"
12649243,AGENCIA OFICIAL,SANTIAGO DEL ESTERO,1,2.A,3,"1,378","1,708","0,000","2,782"
12649065,AGENCIA OFICIAL DE LOTERIA 429,MISIONES,1,1.VIP,2,"3,305","1,000","0,000","3,000"
12649195,AGENCIA OFICIAL DE LOTERIA NRO 52,SANTA CRUZ,1,5.D,6,"0,000","0,000","0,000","0,000"
12649640,AGENCIA OFICIAL DE QUINIELAS 209,MISIONES,1,1.VIP,2,"5,439","0,000","0,000","1,000"
12649350,AGENCIA OFICIAL DE QUINIELAS N 337,MISIONES,1,4.C,4,"2,757","0,164","0,000","1,000"
12649735,AGENCIA OFICIAL DE QUINIELAS N300,MISIONES,1,5.D,6,"-0,143","0,000","0,000","-0,029"
10249203,AGENCIA OFICIAL NUMERO 683,ENTRE RIOS,1,1.VIP,2,"14,712","0,000","0,000","46,226"
10249930,AGENCIA PAGO AL TOQUE 3,BUENOS AIRES,1,3.B,4,"1,387","0,882","0,000","2,000"
10249816,AGENCIA PARANA,BUENOS AIRES,1,4.C,4,"0,352","0,365","0,000","7,000"
8249172,AGENCIA PASAJES LA TERMINAL,SAN LUIS,1,4.C,4,"1,747","0,478","0,000","2,000"
11949802,AGENCIA PASCO,CAPITAL FEDERAL,1,3.B,4,"1,339","0,000","0,000","6,000"
12649624,AGENCIA PATO,ENTRE RIOS,1,3.B,4,"-0,593","0,000","0,000","2,582"
12649574,AGENCIA PEKE,CAPITAL FEDERAL,1,N,2,"0,000","0,000","0,000","0,000"
12649740,AGENCIA PEREZ,CAPITAL FEDERAL,1,5.D,6,"0,944","0,000","0,000","0,891"
8249096,AGENCIA PERGAMINO,BUENOS AIRES,1,1.VIP,2,"5,301","2,522","0,000","19,933"
10249782,AGENCIA PERON 2,BUENOS AIRES,1,4.C,4,"2,818","0,948","0,000","8,733"
12649609,AGENCIA PEZUK,MISIONES,1,4.C,4,"0,000","0,000","0,000","0,000"
12649533,AGENCIA PIEDRABUENA,CHUBUT,1,N,2,"0,000","0,000","0,000","0,000"
10349498,AGENCIA PINZON,CAPITAL FEDERAL,1,N,2,"0,714","-0,852","0,000","1,712"
8749363,AGENCIA PLAZA ITALIA,CAPITAL FEDERAL,1,5.D,6,"1,797","0,000","0,000","4,973"
12649072,AGENCIA POZO,CORRIENTES,1,5.D,6,"-0,064","0,000","0,000","0,906"
12949499,AGENCIA PUEYRREDON,CAPITAL FEDERAL,1,3.B,4,"5,980","0,000","0,000","2,000"
12649062,AGENCIA PULULINA II,CORRIENTES,1,4.C,4,"0,000","0,498","0,000","4,000"
12649210,AGENCIA QUINIELA 129 NORBERTO PETTO,LA PAMPA,1,N,2,"0,062","0,000","0,000","1,000"
10249369,AGENCIA QUINIELA ALADINO,CORDOBA,1,1.VIP,2,"3,373","0,960","0,000","3,022"
12649630,AGENCIA QUINIELA ANDACOLLO 418,NEUQUEN,1,4.C,4,"-0,241","0,000","0,000","1,837"
10249494,AGENCIA QUINIELA MORENA,CORDOBA,1,2.A,3,"2,961","-0,057","0,000","2,519"
11949777,AGENCIA RAMON L. FALCON,CAPITAL FEDERAL,1,N,2,"0,000","0,834","0,000","0,000"
9949013,AGENCIA RECOLETA,CAPITAL FEDERAL,1,1.VIP,2,"4,212","5,712","0,000","0,000"
12949663,AGENCIA REKCHEK,CAPITAL FEDERAL,1,5.D,6,"4,793","0,000","0,000","2,000"
12649016,AGENCIA REY CALLAO,BUENOS AIRES,1,N,2,"3,106","0,436","0,000","0,000"
10249864,AGENCIA REY DEL VISO,BUENOS AIRES,1,N,2,"1,736","0,000","0,000","0,000"
10249866,AGENCIA REY DERQUI,BUENOS AIRES,1,N,2,"2,242","0,222","0,000","0,000"
10249865,AGENCIA REY PILAR,BUENOS AIRES,1,N,2,"0,796","0,000","0,000","0,000"
12649015,AGENCIA REY SAN MIGUEL,BUENOS AIRES,1,N,2,"1,425","0,000","0,000","0,000"
12649030,AGENCIA REY SUAREZ 2,BUENOS AIRES,1,2.A,3,"0,000","0,000","0,000","0,000"
12649637,AGENCIA RINCON,BUENOS AIRES,1,1.VIP,2,"9,615","0,000","0,000","6,000"
6949102,AGENCIA RINCON,BUENOS AIRES,1,N,2,"0,000","0,000","0,000","0,000"
10249727,AGENCIA ROLON,BUENOS AIRES,1,4.C,4,"1,997","1,486","0,000","0,000"
12649658,AGENCIA ROMEO,SANTA FE,1,1.VIP,2,"6,762","0,000","0,000","11,324"
12649181,AGENCIA ROMEO,SANTA FE,1,N,2,"1,037","0,000","0,000","0,000"
12649216,AGENCIA ROMERO,SANTA FE,1,N,2,"1,124","1,730","0,000","0,000"
12649449,AGENCIA SALTA LA BLANCA,CHACO,1,N,2,"0,118","0,000","0,000","0,000"
12649347,AGENCIA SAN AGUSTIN,SAN LUIS,1,5.D,6,"1,729","0,000","0,000","-0,027"
12649765,AGENCIA SAN ANTONIO,CHACO,1,N,2,"-0,025","0,000","0,000","-0,003"
10249966,AGENCIA SAN CONO,ENTRE RIOS,1,2.A,3,"2,413","0,000","0,000","0,000"
12649738,AGENCIA SAN FRANCISCO,MENDOZA,1,5.D,6,"3,197","0,000","0,000","6,366"
11949843,AGENCIA SAN JORGE DEVOTO 2,CAPITAL FEDERAL,1,2.A,3,"7,474","0,000","0,000","3,000"
10249630,AGENCIA SAN JOSE,CAPITAL FEDERAL,1,N,2,"1,655","0,000","0,000","0,000"
12649067,AGENCIA SAN MARTIN,BUENOS AIRES,1,4.C,4,"2,758","0,716","0,000","3,719"
12949332,AGENCIA SAN TELMO,CAPITAL FEDERAL,1,1.VIP,2,"5,824","0,000","0,000","2,000"
12949630,AGENCIA SANTA FE,CAPITAL FEDERAL,1,N,2,"2,861","0,000","0,000","1,173"
10249815,AGENCIA SANTOS VEGA,BUENOS AIRES,1,2.A,3,"3,788","0,000","0,000","1,513"
12949064,AGENCIA SCALABRINI,CAPITAL FEDERAL,1,N,2,"5,000","0,000","0,000","3,000"
12949631,AGENCIA SCALABRINI ORTIZ,CAPITAL FEDERAL,1,N,2,"1,066","0,000","0,000","1,746"
12749175,AGENCIA SEGUROS ARIAS,SAN LUIS,1,5.D,6,"0,305","0,018","0,000","0,000"
12949390,AGENCIA SERRANO,CAPITAL FEDERAL,1,1.VIP,2,"17,990","0,000","0,000","7,000"
12649532,AGENCIA SOLANAS,CHUBUT,1,N,2,"5,551","0,000","0,000","0,000"
12649041,AGENCIA SOULAGES,CHUBUT,1,4.C,4,"1,896","0,000","0,000","2,594"
10249898,AGENCIA SUAREZ,BUENOS AIRES,1,4.C,4,"1,635","0,000","0,000","2,000"
12749170,AGENCIA SUAREZ,BUENOS AIRES,1,N,2,"3,810","0,500","0,000","0,000"
8149863,AGENCIA TESSIO FLORIDA,CAPITAL FEDERAL,1,N,2,"0,000","0,000","0,000","0,000"
8149520,AGENCIA TESSIO II,BUENOS AIRES,1,N,2,"0,000","0,000","0,000","0,000"
7149057,AGENCIA TESSIO SP,BUENOS AIRES,1,N,2,"0,000","0,000","0,000","0,000"
12649159,AGENCIA TIA LOLA,CORDOBA,1,1.VIP,2,"5,006","1,054","0,000","4,692"
12649038,AGENCIA TIGRE,BUENOS AIRES,1,N,2,"2,451","2,800","0,000","1,000"
12649779,AGENCIA TIMBEROS,CAPITAL FEDERAL,1,N,2,"2,574","-1,596","0,000","2,191"
12649366,AGENCIA TITO 2,CHACO,1,4.C,4,"0,410","0,500","0,000","-0,008"
12649367,AGENCIA TITO 3,CHACO,1,3.B,4,"1,488","0,500","0,000","3,918"
12649368,AGENCIA TITO 5,CHACO,1,2.A,3,"0,089","0,410","0,000","1,920"
12649462,AGENCIA TONI,SANTA FE,1,N,2,"0,554","0,490","0,000","1,000"
8749178,AGENCIA TORTUGAS,BUENOS AIRES,1,N,2,"0,000","0,910","0,000","0,000"
10249827,AGENCIA TOTUGUITAS,BUENOS AIRES,1,N,2,"2,956","1,918","0,000","0,000"
10249338,AGENCIA TOTUS TUS,BUENOS AIRES,1,2.A,3,"3,855","0,000","0,000","2,088"
12649284,AGENCIA TUS SUENOS,SANTA FE,1,3.B,4,"2,607","0,898","0,000","18,000"
12649692,AGENCIA URIEL,CORDOBA,1,4.C,4,"3,469","0,000","0,000","7,000"
10249579,AGENCIA VALENZUELA,SANTA FE,1,4.C,4,"-0,031","-0,010","0,000","3,000"
8249103,AGENCIA VALERIA,BUENOS AIRES,1,5.D,6,"2,602","0,000","0,000","1,000"
10249872,AGENCIA VIA NORTE 10,BUENOS AIRES,1,2.A,3,"2,316","-0,128","0,000","7,512"
10249708,AGENCIA VIA NORTE 3,BUENOS AIRES,1,2.A,3,"4,214","0,000","0,000","3,000"
10249709,AGENCIA VIA NORTE 4,BUENOS AIRES,1,2.A,3,"2,760","0,795","0,000","1,513"
10249710,AGENCIA VIA NORTE 5,BUENOS AIRES,1,1.VIP,2,"3,021","0,715","0,000","3,783"
10249711,AGENCIA VIA NORTE 6,BUENOS AIRES,1,1.VIP,2,"3,195","1,241","0,000","2,902"
10249712,AGENCIA VIA NORTE 7,BUENOS AIRES,1,1.VIP,2,"5,680","1,000","0,000","3,222"
10249713,AGENCIA VIA NORTE 8,BUENOS AIRES,1,1.VIP,2,"4,337","-0,110","0,000","3,300"
10249714,AGENCIA VIA NORTE 9,BUENOS AIRES,1,2.A,3,"2,812","0,000","0,000","2,255"
12649047,AGENCIA VIA NORTE JOSE INGENIEROS,BUENOS AIRES,1,1.VIP,2,"3,426","0,652","0,000","2,080"
8049406,AGENCIA VIDT,CAPITAL FEDERAL,1,N,2,"0,639","0,000","0,000","0,000"
12649598,AGENCIA VIEYTES ENCINAS,CAPITAL FEDERAL,1,N,2,"3,678","0,000","0,000","0,000"
10249728,AGENCIA YRIGOYEN,BUENOS AIRES,1,4.C,4,"1,821","0,762","0,000","6,000"
10349149,AGENCIA ZOPPI,BUENOS AIRES,1,N,2,"0,437","0,000","0,000","0,000"
9749629,AGENCIA-KIOSCO,MISIONES,1,3.B,4,"-0,280","0,500","0,000","2,846"
12649356,AGENCIAS MORALES SUC 12 DE JULIO,NEUQUEN,1,N,2,"3,136","0,492","0,000","0,000"
12649354,AGENCIAS MORALES SUCURSAL AV ROCA,NEUQUEN,1,N,2,"2,140","0,480","0,000","0,000"
12649355,AGENCIAS MORALES SUCURSAL CHANETON,NEUQUEN,1,N,2,"3,080","0,484","0,000","0,000"
5349499,AGHEMO SUPERMERCADO,CORDOBA,1,4.C,4,"-0,048","0,500","0,000","-0,164"
8159256,AGL ANGELINI SEGUROS,SANTA FE,1,N,2,"4,510","0,000","0,000","0,000"
8159670,AGL ATM SEGUROS SOLOMOTO,BUENOS AIRES,1,N,2,"0,351","0,000","0,000","0,000"
8159539,AGL BLANCO GROUP,BUENOS AIRES,1,N,2,"1,939","0,000","0,000","0,000"
8159547,AGL CENTRO SEGUROS TRONCOS,BUENOS AIRES,1,N,2,"0,760","0,000","0,000","0,000"
8159292,AGL COSEANI SEGUROS,CORDOBA,1,N,2,"0,000","0,000","0,000","0,000"
9759152,AGL ESTABLECIMIENTO OLIMA,TUCUMAN,1,N,2,"0,630","0,000","0,000","0,000"
7959019,AGL HELADERIA LA FAMILIA,RIO NEGRO,1,N,2,"0,000","0,000","0,000","0,000"
8159002,AGL IMG ADMINISTRADORA DE RIESGO,BUENOS AIRES,1,N,2,"0,000","0,000","0,000","0,000"
7059023,AGL MAXIKIOSKO ZARPADO EN RICO,BUENOS AIRES,1,N,2,"3,870","1,160","0,000","0,000"
8159411,AGL MGM,BUENOS AIRES,1,N,2,"2,849","0,000","0,000","0,000"
11959125,AGL MINIMERCADO MAR- FER,CORDOBA,1,N,2,"0,000","0,000","0,000","0,000"
8159478,AGL MONICA LUCERO SEGUROS,SAN LUIS,1,N,2,"0,082","0,000","0,000","0,000"
8159007,AGL OLAGUIBE ASESORES DE SEGUROS,SANTA FE,1,N,2,"0,992","0,000","0,000","0,000"
8159325,AGL ORGANIZACION AJR PILAR,BUENOS AIRES,1,N,2,"1,000","0,000","0,000","0,000"
8159323,AGL ORGANIZACION AJR SAAVEDRA,CAPITAL FEDERAL,1,N,2,"1,955","0,000","0,000","0,000"
8159324,AGL ORGANIZACION AJR TORTUGUITAS,BUENOS AIRES,1,N,2,"0,000","0,000","0,000","0,000"
8159648,AGL ORGANIZACION FUSSI TRISTAN SUAREZ,BUENOS AIRES,1,N,2,"0,000","0,000","0,000","0,000"
8159645,AGL ORGANIZACION KOSSACOFF,BUENOS AIRES,1,N,2,"0,000","0,000","0,000","0,000"
8159398,AGL ORGANIZACION MERCEDES SEGUROS,SAN LUIS,1,N,2,"0,000","0,000","0,000","0,000"
7059035,AGL PROVEEDURIA EL PASO- LIGHT,LA PAMPA,1,N,2,"0,417","0,000","0,000","0,000"
8759059,AGL SEGUROS,BUENOS AIRES,1,N,2,"1,118","0,000","0,000","0,000"
8159307,AGL SEGUROS 2 ESTUDIO HEITRICH,CHACO,1,N,2,"1,151","0,000","0,000","0,000"
10359066,AGL SEGUROS A OROSCO,CORDOBA,1,N,2,"0,747","0,000","0,000","0,000"
8159304,AGL SEGUROS AGENCIA 4842 LA SEGUNDA,CORDOBA,1,N,2,"0,258","0,000","0,000","0,000"
8159629,AGL SEGUROS AGONESE,SANTA FE,1,N,2,"0,000","0,000","0,000","0,000"
8159393,AGL SEGUROS ALONSO,BUENOS AIRES,1,N,2,"1,795","0,000","0,000","0,000"
8159620,AGL SEGUROS AM PRODUCTOR ASESOR DE,CHUBUT,1,N,2,"0,000","0,000","0,000","0,000"
8159363,AGL SEGUROS ANSELMINO ENZO,CHUBUT,1,N,2,"1,096","0,000","0,000","0,000"
8159431,AGL SEGUROS ANTEGIOVANNI,SANTA FE,1,N,2,"0,818","0,000","0,000","0,000"
8159640,AGL SEGUROS ARG BROKER NECOCHEA,BUENOS AIRES,1,N,2,"0,108","0,000","0,000","0,000"
8159335,AGL SEGUROS AYALA,BUENOS AIRES,1,N,2,"0,000","0,000","0,000","0,000"
8159504,AGL SEGUROS BELUARDI,BUENOS AIRES,1,N,2,"0,000","0,000","0,000","0,000"
8159428,AGL SEGUROS BOGLIONE,CORDOBA,1,N,2,"0,725","0,000","0,000","0,000"
8159636,AGL SEGUROS BONALUMI ADOLFO,CORDOBA,1,N,2,"0,870","0,000","0,000","0,000"
8159474,AGL SEGUROS BORRAS BEATRIZ,CHUBUT,1,N,2,"0,217","0,000","0,000","0,000"
8159637,AGL SEGUROS BROKER DEL PUERTO,BUENOS AIRES,1,N,2,"3,247","0,000","0,000","0,000"
10359074,AGL SEGUROS CABALIN Y ASOCIADOS,BUENOS AIRES,1,N,2,"0,000","0,000","0,000","0,000"
8159486,AGL SEGUROS CALANI & ASOCIADOS,SALTA,1,N,2,"3,709","0,000","0,000","0,000"
8159696,AGL SEGUROS CALDERON,BUENOS AIRES,1,N,2,"0,981","0,000","0,000","0,000"
8159652,AGL SEGUROS CALOIA PRODUCTORA DE SEGUROS,BUENOS AIRES,1,N,2,"0,000","0,000","0,000","0,000"
8159558,AGL SEGUROS CAMPORA MARIA FERNANDA,SANTA FE,1,N,2,"0,928","0,000","0,000","0,000"
8159268,AGL SEGUROS CAPPELLO ALEJANDRO,SANTA FE,1,N,2,"0,461","0,000","0,000","0,000"
8159687,AGL SEGUROS CHENTONZE,BUENOS AIRES,1,N,2,"0,000","0,000","0,000","0,000"
8159673,AGL SEGUROS CHICAHUALA YAMILA,TIERRA DEL FUEGO,1,N,2,"0,000","0,000","0,000","0,000"
8159621,AGL SEGUROS CID,BUENOS AIRES,1,N,2,"0,000","0,000","0,000","0,000"
8159425,AGL SEGUROS COCCONI,CORDOBA,1,N,2,"0,000","0,000","0,000","0,000"
8159582,AGL SEGUROS COLMEGNA FOSCA,SANTA FE,1,N,2,"0,164","0,000","0,000","0,000"
8159319,AGL SEGUROS CONSTANTINO,CHACO,1,N,2,"0,953","0,000","0,000","0,000"
8159442,AGL SEGUROS CUATTRIN,SANTA FE,1,N,2,"0,000","0,000","0,000","0,000"
8159568,AGL SEGUROS DEL GRANDE,SANTA FE,1,N,2,"0,422","0,000","0,000","0,000"
8159583,AGL SEGUROS DRUETTA,CORDOBA,1,N,2,"0,474","0,000","0,000","0,000"
8159277,AGL SEGUROS ENRIQUE MAZO MARINA,CHACO,1,N,2,"0,934","0,000","0,000","0,000"
8159258,AGL SEGUROS ERRAMUSPE ENRIQUE,ENTRE RIOS,1,N,2,"0,793","0,000","0,000","0,000"
8159275,AGL SEGUROS ESTUDIO HEITRICH,CHACO,1,N,2,"0,843","0,000","0,000","0,000"
8159492,AGL SEGUROS FALCON,CHACO,1,N,2,"0,000","0,000","0,000","0,000"
8159570,AGL SEGUROS FRANQUELLI PABLO,SANTA FE,1,N,2,"0,362","0,000","0,000","0,000"
8159541,AGL SEGUROS GALANTE,BUENOS AIRES,1,N,2,"0,904","0,000","0,000","0,000"
8159475,AGL SEGUROS GALLO,BUENOS AIRES,1,N,2,"0,000","0,000","0,000","0,000"
8159457,AGL SEGUROS GARBARI,BUENOS AIRES,1,N,2,"0,000","0,000","0,000","0,000"
8159301,AGL SEGUROS GIORZA ADRIAN,SANTA FE,1,N,2,"0,000","0,000","0,000","0,000"
8159279,AGL SEGUROS GOTTSCHALK 1,MISIONES,1,N,2,"0,127","0,000","0,000","0,000"
8159280,AGL SEGUROS GOTTSCHALK 2,MISIONES,1,N,2,"0,355","0,000","0,000","0,000"
8159316,AGL SEGUROS GUALTIERI FABIANA,SANTA FE,1,N,2,"0,000","0,000","0,000","0,000"
8159669,AGL SEGUROS GUERRA,BUENOS AIRES,1,N,2,"0,000","0,000","0,000","0,000"
8159666,AGL SEGUROS HIPOLITO,SANTA FE,1,N,2,"0,000","0,000","0,000","0,000"
8159351,AGL SEGUROS LIGTH GRUPO FIDUS,NEUQUEN,1,N,2,"0,745","0,000","0,000","0,000"
8159552,AGL SEGUROS LISSANDRELLO NICOLAS,MENDOZA,1,N,2,"3,102","0,000","0,000","0,000"
8159610,AGL SEGUROS MANZOTTI,CAPITAL FEDERAL,1,N,2,"2,899","0,000","0,000","0,000"
8159565,AGL SEGUROS MARCOS ESTEBAN LUIS,CHUBUT,1,N,2,"0,000","0,000","0,000","0,000"
8159378,AGL SEGUROS MAZZAROLI,CHACO,1,N,2,"0,490","0,000","0,000","0,000"
8159262,AGL SEGUROS MINONES Y ASOC.,ENTRE RIOS,1,N,2,"0,719","0,000","0,000","0,000"
8159606,AGL SEGUROS NARIO,BUENOS AIRES,1,N,2,"0,977","0,000","0,000","0,000"
10359090,AGL SEGUROS ORGANIZACION FERRERAS,BUENOS AIRES,1,N,2,"0,000","0,000","0,000","0,000"
8159288,AGL SEGUROS ORGANIZACION FIGUERES,CORDOBA,1,N,2,"0,576","0,000","0,000","0,000"
8159545,AGL SEGUROS PIACENTINI,CORDOBA,1,N,2,"5,116","0,000","0,000","0,000"
8159551,AGL SEGUROS PIETRACCI ROBERTO,SANTA FE,1,N,2,"3,820","0,000","0,000","0,000"
8159686,AGL SEGUROS PONCE,BUENOS AIRES,1,N,2,"0,592","0,000","0,000","0,000"
8159444,AGL SEGUROS PORRATO,BUENOS AIRES,1,N,2,"0,000","0,000","0,000","0,000"
8159297,AGL SEGUROS PS,FORMOSA,1,N,2,"0,584","0,000","0,000","0,000"
8159460,AGL SEGUROS RODRIGUEZ MIGUEL DAVID,ENTRE RIOS,1,N,2,"0,000","0,000","0,000","0,000"
8159446,AGL SEGUROS ROMAGNOLI,SANTA FE,1,N,2,"0,701","0,000","0,000","0,000"
8159519,AGL SEGUROS ROMAN,BUENOS AIRES,1,N,2,"0,000","0,000","0,000","0,000"
9259008,AGL SEGUROS ROY MOTOS,BUENOS AIRES,1,N,2,"0,000","0,000","0,000","0,000"
8159427,AGL SEGUROS RYR ABRATTE BALNEARIA,CORDOBA,1,N,2,"1,703","0,000","0,000","0,000"
8159426,AGL SEGUROS RYR ABRATTE MARULL,CORDOBA,1,N,2,"0,455","0,000","0,000","0,000"
8159507,AGL SEGUROS SAENZ MARIA MARTA,ENTRE RIOS,1,N,2,"1,790","0,000","0,000","0,000"
8159374,AGL SEGUROS SAIZ MARCELO ABELARDO,LA PAMPA,1,N,2,"1,477","0,000","0,000","0,000"
10359079,AGL SEGUROS SAVIO,BUENOS AIRES,1,N,2,"0,000","0,000","0,000","0,000"
8159329,AGL SEGUROS SEGURE,CORDOBA,1,N,2,"0,000","0,000","0,000","0,000"
8159596,AGL SEGUROS SIMON,BUENOS AIRES,1,N,2,"0,619","0,000","0,000","0,000"
10359087,AGL SEGUROS SIRI,BUENOS AIRES,1,N,2,"0,586","0,000","0,000","0,000"
8159381,AGL SEGUROS STANGAFERRO,CHACO,1,N,2,"0,746","0,000","0,000","0,000"
8159626,AGL SEGUROS TODO RIESGO,CORDOBA,1,N,2,"0,785","0,000","0,000","0,000"
8159564,AGL SEGUROS TRIUNFO CIPOLLETTI,RIO NEGRO,1,N,2,"0,000","0,000","0,000","0,000"
8159376,AGL SEGUROS VERGILLI,CORDOBA,1,N,2,"0,836","0,000","0,000","0,000"
8159698,AGL SEGUROS VICTORIA,BUENOS AIRES,1,N,2,"4,957","0,000","0,000","0,000"
8159005,AGL SIERRA CONSULTORES,BUENOS AIRES,1,N,2,"1,915","0,000","0,000","0,000"
9749434,AGRO CHATARRA,ENTRE RIOS,1,4.C,4,"-0,136","0,000","0,000","0,965"
8449014,AGRO PURO CAMPO,MISIONES,1,N,2,"-0,016","0,000","0,000","0,000"
10949041,AGROINSUMO YAS-MIL,FORMOSA,1,4.C,4,"1,798","-0,026","0,000","0,000"
10949028,AGROMOLL Y MAXIMOLL VETERINARIA Y,BUENOS AIRES,1,5.D,6,"-0,034","0,000","0,000","0,954"
10949022,AGROVETERINARIA DON MARIO,CORRIENTES,1,1.VIP,2,"5,019","0,000","0,000","3,754"
10949036,AGROVETERINARIA DON PAULO,CORDOBA,1,N,2,"3,568","0,000","0,000","0,000"
10949077,AGROVETERINARIA EL AMIGO,CORDOBA,1,5.D,6,"0,000","0,000","0,000","0,000"
7849051,AGUAD FACUNDO,CORDOBA,1,4.C,4,"-0,424","0,000","0,000","0,000"
13049721,AGUAS LEBEN,CHUBUT,1,5.D,6,"-0,287","0,000","0,000","-0,228"
12849827,AGUS 2 II,BUENOS AIRES,1,2.A,3,"3,558","2,216","0,000","0,000"
9749753,AHICITO,JUJUY,1,4.C,4,"0,181","0,000","0,000","5,935"
6749175,AHMED,TUCUMAN,1,5.D,6,"1,669","0,000","0,000","0,936"
12949249,AILANA,BUENOS AIRES,1,2.A,3,"4,068","0,396","0,000","0,000"
6349471,AILIN CELULARES,MENDOZA,1,4.C,4,"3,153","0,804","0,000","2,707"
13049194,AJA DRUSGTORE,CORDOBA,1,5.D,6,"0,000","0,000","0,000","0,000"
7249103,AJF DISTRIBUIDORA,CORDOBA,1,1.VIP,2,"1,984","0,000","0,000","2,001"
12449915,AL KIOSCO PAGOS,CAPITAL FEDERAL,1,1.VIP,2,"2,109","7,572","0,000","2,793"
12949303,AL KIOSCO PAGOS II,CAPITAL FEDERAL,1,3.B,4,"0,000","0,000","0,000","0,000"
12949485,AL KIOSCO PAGOS III,CAPITAL FEDERAL,1,2.A,3,"1,241","0,000","0,000","2,000"
12949669,AL KIOSCO PAGOS IV,CAPITAL FEDERAL,1,4.C,4,"6,490","0,000","0,000","2,000"
8649086,AL PAN PAN,CORDOBA,1,3.B,4,"0,194","-0,065","0,000","4,534"
13049836,AL PASO,BUENOS AIRES,1,N,2,"5,995","-0,010","0,000","4,000"
13049109,AL PASO,CORDOBA,1,5.D,6,"5,651","0,000","0,000","0,000"
12949129,AL PASO,FORMOSA,1,4.C,4,"-0,092","0,140","0,000","3,944"
13049837,AL PASO,SALTA,1,N,2,"-0,041","0,000","0,000","-0,024"
9749820,AL RAMMA MONSENOR,CORDOBA,1,4.C,4,"1,811","0,000","0,000","5,000"
12949536,AL TO,SALTA,1,4.C,4,"3,195","0,000","0,000","9,000"
13049071,AL TOQUE,CORDOBA,1,4.C,4,"-0,218","0,000","0,000","0,750"
7049807,AL TOQUE DRUGSTORE,ENTRE RIOS,1,4.C,4,"-0,180","0,000","0,000","-0,150"
12949100,ALAN EL REY,TIERRA DEL FUEGO,1,5.D,6,"5,445","0,000","0,000","3,991"
13049168,ALASKA,TIERRA DEL FUEGO,1,5.D,6,"-0,033","0,000","0,000","-0,016"
12949611,ALASKA 2,TIERRA DEL FUEGO,1,N,2,"5,155","0,000","0,000","3,952"
8749271,ALBERTO TORRES TREVELIN,CHUBUT,1,5.D,6,"0,747","0,834","0,000","4,000"
6949628,ALDANA NOVEDADES,CHACO,1,N,2,"0,680","0,570","0,000","0,000"
12949621,ALE PAGO 25,BUENOS AIRES,1,N,2,"1,632","0,000","0,000","0,000"
11949732,ALE-CAR,BUENOS AIRES,1,N,2,"3,113","0,000","0,000","0,000"
7149153,ALEGRE MARY POMPEYA SERVICIOS - AGCA,CHUBUT,1,5.D,6,"0,000","0,000","0,000","0,000"
12249026,ALEJANDRO FERNANDEZ SEGUROS,BUENOS AIRES,1,4.C,4,"1,691","0,000","0,000","23,835"
12749196,ALEJANDRO JUAN ASESOR DE SEGUROS,CORDOBA,1,N,2,"0,622","0,166","0,000","0,000"
12949721,ALEM,SALTA,1,5.D,6,"-0,013","0,000","0,000","0,000"
7449258,ALERTA OFERTA,SANTA FE,1,5.D,6,"5,743","0,000","0,000","4,000"
12849391,ALEX,CHACO,1,2.A,3,"5,558","-0,056","0,000","3,703"
10049104,ALEX TECNOLOGIAS,JUJUY,1,4.C,4,"0,329","0,000","0,000","4,000"
12949279,ALEXA TIENDA DE FIESTA,FORMOSA,1,N,2,"1,944","0,000","0,000","0,000"
7249219,ALEXIS,SALTA,1,3.B,4,"0,743","0,000","0,000","2,000"
12949178,ALEXMAR,RIO NEGRO,1,4.C,4,"8,374","0,310","0,000","7,842"
8249092,ALF,FORMOSA,1,3.B,4,"-0,156","0,000","0,000","2,961"
10049025,ALFA PC,CATAMARCA,1,2.A,3,"11,083","0,000","0,000","0,000"
12849589,ALFA Y OMEGA,SALTA,1,N,2,"2,136","0,500","0,000","0,000"
13049147,ALFCAR DELMAR,BUENOS AIRES,1,5.D,6,"-0,020","0,000","0,000","-0,001"
9849277,ALGO MAS,SANTA FE,1,5.D,6,"-0,008","0,000","0,000","1,000"
6749155,ALHIL E HIJOS,MISIONES,1,1.VIP,2,"2,042","3,065","0,000","4,761"
8049229,AL-HU,RIO NEGRO,1,2.A,3,"5,473","0,450","0,000","18,000"
10349133,AL-HU II,RIO NEGRO,1,N,2,"3,079","0,000","0,000","0,000"
6149557,ALI E HIJOS,RIO NEGRO,1,2.A,3,"3,487","0,559","0,000","8,000"
12949463,ALI MADY,CORDOBA,1,5.D,6,"0,568","0,000","0,000","0,973"
8449003,ALIAMBA,BUENOS AIRES,1,N,2,"0,000","0,000","0,000","0,000"
8749150,ALIANZA,NEUQUEN,1,4.C,4,"-0,246","-0,010","0,000","2,857"
8149432,ALLAUD MARCELO,ENTRE RIOS,1,3.B,4,"0,000","0,000","0,000","4,000"
13049693,ALMA CREATIVA (SOLO PEI),BUENOS AIRES,1,N,2,"-0,052","0,000","0,000","-0,110"
12749510,ALMA ISA,MENDOZA,1,5.D,6,"-0,151","0,000","0,000","0,892"
9749684,ALMA MAXIKIOSCO,CORDOBA,1,2.A,3,"2,673","-0,025","0,000","7,548"
11949372,ALMA NAHIR,SANTIAGO DEL ESTERO,1,4.C,4,"9,152","-0,056","0,000","-0,022"
7449231,ALMA ROPA INFORMAL,CORRIENTES,1,4.C,4,"-0,152","-0,010","0,000","6,864"
9749536,ALMACEN - DRUGSTORE,TUCUMAN,1,2.A,3,"13,487","1,042","0,000","1,000"
10449081,ALMACÉN ALEMANES DEL VOLGA,LA PAMPA,1,N,2,"1,510","0,000","0,000","-0,020"
6149484,ALMACEN ALVARENGA,FORMOSA,1,1.VIP,2,"4,871","0,000","0,000","0,478"
9749901,ALMACEN ALVARENGA 2,FORMOSA,1,N,2,"-0,001","0,000","0,000","-0,002"
9749882,ALMACEN ANALIA,SANTA FE,1,5.D,6,"5,135","0,000","0,000","2,000"
9749641,ALMACEN BIANCA,BUENOS AIRES,1,5.D,6,"0,000","0,000","0,000","0,000"
9749603,ALMACEN BOMBERO AHUMADO,BUENOS AIRES,1,N,2,"3,368","0,380","0,000","0,000"
6649071,ALMACEN CASERES,CAPITAL FEDERAL,1,3.B,4,"8,691","0,000","0,000","7,735"
9749885,ALMACEN CHECHEN (SOLO PEI),CAPITAL FEDERAL,1,5.D,6,"0,000","0,000","0,000","0,000"
9749872,ALMACEN COPADOS,SALTA,1,5.D,6,"5,676","0,000","0,000","5,153"
9749122,ALMACEN DANIEL,BUENOS AIRES,1,4.C,4,"-0,154","0,000","0,000","0,949"
9749445,ALMACEN DE COSAS RICAS,BUENOS AIRES,1,N,2,"2,348","0,000","0,000","0,000"
13049589,ALMACEN DE REGALOS,BUENOS AIRES,1,5.D,6,"5,572","0,000","0,000","3,945"
9749654,ALMACEN DE TITIN,MENDOZA,1,N,2,"0,587","0,632","0,000","0,000"
12149240,ALMACEN DE VINOS DOS14,NEUQUEN,1,N,2,"0,000","0,000","0,000","0,000"
9749905,ALMACEN DEL CARMEN,ENTRE RIOS,1,N,2,"2,280","0,000","0,000","4,000"
9749345,ALMACEN DON ATILIO,BUENOS AIRES,1,3.B,4,"12,976","0,000","0,000","19,565"
9749371,ALMACEN EL BAGUAL,BUENOS AIRES,1,4.C,4,"-0,245","-0,018","0,000","1,844"
6149703,ALMACEN EL BUEN GUSTO,BUENOS AIRES,1,5.D,6,"1,746","-0,276","0,000","0,845"
9749659,ALMACEN EL GRINGUITO,CORDOBA,1,N,2,"0,000","0,000","0,000","0,000"
9749912,ALMACEN EL KIKI,MENDOZA,1,N,2,"0,000","0,000","0,000","0,000"
7049915,ALMACEN EL KIOSCO,BUENOS AIRES,1,N,2,"0,000","0,000","0,000","0,000"
9749873,ALMACEN EL PAISA,BUENOS AIRES,1,N,2,"5,896","0,000","0,000","4,000"
9749897,ALMACEN EL PARQUE,MENDOZA,1,5.D,6,"0,000","0,000","0,000","0,000"
9749935,ALMACEN EL PARQUE,MENDOZA,1,5.D,6,"4,396","-0,198","0,000","2,397"
9749888,ALMACEN EL PASAJE,MENDOZA,1,5.D,6,"0,000","0,000","0,000","0,000"
9749291,ALMACEN EL PORTENO,MISIONES,1,4.C,4,"1,353","0,000","0,000","1,972"
9749933,ALMACEN EL PROGRESO,BUENOS AIRES,1,N,2,"-0,095","-0,020","0,000","-0,055"
9749900,ALMACEN EL SIETE,LA RIOJA,1,N,2,"5,526","0,000","0,000","4,000"
9749819,ALMACEN EL TUNEL,BUENOS AIRES,1,4.C,4,"4,470","0,000","0,000","3,000"
9749263,ALMACEN ELYON,BUENOS AIRES,1,1.VIP,2,"6,910","3,886","0,000","1,797"
9749920,ALMACEN ESCORPIO 2,BUENOS AIRES,1,5.D,6,"-0,219","-0,108","0,000","-0,088"
9749857,ALMACEN FAMATINA,LA RIOJA,1,5.D,6,"5,919","0,000","0,000","4,000"
9749934,ALMACEN FRAN,SALTA,1,N,2,"1,641","-0,036","0,000","-0,041"
9749036,ALMACEN FRANCO,BUENOS AIRES,1,5.D,6,"-0,020","0,000","0,000","0,000"
9749410,ALMACEN JF CRS,LA PAMPA,1,4.C,4,"1,869","0,000","0,000","-0,221"
12149289,ALMACEN KALITA,BUENOS AIRES,1,5.D,6,"5,997","-0,010","0,000","3,999"
9749401,ALMACEN KM,BUENOS AIRES,1,3.B,4,"-0,226","0,000","0,000","0,999"
9749409,ALMACEN LA BARRACA,BUENOS AIRES,1,N,2,"3,791","0,000","0,000","0,000"
9749713,ALMACEN LA COBRA,BUENOS AIRES,1,5.D,6,"0,000","0,000","0,000","0,000"
9749046,ALMACEN LA CURVA,BUENOS AIRES,1,3.B,4,"2,363","0,000","0,000","2,632"
9749346,ALMACEN LAURA,CORDOBA,1,3.B,4,"2,000","1,000","0,000","3,000"
9749687,ALMACEN LOS ROBLES,LA PAMPA,1,4.C,4,"1,227","0,000","0,000","6,000"
9749903,ALMACEN M3D,NEUQUEN,1,N,2,"5,926","0,000","0,000","4,000"
97499039,ALMACEN M3D,NEUQUEN,1,N,2,"0,000","0,000","0,000","0,000"
9749624,ALMACEN MARI-AL,BUENOS AIRES,1,N,2,"3,935","0,492","0,000","0,000"
9749192,ALMACEN MI BEBE,BUENOS AIRES,1,N,2,"0,000","0,000","0,000","0,000"
6149671,ALMACEN MI VIEJO ( SOLO PEI ),BUENOS AIRES,1,5.D,6,"0,000","0,000","0,000","0,000"
11949847,ALMACEN MIA,BUENOS AIRES,1,1.VIP,2,"3,040","0,752","0,000","5,512"
9749837,ALMACEN MOLINA,SAN JUAN,1,5.D,6,"0,000","0,000","0,000","0,000"
9749368,ALMACEN NAZARENO,CORDOBA,1,1.VIP,2,"1,806","-0,034","0,000","2,087"
9749734,ALMACEN REINA,BUENOS AIRES,1,N,2,"0,000","0,000","0,000","0,000"
9749503,ALMACEN ROCA,CORDOBA,1,N,2,"2,370","0,000","0,000","0,000"
6149717,ALMACEN ROSARIO,BUENOS AIRES,1,N,2,"5,876","-0,046","0,000","3,915"
12149119,ALMACEN RUTA 3,SANTA CRUZ,1,N,2,"0,000","0,000","0,000","0,000"
9749740,ALMACEN SAN BENITO,SAN JUAN,1,4.C,4,"1,911","0,000","0,000","0,000"
9749143,ALMACEN SAN MARTIN,BUENOS AIRES,1,2.A,3,"2,455","0,000","0,000","2,434"
9749671,ALMACEN SANTA RITA,MENDOZA,1,N,2,"2,381","0,376","0,000","0,000"
12149188,ALMACEN SUSANA,BUENOS AIRES,1,4.C,4,"3,201","0,000","0,000","3,000"
12149177,ALMACEN TJ,SANTA FE,1,N,2,"7,266","0,862","0,000","0,000"
9749821,ALMACEN VELASQUEZ,SALTA,1,4.C,4,"3,073","0,000","0,000","0,000"
9749628,ALMACEN Y LIBRERIA JUSTI,ENTRE RIOS,1,N,2,"1,884","0,496","0,000","0,000"
9749695,ALMACENES JEAR IX,SANTA FE,1,2.A,3,"4,140","0,392","0,000","0,000"
12849795,ALMACENES JEAR XI,SANTA FE,1,2.A,3,"4,000","1,000","0,000","0,000"
12949442,ALMANZA,CAPITAL FEDERAL,1,5.D,6,"3,693","0,000","0,000","0,000"
9749554,ALMANZA MAXIKIOSCO,BUENOS AIRES,1,1.VIP,2,"5,780","5,000","0,000","4,000"
12949329,ALOCASIA,BUENOS AIRES,1,3.B,4,"3,524","0,000","0,000","3,832"
7449223,ALOHA INDUMENTARIA,FORMOSA,1,N,2,"3,432","0,466","0,000","0,000"
5429009,ALOISE 25 DE MAYO,BUENOS AIRES,1,N,2,"0,000","0,000","0,000","0,000"
5429001,ALOISE BELGRANO,BUENOS AIRES,1,N,2,"0,000","0,000","0,000","0,000"
5429016,ALOISE BERAZATEGUI,BUENOS AIRES,1,N,2,"0,000","0,000","0,000","0,000"
5429010,ALOISE CITY BELL,BUENOS AIRES,1,N,2,"0,000","0,000","0,000","0,000"
5429015,ALOISE LA PLATA 12 Y 57,BUENOS AIRES,1,N,2,"0,000","0,000","0,000","0,000"
5429012,ALOISE LA PLATA 12 Y 63,BUENOS AIRES,1,N,2,"0,000","0,000","0,000","0,000"
5429011,ALOISE LA PLATA 13 Y 32,BUENOS AIRES,1,N,2,"0,000","0,000","0,000","0,000"
5429014,ALOISE LA PLATA 7 Y 54,BUENOS AIRES,1,N,2,"0,000","0,000","0,000","0,000"
5429013,ALOISE LOS HORNOS,BUENOS AIRES,1,N,2,"0,000","0,000","0,000","0,000"
5429006,ALOISE MADARIAGA,BUENOS AIRES,1,N,2,"0,000","0,000","0,000","0,000"
5429007,ALOISE MDQ CABO,BUENOS AIRES,1,N,2,"0,000","0,000","0,000","0,000"
5429004,ALOISE MDQ INDEPENDENCIA,BUENOS AIRES,1,N,2,"0,000","0,000","0,000","0,000"
5429008,ALOISE MDQ MORENO,BUENOS AIRES,1,N,2,"0,000","0,000","0,000","0,000"
5429005,ALOISE MDQ PASO,BUENOS AIRES,1,N,2,"0,000","0,000","0,000","0,000"
5429002,ALOISE PINAMAR,BUENOS AIRES,1,N,2,"0,000","0,000","0,000","0,000"
5429003,ALOISE VILLA GESELL,BUENOS AIRES,1,N,2,"3,995","0,500","0,000","0,000"
12649523,ALPHA IAO,CORDOBA,1,1.VIP,2,"5,926","4,472","0,000","4,136"
6749124,ALQUI-MAQS,RIO NEGRO,1,1.VIP,2,"7,747","-0,246","0,000","4,531"
6149651,ALQUIMIA,BUENOS AIRES,1,5.D,6,"-0,050","0,000","0,000","-0,032"
12949404,ALTA PINTA,LA RIOJA,1,5.D,6,"0,000","0,000","0,000","0,000"
8349040,ALTO JUGUETERIA,SALTA,1,N,2,"-0,246","-0,028","0,000","-0,164"
12949368,ALTO PARQUE 2,CORDOBA,1,1.VIP,2,"3,044","0,000","0,000","4,268"
11249015,ALTO SHOP,CORRIENTES,1,2.A,3,"2,509","0,000","0,000","4,706"
6349453,ALTO URUGUAY COMUNICACIONES,MISIONES,1,4.C,4,"0,177","1,064","0,000","0,947"
5349189,ALTUE SUPERMERCADO,MENDOZA,1,4.C,4,"2,642","1,000","0,000","8,072"
8149143,ALTUR FINANCIERA,BUENOS AIRES,1,N,2,"0,000","0,000","0,000","0,000"
6149387,ALUTOSERVICIO ASUNCION,CAPITAL FEDERAL,1,2.A,3,"5,372","0,000","0,000","17,691"
12749097,ALVA,CATAMARCA,1,N,2,"1,126","0,492","0,000","0,000"
13049271,ALVALUZ,CORRIENTES,1,4.C,4,"3,518","0,346","0,000","3,000"
8149865,ALVES VANESA SEGUROS GENERALES,BUENOS AIRES,1,2.A,3,"3,269","0,436","0,000","9,869"
12249254,ALWAYS 2,BUENOS AIRES,1,5.D,6,"13,407","0,000","0,000","19,644"
8049343,AM CADETERIA,BUENOS AIRES,1,2.A,3,"3,019","0,096","0,000","5,000"
12849992,AM MAXIKIOSCO,CORDOBA,1,N,2,"7,304","0,000","0,000","0,000"
9449058,AM SERVICIOS GRAFICOS,SALTA,1,N,2,"-0,078","-0,022","0,000","-0,033"
12049284,AMANCAY,NEUQUEN,1,4.C,4,"-0,024","0,000","0,000","14,097"
12949258,AMANECER,BUENOS AIRES,1,3.B,4,"1,388","0,000","0,000","5,977"
7549321,AMARILLO HILDEBRANDT,ENTRE RIOS,1,2.A,3,"2,949","-0,010","0,000","7,644"
7249229,AMARU,CORDOBA,1,N,2,"0,458","0,000","0,000","3,619"
6449434,AMASOL CABA,CAPITAL FEDERAL,1,4.C,4,"-0,385","0,500","0,000","2,846"
6449452,AMASOL CALETA,SANTA CRUZ,1,5.D,6,"0,113","0,000","0,000","0,000"
6449451,AMASOL CORDOBA,CORDOBA,1,5.D,6,"-0,020","0,000","0,000","-0,018"
6449454,AMASOL RECONQUISTA,SANTA FE,1,5.D,6,"-0,022","0,000","0,000","0,996"
6449433,AMASOL RIO GALLEGOS,SANTA CRUZ,1,4.C,4,"1,710","0,500","0,000","0,000"
11349067,AMAZONA,BUENOS AIRES,1,5.D,6,"0,752","0,000","0,000","2,000"
6449177,AMCAI,SANTA FE,1,4.C,4,"1,359","0,000","0,000","1,000"
6449051,AMCIRSE,CAPITAL FEDERAL,1,N,2,"0,000","0,000","0,000","0,000"
6449490,AMERICA M SOCIAL Y DEPORTIVO,SANTA FE,1,N,2,"-0,001","0,000","0,000","0,000"
6449059,AMERICANO MUTUAL Y SOCIAL,SANTA FE,1,3.B,4,"-0,342","0,000","0,000","0,938"
6449482,AMERICANO MUTUAL Y SOCIAL I,SANTA FE,1,4.C,4,"-0,174","0,000","0,000","0,000"
12949653,AMERICANSAS,CAPITAL FEDERAL,1,N,2,"-0,004","0,000","0,000","0,000"
12149109,AMOR AL DULCE II,JUJUY,1,2.A,3,"1,282","0,000","0,000","10,703"
6449305,AMPARA,BUENOS AIRES,1,N,2,"2,693","0,000","0,000","0,000"
13049619,AMULETO,CORDOBA,1,N,2,"0,900","0,000","0,000","2,000"
6949831,ANACLETA,CORDOBA,1,4.C,4,"-0,156","0,000","0,000","3,852"
10349224,ANALIA MARTINO,CORRIENTES,1,5.D,6,"1,000","2,108","0,000","0,000"
6949733,ANCHORENA PAGOS,CAPITAL FEDERAL,1,N,2,"1,766","0,260","0,000","0,000"
8249083,ANDREA TURISMO,BUENOS AIRES,1,5.D,6,"-0,185","0,000","0,000","0,000"
9149074,ANDREA TURISMO 2,BUENOS AIRES,1,4.C,4,"-0,120","0,000","0,000","0,962"
8149652,ANDREA V BUSTO ASESOR DE SEGUROS,SAN LUIS,1,5.D,6,"0,699","0,000","0,000","0,000"
6949644,ANDYNA,NEUQUEN,1,4.C,4,"14,204","29,090","0,000","6,000"
6949934,ANEXO RODEO,MENDOZA,1,N,2,"3,236","-0,716","0,000","2,629"
7449256,ANFORA,SANTA FE,1,5.D,6,"0,945","0,000","0,000","4,000"
12749466,ANGELINI SEGUROS,SANTA FE,1,1.VIP,2,"1,775","0,000","0,000","1,218"
11949187,ANGELITO DE LA GUARDA,SALTA,1,4.C,4,"0,594","0,000","0,000","1,889"
12649763,ANGENCIA SAN CANO,CHACO,1,N,2,"-0,015","0,000","0,000","-0,003"
5449517,ANI,ENTRE RIOS,1,3.B,4,"0,000","0,000","0,000","0,000"
11849223,ANIKA SHOP,CAPITAL FEDERAL,1,4.C,4,"1,127","0,000","0,000","2,750"
11849221,ANIKA SHOP III,CAPITAL FEDERAL,1,3.B,4,"4,380","1,444","0,000","1,402"
11849222,ANIKA SHOP IV,CAPITAL FEDERAL,1,3.B,4,"6,451","0,422","0,000","5,204"
11849390,ANIKA SHOP V,CAPITAL FEDERAL,1,4.C,4,"1,268","0,000","0,000","5,651"
5249160,ANKER 2,BUENOS AIRES,1,1.VIP,2,"7,091","0,000","0,000","3,088"
8049285,ANKER SERVICIOS,BUENOS AIRES,1,1.VIP,2,"14,247","0,000","0,000","6,641"
12949692,ANNAS-ANNAS,CATAMARCA,1,N,2,"-0,059","-0,026","0,000","-0,048"
7649030,ANNY CONFECCIONES,SALTA,1,5.D,6,"0,618","0,000","0,000","0,984"
8149562,ANSELMI SEGUROS BELLA VISTA,BUENOS AIRES,1,N,2,"0,000","0,000","0,000","0,000"
8149731,ANSELMI SEGUROS JOSE C PAZ,BUENOS AIRES,1,N,2,"0,533","0,000","0,000","0,000"
8149581,ANSELMI SEGUROS MUNIZ,BUENOS AIRES,1,N,2,"0,985","0,000","0,000","0,000"
8149561,ANSELMI SEGUROS SAN MIGUEL,BUENOS AIRES,1,N,2,"0,599","0,000","0,000","0,000"
10049027,ANSUAS,CORDOBA,1,4.C,4,"4,910","0,000","0,000","3,543"
9849287,ANTOJOS MINIMARKET,SANTA FE,1,3.B,4,"0,566","0,000","0,000","3,742"
8149380,ANTONELA FRAZZETTO PROD Y ASESOR DE SEG,BUENOS AIRES,1,5.D,6,"1,659","0,000","0,000","1,974"
5749057,ANTONIOS,CHUBUT,1,5.D,6,"4,652","0,000","0,000","0,000"
11949899,APACHETA,CORDOBA,1,3.B,4,"3,141","0,716","0,000","5,000"
7249121,APACHETA,CORDOBA,1,N,2,"0,000","0,000","0,000","0,000"
11349041,APACHETA JESUS MARIA,CORDOBA,1,N,2,"0,000","0,000","0,000","0,000"
12649785,APALALA,CORDOBA,1,5.D,6,"0,000","0,000","0,000","0,000"
10049124,APOLO STORE,CORDOBA,1,5.D,6,"0,000","0,000","0,000","0,000"
6349532,APOLO STORE,JUJUY,1,5.D,6,"-0,165","0,000","0,000","-0,052"
10149025,APOSTOLU FINANZAS,BUENOS AIRES,1,3.B,4,"0,000","0,000","0,000","2,000"
11949893,APPS,SANTIAGO DEL ESTERO,1,4.C,4,"-0,094","0,156","0,000","1,991"
9749166,APROVISIONAMIENTO DEL PIONERO,BUENOS AIRES,1,2.A,3,"3,700","-0,148","0,000","8,349"
7849041,ARABEL TRUCCO Y ASOCIADOS,SAN JUAN,1,5.D,6,"0,396","-0,030","0,000","-0,021"
7449274,ARABELA,SANTIAGO DEL ESTERO,1,N,2,"0,000","0,000","0,000","0,000"
10349258,ARAUCARIA PAGOS ELECTRONICOS,TUCUMAN,1,N,2,"1,311","0,500","0,000","0,000"
12149243,ARCA,SANTIAGO DEL ESTERO,1,N,2,"-0,043","0,000","0,000","-0,004"
12949753,ARCA RIO BERMEJO,BUENOS AIRES,1,N,2,"-0,089","-0,564","0,000","-0,024"
12749527,ARECO CASH,BUENOS AIRES,1,5.D,6,"5,906","0,000","0,000","2,000"
13049856,ARENA DRUGSTORE,SALTA,1,N,2,"-0,025","-0,030","0,000","0,000"
8149547,ARG BROKER - CONCORDIA,ENTRE RIOS,1,N,2,"0,000","0,000","0,000","0,000"
8149548,ARG BROKER - PICO,LA PAMPA,1,5.D,6,"0,466","0,000","0,000","0,956"
11449123,ARG INFORMATICA,BUENOS AIRES,1,N,2,"1,567","0,000","0,000","0,000"
13049158,ARGELLO PAGOS,RIO NEGRO,1,2.A,3,"5,496","0,000","0,000","2,934"
10349197,ARGENCOIN,CAPITAL FEDERAL,1,2.A,3,"2,812","0,208","0,000","8,000"
12949666,ARGENCOIN GOYENA,CAPITAL FEDERAL,1,5.D,6,"7,722","0,000","0,000","7,000"
12949528,ARGENCOIN PALERMO,CAPITAL FEDERAL,1,4.C,4,"2,821","0,000","0,000","13,000"
12749127,ARIAS DEBORA SEGUROS,BUENOS AIRES,1,5.D,6,"0,000","0,222","0,000","1,000"
8149334,ARIEL JORGE ARRUABARRENA,CORDOBA,1,2.A,3,"3,126","0,000","0,000","8,564"
12749401,ARIELNICOLAS,SANTA FE,1,2.A,3,"3,260","0,000","0,000","0,000"
12749295,ARLEQUIN,FORMOSA,1,2.A,3,"0,589","1,574","0,000","1,996"
7249186,ARM REGALERIA,FORMOSA,1,N,2,"1,726","0,050","0,000","0,000"
6249159,AROMA PERFUMERIA,ENTRE RIOS,1,N,2,"2,923","0,000","0,000","0,000"
6249167,AROMA PERFUMERIA,ENTRE RIOS,1,N,2,"5,927","-0,044","0,000","3,952"
6249161,AROMAS DEL NORTE SAPHIRUS,JUJUY,1,5.D,6,"-0,099","-0,006","0,000","-0,048"
6249156,AROMES PERFUMERIA,CORDOBA,1,5.D,6,"-0,127","0,000","0,000","-0,022"
7149106,ARP AGBL LUGANO,CAPITAL FEDERAL,1,N,2,"3,948","0,496","0,000","0,000"
7149103,ARP AGBL SERVICIOS SAN MARTIN,BUENOS AIRES,1,N,2,"5,541","0,000","0,000","0,000"
11949920,ARTE MARIA PAZ,MENDOZA,1,4.C,4,"4,591","2,252","0,000","5,662"
12449883,ARTE PIRATA,BUENOS AIRES,1,N,2,"0,000","0,000","0,000","0,000"
7249223,ARTE Y MOSAICO,SANTA FE,1,2.A,3,"3,005","0,000","0,000","11,796"
11949992,ARTESANA YAS,MENDOZA,1,N,2,"0,000","0,140","0,000","0,000"
9749923,ARTICULOS DE LIMPIEZA EL CAPRICHO,BUENOS AIRES,1,5.D,6,"-0,356","-0,086","0,000","-0,100"
5449301,ARTICULOS DEL HOGAR PROVEEDURIA TOTAL,SANTA FE,1,N,2,"0,000","0,000","0,000","0,000"
12949551,ARTICULOS LAXI,CAPITAL FEDERAL,1,4.C,4,"0,000","0,000","0,000","5,000"
10249617,ASA HOSTEL,CORDOBA,1,1.VIP,2,"3,520","0,000","0,000","2,063"
5449549,ASARELA HOGAR,SANTA FE,1,N,2,"2,644","0,500","0,000","0,000"
12749260,ASEGURA PAGOS,CAPITAL FEDERAL,1,3.B,4,"4,568","2,278","0,000","6,000"
8149295,ASEGURADORA BARREYRO,MISIONES,1,4.C,4,"0,605","0,000","0,000","2,790"
15567,ASEGURADORA BARREYRO MT,MISIONES,1,N,2,"0,000","0,000","0,000","0,000"
12749497,ASEGURADORA MALEHAZI,NEUQUEN,1,5.D,6,"1,643","0,000","0,000","1,000"
8149232,ASEGURADORA MULLER,MISIONES,1,2.A,3,"2,862","0,000","0,000","4,000"
12749261,ASEGURARG,BUENOS AIRES,1,N,2,"1,729","0,500","0,000","0,000"
12749648,ASEGURATE (SOLO PEI),SAN LUIS,1,5.D,6,"-0,008","0,000","0,000","-0,024"
6249157,ASEO PRODUCTOS DE LIMPIEZA Y ALGO MAS,MENDOZA,1,4.C,4,"1,492","0,000","0,000","7,000"
10349366,ASESORAMIENTO INTEGRAL TOMAS LUIS LUCERO,TUCUMAN,1,5.D,6,"0,585","0,000","0,000","5,000"
12749067,ASESORIA INTERGRAL WETZEL,ENTRE RIOS,1,4.C,4,"0,196","0,794","0,000","-0,065"
6449270,ASOC MUT CLUB LIBERTAD TRINIDAD (ARRUFO),SANTA FE,1,4.C,4,"-0,084","0,000","0,000","0,982"
6449225,ASOC MUT DE LOS S Y A DEL CLUB L T (C),SANTA FE,1,5.D,6,"0,467","0,000","0,000","1,000"
6449214,ASOC MUT DE LOS S Y A DEL CLUB L T (H),SANTA FE,1,4.C,4,"-0,080","0,000","0,000","0,984"
6449470,ASOC MUT DEL CLUB ALMAFUERTE DE LAS VARI,CORDOBA,1,5.D,6,"7,885","0,000","0,000","0,996"
6449303,ASOC MUT DEL CLUB ATL SAN MARTIN CHOVET,SANTA FE,1,4.C,4,"3,157","0,000","0,000","1,000"
6449326,ASOC MUT DEL CLUB TIRO FED Y D BRINKMANN,CORDOBA,1,4.C,4,"0,501","0,000","0,000","3,688"
6449325,ASOC MUT DEL CLUB TIRO FED Y DEP EUSEBIA,SANTA FE,1,5.D,6,"0,341","0,000","0,000","1,000"
6449294,ASOC MUT Y SOC GRANADEROS ATL CLUB VARAS,CORDOBA,1,4.C,4,"-0,161","0,000","0,000","1,000"
6449504,ASOC MUTUAL CLUB SOCIAL Y DEP CLASON,SANTA FE,1,N,2,"-0,017","0,000","0,000","-0,032"
6449439,ASOC MUTUAL DEL CLUB ALMAFUERTE DE ADELA,CORDOBA,1,4.C,4,"-0,084","0,464","0,000","0,000"
6449061,ASOC MUTUAL DEL CLUB TIRO FEDERAL Y DEP,CORDOBA,1,5.D,6,"-0,088","0,000","0,000","0,000"
6449471,ASOC MUTUAL LIBERTAD BALNEARIA,CORDOBA,1,4.C,4,"-0,160","0,000","0,000","0,000"
6449132,ASOC MUTUAL Y SOCIAL CLUB ATLETICO BROWN,SANTA FE,1,3.B,4,"-0,347","0,000","0,000","0,662"
6449328,ASOC Y ADHERENTES DEL CLUB DEP.UNION,SANTA FE,1,2.A,3,"23,227","0,000","0,000","4,248"
6449295,ASOC. MUT AEA Y AD DEL C.A.B. RIVADAVIA,CORDOBA,1,5.D,6,"1,979","0,000","0,000","0,000"
6449317,ASOC. MUT. S. SAN JORGE Y C. JUVENIL,CORDOBA,1,4.C,4,"6,496","0,000","0,000","3,928"
6449489,ASOC. MUTUAL INT DEL CENTRO,SANTA FE,1,5.D,6,"2,094","0,000","0,000","8,864"
6449488,ASOC. MUTUAL INT DEL CENTRO OE,SANTA FE,1,5.D,6,"1,944","0,000","0,000","13,526"
6449444,ASOC. MUTUAL SAN CARLOS D. Y B.,CORDOBA,1,4.C,4,"1,699","0,000","0,000","3,831"
6449448,ASOC. MUTUAL UNIDOS SAN MARTIN,CORDOBA,1,5.D,6,"39,841","0,000","0,000","0,000"
6449467,ASOC.ITALIANA DE SOCORRO MUTUOS,CHACO,1,5.D,6,"4,666","0,000","0,000","1,993"
6449273,ASOC.MUT. AY E/ASOC Y ADH CLUB COLON SJ,SANTA FE,1,5.D,6,"3,679","0,000","0,000","1,000"
6449402,ASOC.MUT.DE AYUDA S.AMASOL CONCORDIA,ENTRE RIOS,1,5.D,6,"0,556","0,500","0,000","0,960"
6449094,ASOC.MUTUAL 9 DE JULIO,CORDOBA,1,4.C,4,"1,374","0,000","0,000","3,000"
6449382,ASOC.MUTUAL PERSONAL SANCOR SUNCHALES,SANTA FE,1,5.D,6,"0,000","0,000","0,000","1,000"
6449102,ASOC.MUTUAL ROMANG F.C. FILIAL MARGARITA,SANTA FE,1,5.D,6,"-0,066","0,000","0,000","1,000"
6449055,ASOC.MUTUAL ROMANG F.C.FILIAL MALABRIGO,SANTA FE,1,5.D,6,"0,929","0,000","0,000","1,000"
6449088,ASOC.MUTUAL ROMANG F.C.FILIAL RECONQUIST,SANTA FE,1,N,2,"0,991","0,000","0,000","0,000"
6449054,ASOC.MUTUAL ROMANG F.C.FILIAL ROMANG,SANTA FE,1,4.C,4,"-0,093","0,000","0,000","1,000"
6449122,ASOC.MUTUAL SP BELGRANO I,CORDOBA,1,4.C,4,"-0,215","0,000","0,000","6,693"
6449123,ASOC.MUTUAL SP BELGRANO II,CORDOBA,1,4.C,4,"-0,083","0,000","0,000","-0,056"
6449125,ASOC.MUTUAL SP BELGRANO IV,CORDOBA,1,5.D,6,"-0,046","0,000","0,000","0,000"
6449371,ASOC.MUTUAL Y SOCIAL A.BROWN RAFAELA,SANTA FE,1,5.D,6,"1,707","0,000","0,000","1,000"
6449313,ASOCIACION ARGENTINA DE SOCORROS MUTUOS,SANTA FE,1,4.C,4,"-0,064","0,000","0,000","0,965"
10249500,ASOCIACION CIVIL NOSOTROS,FORMOSA,1,4.C,4,"0,079","-0,010","0,000","0,967"
6449464,ASOCIACION MUTUAL 25 DE SEPTIEMBRE,SANTA FE,1,4.C,4,"2,011","0,000","0,000","2,880"
6449348,ASOCIACION MUTUAL ARGENTINA,SANTA FE,1,3.B,4,"0,000","0,000","0,000","1,000"
6449058,ASOCIACION MUTUAL BRINKMANN,CORDOBA,1,4.C,4,"-0,275","0,000","0,000","0,953"
6449199,ASOCIACION MUTUAL CLUB LIBERTAD TRINIDAD,SANTA FE,1,4.C,4,"1,836","0,000","0,000","1,000"
6449316,ASOCIACION MUTUAL DEFENSORES HOGAR,CORDOBA,1,N,2,"3,979","0,000","0,000","0,000"
6449441,ASOCIACION MUTUAL FERROVIARIA,SANTA FE,1,4.C,4,"-0,224","1,000","0,000","4,579"
12749340,ASOCIACION MUTUAL HOGAR LATINO,CAPITAL FEDERAL,1,4.C,4,"1,321","0,000","0,000","3,893"
6449178,ASOCIACION MUTUAL INDEPENDENCIA,CORDOBA,1,3.B,4,"6,277","0,000","0,000","5,868"
6449209,ASOCIACION MUTUAL JUAN MANTOVANI,SANTA FE,1,4.C,4,"-0,154","0,000","0,000","1,000"
6449379,ASOCIACION MUTUAL PERSONAL SANCOR,CORDOBA,1,5.D,6,"1,975","0,000","0,000","0,000"
6449378,ASOCIACION MUTUAL SANTIAGO TEMPLE,CORDOBA,1,4.C,4,"0,533","0,000","0,000","2,691"
6449198,ASOSCIACION MUTUAL MATIENZO CLUB,SANTA FE,1,4.C,4,"-0,269","0,000","0,000","0,750"
9049071,ATELIER ESTUDIO TEXTIL,TIERRA DEL FUEGO,1,N,2,"1,331","0,000","0,000","1,000"
6149508,ATENAS AUTOSERVICIO,CHACO,1,N,2,"1,712","0,454","0,000","0,000"
13049676,ATENEA,BUENOS AIRES,1,N,2,"0,875","0,000","0,000","0,000"
8149541,ATM CASTELAR,BUENOS AIRES,1,N,2,"0,000","0,000","0,000","0,000"
12749206,ATM ESCOBAR,BUENOS AIRES,1,N,2,"3,531","0,500","0,000","0,000"
8149542,ATM HAEDO,BUENOS AIRES,1,N,2,"1,369","0,000","0,000","0,000"
12749181,ATM MERLO,BUENOS AIRES,1,N,2,"3,005","0,500","0,000","0,000"
8149642,ATM MORENO,BUENOS AIRES,1,5.D,6,"-0,099","0,000","0,000","0,965"
8149543,ATM MORON,BUENOS AIRES,1,N,2,"0,000","0,000","0,000","0,000"
8149592,ATM OLIVOS,BUENOS AIRES,1,N,2,"0,000","0,000","0,000","0,000"
8149595,ATM PACHECO,BUENOS AIRES,1,N,2,"0,000","0,000","0,000","0,000"
9149030,ATM RAMOS,BUENOS AIRES,1,N,2,"0,326","0,000","0,000","0,000"
8149594,ATM VILLA ADELINA,BUENOS AIRES,1,N,2,"0,000","0,000","0,000","0,000"
8149593,ATM VIRREYES,BUENOS AIRES,1,5.D,6,"-0,035","0,000","0,000","0,978"
6449460,ATP,CHACO,1,N,2,"0,000","0,000","0,000","1,000"
7449101,ATRAPASUENOS               Inform del,BUENOS AIRES,1,N,2,"1,635","0,000","0,000","0,000"
8149485,AUGUSTO CRUZ PRODUCTORES ASESORES DE SEG,SAN JUAN,1,4.C,4,"5,764","0,000","0,000","4,000"
12949469,AURINEGROS,CAPITAL FEDERAL,1,1.VIP,2,"2,075","0,224","0,000","1,851"
12749446,AUSTRAL CRED,MISIONES,1,1.VIP,2,"5,422","0,000","0,000","-0,020"
10849077,AUTOCENTER PELIGROSOM,CHACO,1,5.D,6,"1,000","0,000","0,000","0,000"
10849063,AUTOCICLO,MENDOZA,1,4.C,4,"8,009","0,110","0,000","1,000"
9249012,AUTOMOTORES MART CAR,BUENOS AIRES,1,4.C,4,"0,901","-0,010","0,000","1,908"
9249022,AUTONORTE,SANTA FE,1,N,2,"0,333","0,000","0,000","1,000"
10849050,AUTOPARTES BIAIN E HIJOS,CHACO,1,4.C,4,"1,953","0,884","0,000","5,000"
6149635,AUTOSERVCIO LIA X 3,MENDOZA,1,4.C,4,"1,333","0,000","0,000","1,619"
9749372,AUTOSERVICIO 9 DE JULIO,SANTA FE,1,N,2,"7,483","0,000","0,000","0,000"
6149604,AUTOSERVICIO AGOSTINELLI II,BUENOS AIRES,1,3.B,4,"2,714","0,000","0,000","6,540"
6149576,AUTOSERVICIO ALVEAR,CORDOBA,1,5.D,6,"0,000","0,000","0,000","0,000"
6149349,AUTOSERVICIO ANA,MENDOZA,1,4.C,4,"6,256","0,068","0,000","6,790"
9749465,AUTOSERVICIO ANEAS,BUENOS AIRES,1,5.D,6,"1,420","0,000","0,000","0,000"
6149700,AUTOSERVICIO ANTONELLA,TIERRA DEL FUEGO,1,5.D,6,"-0,031","-0,066","0,000","-0,044"
6149585,AUTOSERVICIO ARROYO,ENTRE RIOS,1,4.C,4,"1,372","0,000","0,000","2,668"
6149313,AUTOSERVICIO ARUBA,BUENOS AIRES,1,5.D,6,"0,000","0,000","0,000","0,000"
6149667,AUTOSERVICIO AZCUENAGA,MENDOZA,1,4.C,4,"5,380","0,000","0,000","13,000"
6149423,AUTOSERVICIO BAM,CORDOBA,1,1.VIP,2,"2,181","0,000","0,000","5,003"
6149450,AUTOSERVICIO BARCELONA,SANTA FE,1,5.D,6,"0,804","0,500","0,000","1,000"
6149276,AUTOSERVICIO BENEDETTI,CORRIENTES,1,4.C,4,"-0,223","0,000","0,000","1,937"
7549695,AUTOSERVICIO BORSALINO,CORDOBA,1,4.C,4,"0,000","0,000","0,000","0,000"
9749249,AUTOSERVICIO BRENDA,FORMOSA,1,3.B,4,"5,133","0,000","0,000","1,935"
6149211,AUTOSERVICIO CACHO,SANTA FE,1,2.A,3,"4,162","0,000","0,000","10,000"
6149553,AUTOSERVICIO CANALI,SANTA FE,1,N,2,"1,462","0,000","0,000","0,000"
9749545,AUTOSERVICIO CATALEYA,SAN LUIS,1,N,2,"3,462","0,500","0,000","0,000"
6149440,AUTOSERVICIO CERCA 1,SANTA CRUZ,1,4.C,4,"-0,106","0,112","0,000","2,890"
6149439,AUTOSERVICIO CERCA 2,SANTA CRUZ,1,4.C,4,"-0,166","0,014","0,000","2,847"
6149485,AUTOSERVICIO CERCA 3,SANTA CRUZ,1,5.D,6,"-0,019","0,434","0,000","-0,014"
12149168,AUTOSERVICIO CERCA 4,SANTA CRUZ,1,3.B,4,"-0,253","0,000","0,000","3,809"
12149290,AUTOSERVICIO CERCA 7,SANTA CRUZ,1,N,2,"5,996","-0,016","0,000","3,999"
6149693,AUTOSERVICIO CERCA PUERTO ARG,SANTA CRUZ,1,5.D,6,"3,111","0,000","0,000","3,896"
6149503,AUTOSERVICIO CHISPAS,BUENOS AIRES,1,1.VIP,2,"1,783","18,906","0,000","2,903"
6149704,AUTOSERVICIO DE LA COSTA,BUENOS AIRES,1,N,2,"-0,003","0,000","0,000","0,000"
11949967,AUTOSERVICIO DIFUNTA CORREA II,BUENOS AIRES,1,N,2,"0,327","0,500","0,000","0,000"
5349606,AUTOSERVICIO DON AGUSTIN,SANTIAGO DEL ESTERO,1,N,2,"0,000","0,000","0,000","0,000"
6149363,AUTOSERVICIO DON LORENZO,CORDOBA,1,4.C,4,"-0,164","-0,006","0,000","0,851"
6149694,AUTOSERVICIO EL 17,BUENOS AIRES,1,5.D,6,"4,920","0,000","0,000","3,724"
6149637,AUTOSERVICIO EL ABUELO,RIO NEGRO,1,4.C,4,"3,066","0,000","0,000","6,701"
6149481,AUTOSERVICIO EL CRUCE,CORDOBA,1,2.A,3,"1,254","-0,060","0,000","4,300"
9749760,AUTOSERVICIO EL PORVENIR,CORDOBA,1,N,2,"0,000","0,000","0,000","0,000"
9749432,AUTOSERVICIO EL PROGRESO,CORDOBA,1,1.VIP,2,"2,565","1,140","0,000","8,000"
9749651,AUTOSERVICIO EL PROGRESO II,CORDOBA,1,N,2,"2,911","0,352","0,000","0,000"
6149132,AUTOSERVICIO GARCIA,CORDOBA,1,1.VIP,2,"3,898","-0,092","0,000","3,724"
13049651,AUTOSERVICIO GUEMES,CORDOBA,1,N,2,"1,198","0,000","0,000","0,923"
11949890,AUTOSERVICIO INTEGRACION,MISIONES,1,N,2,"2,474","0,406","0,000","0,000"
11949174,AUTOSERVICIO IRIGOYEN,CORDOBA,1,2.A,3,"3,907","0,772","0,000","3,138"
6149394,AUTOSERVICIO ISA,BUENOS AIRES,1,N,2,"1,876","0,000","0,000","0,000"
9749324,AUTOSERVICIO KALYN ROMINA,FORMOSA,1,4.C,4,"-0,310","0,000","0,000","1,000"
6149332,AUTOSERVICIO LA 5TA AVENIDA,BUENOS AIRES,1,1.VIP,2,"3,745","2,343","0,000","2,891"
6149685,AUTOSERVICIO LA CASITA,SANTA FE,1,5.D,6,"0,000","0,000","0,000","0,000"
6149530,AUTOSERVICIO LA ESPIGA,CHACO,1,3.B,4,"0,503","0,488","0,000","4,832"
61495306,AUTOSERVICIO LA ESPIGA,CHACO,1,N,2,"0,000","0,000","0,000","0,000"
9749266,AUTOSERVICIO LA ESTRELLA I,CATAMARCA,1,N,2,"1,566","0,000","0,000","0,000"
9749267,AUTOSERVICIO LA ESTRELLA II,CATAMARCA,1,N,2,"1,322","0,640","0,000","0,000"
6149325,AUTOSERVICIO LA FAMILIA,BUENOS AIRES,1,4.C,4,"0,599","0,000","0,000","-0,270"
9749329,AUTOSERVICIO LA SILVIA,SANTA FE,1,1.VIP,2,"2,415","4,256","0,000","1,619"
6149626,AUTOSERVICIO LIBERTAD,CORDOBA,1,4.C,4,"2,907","0,000","0,000","3,000"
6149083,AUTOSERVICIO LOS 3 AMIGOS,BUENOS AIRES,1,2.A,3,"2,663","0,000","0,000","0,000"
6149365,AUTOSERVICIO LOS AMIGOS,CORRIENTES,1,2.A,3,"13,608","-0,320","0,000","2,729"
6149414,AUTOSERVICIO LOS HERMANOS,BUENOS AIRES,1,N,2,"0,000","0,000","0,000","0,000"
6149252,AUTOSERVICIO LOS PIBES,BUENOS AIRES,1,3.B,4,"2,355","0,000","0,000","7,576"
6149511,AUTOSERVICIO LP BATAN 1,BUENOS AIRES,1,N,2,"2,206","0,500","0,000","0,000"
6149510,AUTOSERVICIO LP BATAN 2,BUENOS AIRES,1,N,2,"0,782","0,650","0,000","0,000"
6149512,AUTOSERVICIO LP BOQUERON,BUENOS AIRES,1,N,2,"0,090","1,462","0,000","0,000"
6149347,AUTOSERVICIO LUCHO,SALTA,1,1.VIP,2,"4,227","1,044","0,000","8,849"
6149348,AUTOSERVICIO LUCHO II,SALTA,1,1.VIP,2,"3,156","2,072","0,000","1,173"
6149653,AUTOSERVICIO MANA,BUENOS AIRES,1,5.D,6,"0,000","0,000","0,000","0,000"
6149620,AUTOSERVICIO MI VIEJO,BUENOS AIRES,1,3.B,4,"4,508","0,000","0,000","5,465"
6149324,AUTOSERVICIO MIGUEL,CORRIENTES,1,4.C,4,"-0,039","0,000","0,000","-0,026"
6149464,AUTOSERVICIO MY GIRLS,SAN JUAN,1,N,2,"2,496","1,472","0,000","0,000"
6149462,AUTOSERVICIO NENEM,RIO NEGRO,1,4.C,4,"2,316","0,110","0,000","0,000"
7749026,AUTOSERVICIO PATUTI,BUENOS AIRES,1,4.C,4,"-0,184","0,000","0,000","1,863"
6149698,AUTOSERVICIO POLLOQUEN,BUENOS AIRES,1,5.D,6,"-0,019","0,000","0,000","-0,026"
12049448,AUTOSERVICIO ROSA MISTICA,SAN JUAN,1,4.C,4,"1,492","0,398","0,000","3,838"
13049433,AUTOSERVICIO S Y H,SANTA FE,1,5.D,6,"0,000","0,000","0,000","0,000"
6149595,AUTOSERVICIO SUCCESS,BUENOS AIRES,1,4.C,4,"2,448","0,000","0,000","6,000"
6149676,AUTOSERVICIO SUPERNOVA,CHUBUT,1,N,2,"0,581","0,000","0,000","3,000"
6149501,AUTOSERVICIO TABENI,ENTRE RIOS,1,5.D,6,"0,754","0,500","0,000","0,000"
6149362,AUTOSERVICIO TATIANA,BUENOS AIRES,1,N,2,"1,169","0,000","0,000","0,000"
9749494,AUTOSERVICIO VALENTINO,CORDOBA,1,N,2,"0,000","0,000","0,000","0,000"
9749691,AUTOSERVICIO VERONICA,BUENOS AIRES,1,4.C,4,"0,276","-0,056","0,000","0,902"
6149262,AUTOSERVICIO VILLA ATUEL,MENDOZA,1,4.C,4,"-0,239","0,000","0,000","0,750"
6149612,AUTOSERVICIOS CHIMBAS,SAN JUAN,1,2.A,3,"1,439","0,000","0,000","9,617"
6149640,AUTOSERVICIOS MAIEMMA,SAN JUAN,1,3.B,4,"-0,324","0,000","0,000","5,831"
6149624,AUTOSERVICIOS OLASCOAGA,MENDOZA,1,3.B,4,"3,613","0,000","0,000","6,000"
6149586,AUTOSERVICIOS VALCANERA,MENDOZA,1,N,2,"4,927","0,000","0,000","0,000"
5349636,AUTOSERVICIOS VELASQUEZ,MENDOZA,1,5.D,6,"-0,253","-0,006","0,000","-0,083"
6149346,AUTOSERVICO LOS TIOS,BUENOS AIRES,1,2.A,3,"1,966","0,699","0,000","0,000"
9249015,AUTOSOL SRL,JUJUY,1,5.D,6,"1,741","0,000","0,000","0,921"
8049339,AUTOVIA SANTA FE,CAPITAL FEDERAL,1,N,2,"7,000","3,554","0,000","0,000"
8749397,AUTOVIA URIBURU DISCO,CAPITAL FEDERAL,1,N,2,"0,000","0,000","0,000","0,000"
13049374,AV ACCESORIOS,CORDOBA,1,3.B,4,"4,352","0,000","0,000","5,826"
9149140,AV DE MAYO PAGO,BUENOS AIRES,1,5.D,6,"12,244","-0,479","0,000","5,415"
8749121,AVALAR,TUCUMAN,1,5.D,6,"-0,071","0,000","0,000","0,933"
9749501,AVANCE COMERCIAL,FORMOSA,1,3.B,4,"0,425","0,314","0,000","0,942"
6949699,AVATAR,SANTIAGO DEL ESTERO,1,5.D,6,"-0,032","0,792","0,000","-0,021"
12949470,AVE SERVICIOS,BUENOS AIRES,1,5.D,6,"0,701","0,000","0,000","1,000"
12949471,AVE SERVICIOS II,BUENOS AIRES,1,5.D,6,"5,103","0,000","0,000","4,000"
12949472,AVE SERVICIOS III,BUENOS AIRES,1,4.C,4,"4,811","0,000","0,000","4,000"
9749827,AVENIDA,SALTA,1,3.B,4,"1,461","0,000","0,000","2,000"
9849310,AVENIDA LAS AMERICAS,MISIONES,1,N,2,"1,289","0,000","0,000","0,000"
9949012,AVENIDA PAGOS,CAPITAL FEDERAL,1,N,2,"0,000","0,670","0,000","0,000"
9749635,AVICAR 4,SANTA CRUZ,1,5.D,6,"1,429","0,496","0,000","0,000"
10449076,AVICOLA ALI,CHACO,1,5.D,6,"5,843","0,000","0,000","-0,002"
8249164,AVIPAZ J.C.PAZ,BUENOS AIRES,1,4.C,4,"-0,212","0,500","0,000","1,755"
5249142,AXION MINISHOP,SANTA CRUZ,1,N,2,"1,094","0,000","0,000","0,000"
6949830,AYALA NEGOCIOS,CHACO,1,N,2,"5,813","0,000","0,000","0,000"
8149372,AYALA PRODUCCION DE SEGUROS,JUJUY,1,4.C,4,"-0,062","0,000","0,000","0,938"
8149681,AYB SEGUROS,BUENOS AIRES,1,N,2,"0,000","0,000","0,000","0,000"
8149682,AYB SEGUROS II,BUENOS AIRES,1,N,2,"0,000","0,000","0,000","0,000"
8149684,AYB SEGUROS IV,BUENOS AIRES,1,N,2,"0,599","0,000","0,000","0,000"
6949551,AYELEN LIBRERIA,CORDOBA,1,N,2,"0,000","0,000","0,000","0,000"
12949775,AYL PAGOS,BUENOS AIRES,1,N,2,"5,995","-0,010","0,000","3,999"
11949599,AYLIN,CAPITAL FEDERAL,1,N,2,"1,694","0,000","0,000","0,000"
6349425,AYM CELULARES,CORDOBA,1,2.A,3,"4,103","-0,196","0,000","2,318"
12749498,AYS SEGUROS,RIO NEGRO,1,5.D,6,"6,875","0,000","0,000","5,467"
8149938,A-Z OFICINA DE SEGUROS,BUENOS AIRES,1,4.C,4,"0,161","0,778","0,000","3,770"
10449073,AZUL MORENO,TUCUMAN,1,5.D,6,"0,692","0,000","0,000","-0,007"
10349301,AZZANESI SEGUROS,BUENOS AIRES,1,4.C,4,"0,397","0,880","0,000","0,985"
9749546,B & J,CAPITAL FEDERAL,1,N,2,"3,185","0,500","0,000","0,000"
12449852,B SHOP CASTELLANOS,SANTA FE,1,N,2,"0,000","0,000","0,000","0,000"
12449853,B SHOP LAPRIDA,SANTA FE,1,N,2,"0,000","0,000","0,000","0,000"
12449851,B SHOP PEATONAL CORDOBA,SANTA FE,1,N,2,"0,000","0,000","0,000","0,000"
12949094,B&B,BUENOS AIRES,1,1.VIP,2,"6,129","0,496","0,000","3,680"
12449225,B&G MEGAKIOSCO,CAPITAL FEDERAL,1,2.A,3,"4,582","-0,869","0,000","9,057"
12349056,B.B.C LOCUTORIO,BUENOS AIRES,1,2.A,3,"3,274","1,873","0,000","0,798"
12949207,B.B.C LOCUTORIO 2,BUENOS AIRES,1,3.B,4,"4,522","0,528","0,000","4,704"
6949874,BABEL,CAPITAL FEDERAL,1,4.C,4,"1,845","0,000","0,000","1,879"
13049798,BAIAO LEANDRO TOMAS,CORRIENTES,1,5.D,6,"-0,258","-0,052","0,000","-0,142"
6349438,BAIKAL,BUENOS AIRES,1,1.VIP,2,"4,087","0,000","0,000","5,840"
12449448,BAIKAL II,BUENOS AIRES,1,N,2,"6,296","0,644","0,000","0,000"
11949862,BAIONA,BUENOS AIRES,1,N,2,"2,063","1,870","0,000","0,000"
12849568,BAJO B,CAPITAL FEDERAL,1,1.VIP,2,"6,591","3,293","0,000","2,448"
11949694,BALCARCE 2,BUENOS AIRES,1,1.VIP,2,"3,404","-0,171","0,000","3,693"
6749157,BAMBOO,CORRIENTES,1,N,2,"5,803","0,106","0,000","3,000"
9149062,BAMENSA - LA BARRACA MALL,MENDOZA,1,N,2,"5,083","2,408","0,000","0,000"
9149064,BAMENSA - ROSARIO,SANTA FE,1,N,2,"1,880","1,972","0,000","0,000"
12749210,BAMENSA - SAN LUIS,SAN LUIS,1,N,2,"1,446","0,790","0,000","0,000"
9149061,BAMENSA - THE MARKET,MENDOZA,1,N,2,"1,667","0,802","0,000","0,000"
9149065,BAMENSA ESPEJO,MENDOZA,1,N,2,"6,746","2,485","0,000","0,000"
9149063,BAMENSA SAN JUAN,SAN JUAN,1,N,2,"2,870","1,902","0,000","0,000"
8113004,BANCO ROELA,CAPITAL FEDERAL,1,4.C,4,"-0,160","0,000","0,000","0,000"
8113002,BANCO ROELA ALEM,CORDOBA,1,4.C,4,"-0,068","0,000","0,000","0,000"
8113000,BANCO ROELA CENTRAL (PARENT),CORDOBA,1,N,2,"0,000","0,000","0,000","0,000"
8113003,BANCO ROELA J.B.JUSTO,CORDOBA,1,4.C,4,"0,650","0,000","0,000","0,000"
8113001,BANCO ROELA SAN MARTIN,CORDOBA,1,3.B,4,"-0,332","2,000","0,000","0,000"
12649687,BAR AGENCIA PURA MAGIA,CORDOBA,1,5.D,6,"-0,044","0,000","0,000","-0,009"
5749062,BAR SARMIENTO,SANTIAGO DEL ESTERO,1,N,2,"-0,100","0,000","0,000","-0,023"
8749132,BARAKA 1,CORDOBA,1,N,2,"0,000","0,000","0,000","0,000"
6749121,BARAKA 2,CORDOBA,1,N,2,"0,000","0,000","0,000","0,000"
12749483,BARBOZA PABLO JOSE,ENTRE RIOS,1,4.C,4,"1,815","0,000","0,000","1,000"
12849459,BARCALA PAGOS,MENDOZA,1,N,2,"0,000","0,000","0,000","0,000"
12649141,BARCELONA,CAPITAL FEDERAL,1,2.A,3,"3,155","1,052","0,000","7,000"
9749567,BARCELONA,CORRIENTES,1,2.A,3,"4,711","1,176","0,000","0,000"
12849395,BARRACUDA,CORDOBA,1,3.B,4,"1,778","0,500","0,000","0,000"
12949737,BARRIO CHINO,CAPITAL FEDERAL,1,5.D,6,"-0,186","-0,408","0,000","-0,062"
5349637,BARUK,JUJUY,1,N,2,"-0,126","-0,094","0,000","-0,139"
5249111,BASAIL COMBUSTIBLES,CHACO,1,N,2,"0,000","0,000","0,000","0,000"
9749910,BATMAN,SANTA FE,1,N,2,"0,501","-0,068","0,000","0,895"
7249158,BAZAR AMOR,JUJUY,1,5.D,6,"0,217","0,270","0,000","0,000"
7249194,BAZAR AMOR II,JUJUY,1,4.C,4,"1,895","0,000","0,000","1,960"
7249163,BAZAR OSIRIS,RIO NEGRO,1,2.A,3,"4,515","0,250","0,000","3,815"
7249241,BAZAR SUENOS LIMPIOS,BUENOS AIRES,1,N,2,"-0,040","-0,010","0,000","-0,036"
7249132,BAZAR VIGNOLA,ENTRE RIOS,1,2.A,3,"1,182","-0,010","0,000","8,748"
7249185,BAZAR YAPUR,LA RIOJA,1,N,2,"3,257","0,500","0,000","0,000"
9749597,BAZINGA,SANTA FE,1,3.B,4,"-0,397","-0,080","0,000","2,912"
12449556,BEA Y ANGEL,CAPITAL FEDERAL,1,N,2,"4,619","1,930","0,000","2,000"
5749067,BEAT CASH,MENDOZA,1,5.D,6,"0,000","0,000","0,000","0,000"
9049075,BEBETON,CORDOBA,1,5.D,6,"0,000","0,000","0,000","2,000"
6949449,BELEN COPIAS,CATAMARCA,1,N,2,"6,726","0,000","0,000","0,000"
12749583,BELGRANO PAGOS,BUENOS AIRES,1,5.D,6,"14,738","0,000","0,000","11,396"
7949053,BELLA DOLCE,BUENOS AIRES,1,3.B,4,"4,400","2,888","0,000","2,754"
6249139,BELLA FLORES,CAPITAL FEDERAL,1,5.D,6,"0,065","1,000","0,000","0,000"
6249128,BELLA LOMAS DE ZAMORA,BUENOS AIRES,1,N,2,"8,729","0,500","0,000","0,000"
6249148,BELLA MONTE CONSTITUCION,CAPITAL FEDERAL,1,5.D,6,"39,982","0,000","0,000","0,000"
6249143,BELLA MONTE GRANDE,BUENOS AIRES,1,N,2,"0,000","0,000","0,000","0,000"
6249137,BELLA PERFUMERIAS VILLA BALLESTER,BUENOS AIRES,1,N,2,"2,593","0,000","0,000","0,000"
6249132,BELLA POMPEYA,CAPITAL FEDERAL,1,N,2,"3,872","0,000","0,000","0,000"
6249138,BELLA SALTA CAPITAL,SALTA,1,N,2,"2,794","1,000","0,000","0,000"
6249141,BELLA SALTA CAPITAL II,SALTA,1,N,2,"0,383","0,000","0,000","0,000"
6249129,BELLA SAN JUSTO,BUENOS AIRES,1,5.D,6,"2,889","0,500","0,000","0,000"
12749563,BELLO SEGUROS,RIO NEGRO,1,N,2,"4,859","0,000","0,000","3,931"
12949399,BELMAR,SANTIAGO DEL ESTERO,1,2.A,3,"0,714","0,000","0,000","5,873"
8149400,BENITATO,CORRIENTES,1,4.C,4,"5,032","-0,012","0,000","6,926"
13049045,BENJAMIN,BUENOS AIRES,1,2.A,3,"12,624","0,000","0,000","18,000"
12649746,BENJAMIN,MISIONES,1,N,2,"0,000","0,000","0,000","0,000"
7449138,BENSOF,SANTA CRUZ,1,2.A,3,"0,695","-0,299","0,000","5,511"
7449221,BENSOF CALAFATE,SANTA CRUZ,1,N,2,"1,997","7,260","0,000","0,000"
7449225,BENSOF II,SANTA CRUZ,1,N,2,"3,703","0,856","0,000","0,000"
8249178,BENSOF RIO TURBIO,SANTA CRUZ,1,1.VIP,2,"0,803","0,000","0,000","1,852"
8149739,BER SEGUROS I,BUENOS AIRES,1,5.D,6,"0,000","0,000","0,000","0,000"
12849843,BERLIN PAGOS III,BUENOS AIRES,1,3.B,4,"0,000","0,856","0,000","5,000"
9749609,BERTA,SANTA FE,1,N,2,"2,114","0,500","0,000","0,000"
11949934,BERUTI PAGOS,CAPITAL FEDERAL,1,2.A,3,"4,976","0,000","0,000","3,966"
5349585,BETHA IAO,CORDOBA,1,1.VIP,2,"4,942","0,000","0,000","5,541"
12849315,BETO RAUL NOVEDADES,MISIONES,1,N,2,"0,617","0,460","0,000","0,000"
7449227,BETO RAUL NOVEDADES II,MISIONES,1,3.B,4,"-0,177","-0,012","0,000","3,894"
12649777,BETYLU,MISIONES,1,5.D,6,"0,000","0,000","0,000","0,000"
12849848,BIALET SHOP VILLA PAN,CORDOBA,1,N,2,"2,602","0,000","0,000","0,000"
12449334,BICENTENARIO,CORRIENTES,1,4.C,4,"1,772","0,000","0,000","0,975"
9649004,BICICLETERIA DAVID,CATAMARCA,1,4.C,4,"0,000","0,000","0,000","2,000"
6049073,BICICLETERIA ISLA,RIO NEGRO,1,5.D,6,"0,000","0,000","0,000","0,000"
7449269,BIENAVENTURADA (SOLO PEI),NEUQUEN,1,N,2,"-0,050","0,000","0,000","1,857"
12749083,BIG BOIN,CAPITAL FEDERAL,1,N,2,"3,011","0,500","0,000","0,000"
8249113,BIG MONEY,CAPITAL FEDERAL,1,4.C,4,"2,543","0,000","0,000","2,000"
8249173,BIG MONEY II,CAPITAL FEDERAL,1,4.C,4,"0,628","0,940","0,000","0,924"
9149137,BIG MONEY III,CAPITAL FEDERAL,1,4.C,4,"-0,111","0,000","0,000","5,976"
10049081,BIGPHONE,CORDOBA,1,1.VIP,2,"4,609","1,510","0,000","1,972"
12849572,BILLY KIOSCO,BUENOS AIRES,1,N,2,"1,398","1,570","0,000","0,000"
9749855,BIO NATURAL,CORRIENTES,1,4.C,4,"-0,348","0,000","0,000","3,681"
11449148,BLACK HAWK INFORMATICA Y GAMING,SANTA FE,1,N,2,"3,512","0,000","0,000","0,000"
12949296,BLANCO ENCALADA PAGOS,CAPITAL FEDERAL,1,2.A,3,"2,180","0,000","0,000","7,849"
12749453,BLANCO GROUP,BUENOS AIRES,1,5.D,6,"0,000","0,000","0,000","0,000"
10449078,BLANQUERIA CASA LUCY,CORDOBA,1,N,2,"1,370","0,000","0,000","2,000"
12749254,BLANSHE,SANTIAGO DEL ESTERO,1,5.D,6,"1,000","0,500","0,000","1,000"
11949021,BLASSAP 9 DE JULIO,BUENOS AIRES,1,1.VIP,2,"5,000","3,538","0,000","8,000"
12849270,BLASSAP CHACABUCO,BUENOS AIRES,1,N,2,"0,956","0,480","0,000","0,000"
8749140,BLASSAP FERIA,BUENOS AIRES,1,1.VIP,2,"11,636","0,000","0,000","14,000"
5449490,BLOM BUSTER,BUENOS AIRES,1,3.B,4,"1,688","-0,266","0,000","7,334"
6149258,BLUE PHONE,CORDOBA,1,1.VIP,2,"1,972","0,000","0,000","1,984"
9749881,BOCATTO,CORDOBA,1,5.D,6,"0,000","0,000","0,000","0,000"
8149431,BOCHATON SEGUROS,ENTRE RIOS,1,2.A,3,"1,298","-0,044","0,000","2,460"
13049126,BOLA 8,BUENOS AIRES,1,3.B,4,"2,582","0,000","0,000","1,000"
8249157,BOLETERIA PIEDRA DEL AGUILA,NEUQUEN,1,N,2,"2,777","0,500","0,000","0,000"
13049325,BOLETERIA Y KIOSCO EL SOL,CORDOBA,1,5.D,6,"0,000","0,000","0,000","2,000"
12649140,BOLETERIA Y PAGO FACIL LA COCHA,TUCUMAN,1,2.A,3,"2,363","0,000","0,000","7,744"
10749004,BOLSA DE COMERCIO SEDE OFICINA CENTRAL,MENDOZA,1,4.C,4,"3,792","0,000","0,000","1,000"
7449185,BOMBOM,BUENOS AIRES,1,3.B,4,"2,190","0,000","0,000","10,848"
12049535,BONANZA,CORRIENTES,1,2.A,3,"2,065","0,644","0,000","4,659"
9749405,BONITO,SANTA FE,1,1.VIP,2,"2,864","0,576","0,000","2,116"
12249252,BONORINO,CAPITAL FEDERAL,1,5.D,6,"0,000","0,000","0,000","0,000"
12449576,BONUS I,ENTRE RIOS,1,3.B,4,"11,079","0,000","0,000","0,000"
12449577,BONUS II,ENTRE RIOS,1,1.VIP,2,"4,385","0,000","0,000","0,000"
11649376,BONUS TRACK,BUENOS AIRES,1,2.A,3,"2,701","0,000","0,000","2,593"
11349071,BONVIE,BUENOS AIRES,1,5.D,6,"0,460","0,000","0,000","2,000"
9849259,BOSCO,SANTA FE,1,2.A,3,"1,131","0,000","0,000","6,641"
8149187,BOSTON CRED,SAN LUIS,1,4.C,4,"0,000","0,000","0,000","3,000"
8149355,BOSTON CRED CANUELAS,BUENOS AIRES,1,2.A,3,"3,266","3,256","0,000","0,000"
8149856,BOSTON CRED LANUS,BUENOS AIRES,1,N,2,"2,100","0,652","0,000","0,000"
8149250,BOSTONCRED BURZACO,BUENOS AIRES,1,N,2,"1,531","1,634","0,000","0,000"
8149221,BOSTONCRED LOMAS,BUENOS AIRES,1,N,2,"0,000","0,208","0,000","0,000"
8149778,BOSTONCRED ROSARIO,SANTA FE,1,N,2,"1,591","1,978","0,000","0,000"
11849337,BOTIQUIN DE FARMACIA SAN JOAQUIN,CORRIENTES,1,4.C,4,"1,987","0,000","0,000","4,970"
6949488,BOULEVAR 31,MENDOZA,1,N,2,"2,998","0,000","0,000","0,000"
7449164,BOUTIQUE  ELEGANCIA,FORMOSA,1,N,2,"3,698","1,886","0,000","0,000"
7449206,BOUTIQUE ERA,ENTRE RIOS,1,5.D,6,"0,738","0,490","0,000","0,000"
7249064,BOUTIQUE ROSA MARIA,LA PAMPA,1,2.A,3,"3,874","0,000","0,000","11,000"
12249249,BPN LOCUTORIO LA CURVA,BUENOS AIRES,1,N,2,"0,000","0,000","0,000","0,000"
12949385,BRAMI,NEUQUEN,1,5.D,6,"0,000","0,000","0,000","0,000"
12849560,BREAK EXPRESS CRS,SANTA FE,1,N,2,"0,000","0,000","0,000","0,000"
12949593,BRIGUGLIO JULIO CESAR,RIO NEGRO,1,5.D,6,"7,237","0,000","0,000","16,831"
12949176,BRIMAR,BUENOS AIRES,1,1.VIP,2,"4,767","4,163","0,000","0,460"
7149144,BRISAS,CAPITAL FEDERAL,1,5.D,6,"-0,207","0,000","0,000","0,000"
12749030,BRISAS,CHUBUT,1,N,2,"0,337","0,418","0,000","0,000"
12149152,BRISAS AZULES,BUENOS AIRES,1,N,2,"2,426","0,370","0,000","0,000"
6649065,BRISAS AZULES II,BUENOS AIRES,1,5.D,6,"0,000","0,000","0,000","0,000"
7149145,BRISAS II,BUENOS AIRES,1,5.D,6,"0,000","0,000","0,000","0,000"
12449526,BRO SHOP 1,CAPITAL FEDERAL,1,1.VIP,2,"4,884","4,057","0,000","5,000"
8149860,BROGGI MARIELA,SANTA FE,1,N,2,"0,000","0,000","0,000","0,000"
12749034,BROKERS DE SEGUROS TUNUYAN,MENDOZA,1,5.D,6,"-0,083","0,092","0,000","0,000"
7849060,BSI BROKERS SERVICIOS INMOBILIARIOS,SANTA FE,1,4.C,4,"0,756","0,000","0,000","0,945"
7449245,BUDALEKIDS,SANTA FE,1,3.B,4,"1,591","0,000","0,000","4,000"
5849026,BUDALEKIDS I,SANTA FE,1,5.D,6,"2,825","0,000","0,000","4,000"
12449333,BUEN GUSTO STORE,MISIONES,1,5.D,6,"0,754","0,284","0,000","0,000"
12149153,BUENARDO,JUJUY,1,5.D,6,"0,565","0,436","0,000","0,000"
12849906,BUENAS VIBRAS,BUENOS AIRES,1,N,2,"7,604","0,000","0,000","0,000"
13049547,BUENO Y BONITO,BUENOS AIRES,1,5.D,6,"-0,057","0,000","0,000","-0,005"
6349392,BUENOS VIENTOS,SANTA CRUZ,1,2.A,3,"0,717","-0,095","0,000","7,637"
8749089,BULL NET PILAR,BUENOS AIRES,1,N,2,"0,000","0,000","0,000","0,000"
8049306,BULL-NET 2,CAPITAL FEDERAL,1,N,2,"0,000","0,000","0,000","0,000"
9149072,BULNES POINT,CAPITAL FEDERAL,1,N,2,"0,104","0,000","0,000","0,000"
10849031,BULONERIA HAYDEE,CORDOBA,1,5.D,6,"-0,015","0,000","0,000","0,955"
9749936,BUNKER BEBIDAS,SALTA,1,N,2,"-0,030","0,000","0,000","-0,025"
8049286,BUONA FORTUNA,SAN LUIS,1,2.A,3,"3,300","-0,018","0,000","5,513"
9749374,BURI KIOSKOS,SAN LUIS,1,1.VIP,2,"2,560","3,278","0,000","0,457"
5349397,BUSCAVIDAS,CHUBUT,1,N,2,"2,102","0,500","0,000","0,000"
12749462,BUTASSI SEGUROS,CORDOBA,1,4.C,4,"0,748","0,000","0,000","4,000"
5449572,BVH BELLA VISTA,BUENOS AIRES,1,5.D,6,"0,000","0,000","0,000","0,000"
5449573,BVH DEL VISO,BUENOS AIRES,1,5.D,6,"0,000","0,000","0,000","1,000"
5449571,BVH DERQUI,BUENOS AIRES,1,5.D,6,"0,000","0,000","0,000","0,000"
6249116,BY CHIC AVON,MENDOZA,1,3.B,4,"6,994","-1,070","0,000","4,006"
11449072,BYTE INFORMATICA,MISIONES,1,1.VIP,2,"1,779","0,000","0,000","1,313"
11449155,BYTE TECH,MENDOZA,1,4.C,4,"4,040","0,000","0,000","5,000"
5349504,C MIN VEA LUJAN,BUENOS AIRES,1,N,2,"2,588","0,040","0,000","0,000"
11449034,C Y G MULTIMEDIA,CHACO,1,2.A,3,"0,741","0,000","0,000","0,930"
11849366,C Y O,BUENOS AIRES,1,N,2,"2,702","0,500","0,000","0,000"
6349520,C Y S SERVICIO TECNICO,CORDOBA,1,4.C,4,"-0,232","0,000","0,000","1,941"
12749188,C&C ASESORES DE SEGUROS,JUJUY,1,1.VIP,2,"4,452","-0,141","0,000","2,623"
8149404,C.C.P,CORDOBA,1,4.C,4,"5,882","-0,024","0,000","7,568"
90001194,C.S. ABASTO,CAPITAL FEDERAL,1,1.VIP,2,"6,007","0,000","0,837","3,552"
90001289,C.S. ADROGUE,BUENOS AIRES,1,3.B,4,"12,726","0,000","4,388","9,091"
90001029,C.S. ALMAGRO,CAPITAL FEDERAL,1,2.A,3,"10,623","0,000","2,334","6,658"
90001367,C.S. ALTA GRACIA,CORDOBA,1,4.C,4,"11,630","0,000","3,989","9,266"
90001220,C.S. ALTO NEUQUEN II,NEUQUEN,1,2.A,3,"16,111","0,000","3,626","12,907"
90001244,C.S. ALTO NEUQUEN III,NEUQUEN,1,5.D,6,"10,362","0,000","5,000","33,000"
90001275,C.S. ASISTIDO 9 DE JULIO,CAPITAL FEDERAL,1,2.A,3,"6,894","0,000","3,908","2,380"
90024002,C.S. ASISTIDO CORRIENTES,CAPITAL FEDERAL,1,1.VIP,2,"5,042","0,000","1,839","2,158"
90001273,C.S. ASISTIDO MARTINEZ,BUENOS AIRES,1,3.B,4,"11,139","0,000","5,543","11,701"
90001277,C.S. ASISTIDO SALTA,SALTA,1,3.B,4,"9,019","0,000","0,000","13,733"
90001228,C.S. ASISTIDO TUCUMAN,TUCUMAN,1,2.A,3,"6,664","0,000","0,000","4,115"
90001212,C.S. AVELLANEDA II,BUENOS AIRES,1,2.A,3,"11,299","0,000","2,000","9,879"
90001267,C.S. BAJO NEUQUEN II,NEUQUEN,1,4.C,4,"9,390","0,000","1,856","7,869"
90001284,C.S. BANFIELD,BUENOS AIRES,1,2.A,3,"15,078","0,000","3,824","12,391"
90001245,C.S. BARILOCHE,RIO NEGRO,1,2.A,3,"72,903","0,000","0,000","0,000"
90001309,C.S. BARILOCHE II,RIO NEGRO,1,1.VIP,2,"7,522","0,000","3,931","2,240"
90001381,C.S. BARILOCHE IV,RIO NEGRO,1,3.B,4,"8,183","0,000","0,000","9,000"
90001353,C.S. BARILOCHE PANAMERICANO,RIO NEGRO,1,3.B,4,"16,716","0,000","3,000","2,000"
90001297,C.S. BARRACAS,CAPITAL FEDERAL,1,3.B,4,"11,969","0,000","2,701","8,144"
90001382,C.S. BARRIO 31,CAPITAL FEDERAL,1,3.B,4,"12,369","0,000","1,846","2,723"
90001256,C.S. BECCAR,BUENOS AIRES,1,3.B,4,"11,600","0,000","8,984","7,023"
90001012,C.S. BELGRANO,CAPITAL FEDERAL,1,1.VIP,2,"8,768","0,000","1,590","5,627"
90001376,C.S. BELGRANO II (CONGRESO DE TUCUMAN),CAPITAL FEDERAL,1,2.A,3,"81,417","0,000","0,898","18,902"
90001341,C.S. BELLA VISTA,BUENOS AIRES,1,3.B,4,"12,488","0,000","4,080","9,486"
90001020,C.S. BOEDO,CAPITAL FEDERAL,1,2.A,3,"13,986","0,000","2,911","9,456"
90001330,C.S. BOULOGNE SUR MER,BUENOS AIRES,1,3.B,4,"11,979","0,000","2,689","8,767"
90001298,C.S. CALETA OLIVIA,SANTA CRUZ,1,2.A,3,"5,252","0,000","0,000","4,680"
90001083,C.S. CARREFOUR ADROGUE,BUENOS AIRES,1,4.C,4,"9,396","0,000","0,868","4,392"
90001069,C.S. CARREFOUR AVELLANEDA,BUENOS AIRES,1,4.C,4,"8,432","0,000","2,993","5,527"
90001171,C.S. CARREFOUR BANFIELD,BUENOS AIRES,1,3.B,4,"12,815","0,000","1,956","12,791"
90001161,C.S. CARREFOUR BARILOCHE,RIO NEGRO,1,3.B,4,"13,132","0,000","4,833","5,431"
90001115,C.S. CARREFOUR BELGRANO,CAPITAL FEDERAL,1,4.C,4,"6,969","0,000","3,848","6,185"
90001086,C.S. CARREFOUR BERNAL,BUENOS AIRES,1,2.A,3,"16,352","0,000","2,538","7,474"
90001150,C.S. CARREFOUR BERUTI,CAPITAL FEDERAL,1,2.A,3,"7,459","0,000","3,476","4,633"
90001082,C.S. CARREFOUR CABALLITO,CAPITAL FEDERAL,1,3.B,4,"14,525","0,000","2,763","9,723"
90001179,C.S. CARREFOUR CALETA OLIVIA,SANTA CRUZ,1,3.B,4,"6,392","0,000","0,000","5,690"
90001129,C.S. CARREFOUR CAMPANA II,BUENOS AIRES,1,4.C,4,"7,414","0,000","0,964","15,630"
90001144,C.S. CARREFOUR CATAMARCA,CATAMARCA,1,2.A,3,"12,643","0,000","3,996","8,932"
90001172,C.S. CARREFOUR CATAMARCA (RIVADAVIA),CATAMARCA,1,4.C,4,"10,714","0,000","12,201","9,932"
90001090,C.S. CARREFOUR COLEGIALES,CAPITAL FEDERAL,1,N,2,"2,653","0,000","0,000","0,000"
90001160,C.S. CARREFOUR COLON,MENDOZA,1,2.A,3,"11,408","0,000","2,848","7,940"
90001138,C.S. CARREFOUR COMODORO RIVADAVIA,CHUBUT,1,4.C,4,"8,321","0,000","1,528","5,721"
90001111,C.S. CARREFOUR CORDOBA COLON,CORDOBA,1,3.B,4,"49,240","0,000","6,710","42,426"
90001110,C.S. CARREFOUR CORDOBA JARDIN,CORDOBA,1,3.B,4,"12,710","0,000","1,872","46,809"
90001109,C.S. CARREFOUR CORDOBA JUAN B. JUSTO,CORDOBA,1,4.C,4,"37,913","0,000","-0,086","78,828"
90001112,C.S. CARREFOUR CORDOBA RECTA MARTINOLLI,CORDOBA,1,3.B,4,"12,302","0,000","1,941","11,992"
90001187,C.S. CARREFOUR CORRIENTES (HIPER),CORRIENTES,1,3.B,4,"12,983","0,000","2,868","8,228"
90001101,C.S. CARREFOUR DON TORCUATO,BUENOS AIRES,1,2.A,3,"11,653","0,000","3,583","17,447"
90001097,C.S. CARREFOUR FLORENCIO VARELA,BUENOS AIRES,1,4.C,4,"7,790","0,000","33,785","3,960"
90001096,C.S. CARREFOUR GENERAL RODRIGUEZ,BUENOS AIRES,1,2.A,3,"16,080","0,000","1,726","6,485"
90001170,C.S. CARREFOUR GLEW,BUENOS AIRES,1,4.C,4,"10,470","0,000","1,892","6,807"
90001125,C.S. CARREFOUR GRANADEROS,CORDOBA,1,4.C,4,"10,947","0,000","2,861","8,762"
90001116,C.S. CARREFOUR HIPER NEUQUEN,NEUQUEN,1,1.VIP,2,"10,285","0,000","1,452","7,608"
90001139,C.S. CARREFOUR HIPER TRELEW,CHUBUT,1,2.A,3,"11,560","0,000","5,900","18,692"
90001120,C.S. CARREFOUR ITUZAINGO,BUENOS AIRES,1,3.B,4,"112,949","0,000","1,791","26,474"
90001098,C.S. CARREFOUR ITUZAINGO II,BUENOS AIRES,1,4.C,4,"6,883","0,000","0,875","2,928"
90001127,C.S. CARREFOUR LA PLATA,BUENOS AIRES,1,4.C,4,"26,049","0,000","29,869","37,598"
90001070,C.S. CARREFOUR LOMAS DE ZAMORA,BUENOS AIRES,1,1.VIP,2,"8,544","0,000","32,813","13,907"
90001089,C.S. CARREFOUR LUJAN,BUENOS AIRES,1,2.A,3,"10,803","0,000","3,799","9,383"
90001093,C.S. CARREFOUR MALAVER,BUENOS AIRES,1,3.B,4,"11,412","0,000","2,780","20,673"
90001103,C.S. CARREFOUR MAR DEL PLATA,BUENOS AIRES,1,3.B,4,"12,510","0,000","1,889","7,220"
90001072,C.S. CARREFOUR MARQUEZ,BUENOS AIRES,1,4.C,4,"4,328","0,000","9,708","7,761"
90001087,C.S. CARREFOUR MARTIN CORONADO,BUENOS AIRES,1,4.C,4,"10,264","0,000","1,956","6,008"
90001126,C.S. CARREFOUR MASCHWITZ,BUENOS AIRES,1,2.A,3,"7,069","0,000","19,829","24,676"
90001113,C.S. CARREFOUR MATADEROS,CAPITAL FEDERAL,1,3.B,4,"8,975","0,000","1,780","4,566"
90001145,C.S. CARREFOUR MENDOZA AZUL,MENDOZA,1,2.A,3,"9,676","0,000","1,790","6,300"
90001168,C.S. CARREFOUR MENDOZA CUYO,MENDOZA,1,3.B,4,"18,883","0,000","5,278","26,694"
90001163,C.S. CARREFOUR MENDOZA GUAYMALLEN,MENDOZA,1,2.A,3,"12,733","0,000","19,792","57,017"
90001124,C.S. CARREFOUR MONTE GRANDE,BUENOS AIRES,1,4.C,4,"7,329","0,000","0,921","39,102"
90001085,C.S. CARREFOUR MORENO,BUENOS AIRES,1,2.A,3,"13,217","0,000","2,737","7,071"
90001066,C.S. CARREFOUR MORON (VILLA TESEI),BUENOS AIRES,1,3.B,4,"10,573","0,000","6,726","42,055"
90001114,C.S. CARREFOUR NEUQUEN II,NEUQUEN,1,2.A,3,"14,102","0,000","2,753","13,549"
90001073,C.S. CARREFOUR OLIVOS,BUENOS AIRES,1,3.B,4,"8,719","0,000","1,719","11,210"
90001074,C.S. CARREFOUR PACHECO,BUENOS AIRES,1,2.A,3,"16,949","0,000","1,897","9,796"
90001164,C.S. CARREFOUR PARANA (SAN JUAN),ENTRE RIOS,1,2.A,3,"10,216","0,000","3,315","7,708"
90001192,C.S. CARREFOUR PARANA (YRIGOYEN),ENTRE RIOS,1,3.B,4,"12,872","0,000","8,936","10,497"
90001088,C.S. CARREFOUR PILAR,BUENOS AIRES,1,3.B,4,"10,584","0,000","1,916","2,271"
90001188,C.S. CARREFOUR PILAR (MARKET),BUENOS AIRES,1,3.B,4,"13,403","0,000","4,814","60,974"
90001195,C.S. CARREFOUR POLONIA (COMODORO),CHUBUT,1,4.C,4,"8,235","0,000","2,839","7,108"
90001142,C.S. CARREFOUR PUERTO MADRYN II,CHUBUT,1,3.B,4,"10,706","0,000","3,974","8,917"
90001068,C.S. CARREFOUR QUILMES,BUENOS AIRES,1,3.B,4,"45,070","0,000","1,858","33,248"
90001136,C.S. CARREFOUR RIO GALLEGOS,SANTA CRUZ,1,2.A,3,"7,332","0,000","3,591","2,745"
90001137,C.S. CARREFOUR RIO GALLEGOS II,SANTA CRUZ,1,2.A,3,"5,192","0,000","4,940","6,195"
90001135,C.S. CARREFOUR RIO GRANDE II,TIERRA DEL FUEGO,1,3.B,4,"8,763","0,000","4,000","6,760"
90001104,C.S. CARREFOUR ROSARIO CENTRO,SANTA FE,1,2.A,3,"11,157","0,000","1,813","4,480"
90001106,C.S. CARREFOUR ROSARIO FISHERTON,SANTA FE,1,3.B,4,"10,645","0,000","0,934","46,771"
90001107,C.S. CARREFOUR ROSARIO PUEYRREDON,SANTA FE,1,2.A,3,"13,061","0,000","6,175","9,206"
90001108,C.S. CARREFOUR ROSARIO SUR,SANTA FE,1,3.B,4,"13,369","0,000","2,792","16,163"
90001064,C.S. CARREFOUR SALGUERO,CAPITAL FEDERAL,1,1.VIP,2,"9,764","0,000","7,938","3,918"
90001185,C.S. CARREFOUR SALTA,SALTA,1,1.VIP,2,"14,793","0,000","0,000","4,000"
90001075,C.S. CARREFOUR SAN FERNANDO,BUENOS AIRES,1,2.A,3,"13,596","0,000","2,340","7,308"
90001186,C.S. CARREFOUR SAN FERNANDO (MARKET),BUENOS AIRES,1,2.A,3,"13,106","0,000","1,332","18,846"
90001166,C.S. CARREFOUR SAN JUAN,SAN JUAN,1,3.B,4,"13,960","0,000","21,278","10,488"
90001121,C.S. CARREFOUR SAN JUSTO,BUENOS AIRES,1,4.C,4,"51,790","0,000","17,639","4,459"
90001122,C.S. CARREFOUR SAN MARTIN,BUENOS AIRES,1,4.C,4,"5,010","0,000","1,869","9,942"
90001081,C.S. CARREFOUR SAN MIGUEL,BUENOS AIRES,1,4.C,4,"85,827","0,000","-0,304","76,587"
90001077,C.S. CARREFOUR SAN MIGUEL (BELLA VISTA),BUENOS AIRES,1,2.A,3,"13,959","0,000","5,552","10,494"
90001094,C.S. CARREFOUR SANTA FE Y EDISON,BUENOS AIRES,1,4.C,4,"8,561","0,000","0,465","3,890"
90001076,C.S. CARREFOUR SOLEIL,BUENOS AIRES,1,4.C,4,"7,931","0,000","6,276","4,708"
90001102,C.S. CARREFOUR TANDIL,BUENOS AIRES,1,3.B,4,"9,515","0,000","-0,017","7,525"
90001184,C.S. CARREFOUR TEMPERLEY,BUENOS AIRES,1,4.C,4,"9,320","0,000","12,545","30,485"
90001095,C.S. CARREFOUR TIGRE,BUENOS AIRES,1,2.A,3,"9,334","0,000","3,998","5,353"
90001140,C.S. CARREFOUR TRELEW III,CHUBUT,1,2.A,3,"9,558","0,000","1,838","8,109"
90001148,C.S. CARREFOUR TUCUMAN III,TUCUMAN,1,2.A,3,"14,964","0,000","0,000","51,492"
90001162,C.S. CARREFOUR TUPUNGATO,MENDOZA,1,4.C,4,"12,471","0,000","0,000","5,146"
90001133,C.S. CARREFOUR USHUAIA,TIERRA DEL FUEGO,1,2.A,3,"8,493","0,000","1,821","8,500"
90001065,C.S. CARREFOUR VELEZ SARFIELD,CAPITAL FEDERAL,1,3.B,4,"8,356","0,000","4,540","9,901"
90001067,C.S. CARREFOUR VICENTE LOPEZ,BUENOS AIRES,1,4.C,4,"8,079","0,000","3,000","19,542"
90001091,C.S. CARREFOUR VICENTE LOPEZ II,BUENOS AIRES,1,3.B,4,"34,178","0,000","3,801","19,697"
90001118,C.S. CARREFOUR VILLA DEVOTO,CAPITAL FEDERAL,1,2.A,3,"9,205","0,000","4,624","7,778"
90001146,C.S. CARREFOUR VILLA MERCEDES SL,SAN LUIS,1,3.B,4,"81,194","0,000","0,000","44,492"
90001092,C.S. CARREFOUR VILLA URQUIZA,CAPITAL FEDERAL,1,4.C,4,"3,735","0,000","2,000","2,039"
90001181,C.S. CARREFOUR YERBA BUENA,TUCUMAN,1,4.C,4,"8,714","0,000","0,000","2,271"
90001128,C.S. CARREFOUR ZARATE,BUENOS AIRES,1,3.B,4,"8,237","0,000","1,658","6,332"
90001287,C.S. CASEROS,BUENOS AIRES,1,3.B,4,"16,557","0,000","2,717","8,765"
90001312,C.S. CATAMARCA,CATAMARCA,1,2.A,3,"11,315","0,000","4,303","16,346"
90003039,C.S. CHANGO MAS 3 DE FEBRERO,BUENOS AIRES,1,2.A,3,"18,282","0,000","3,626","8,272"
90003030,C.S. CHANGO MAS ALMIRANTE BROWN,BUENOS AIRES,1,3.B,4,"9,860","0,000","5,836","6,631"
90003033,C.S. CHANGO MAS CATAMARCA,CATAMARCA,1,3.B,4,"10,405","0,000","2,817","9,420"
90003041,C.S. CHANGO MAS CIPOLLETTI,RIO NEGRO,1,2.A,3,"11,946","0,000","1,612","7,573"
90003014,C.S. CHANGO MAS LA RIOJA,LA RIOJA,1,2.A,3,"47,754","0,000","0,000","51,281"
90003027,C.S. CHANGO MAS MAIPU,MENDOZA,1,3.B,4,"14,185","0,000","2,953","9,459"
90003035,C.S. CHANGO MAS MORENO,BUENOS AIRES,1,2.A,3,"15,089","0,000","3,711","9,532"
90001196,C.S. CHANGO MAS MORON,BUENOS AIRES,1,3.B,4,"11,903","0,000","4,767","11,702"
90003038,C.S. CHANGO MAS PARANA,ENTRE RIOS,1,3.B,4,"26,724","0,000","9,815","17,998"
90003022,C.S. CHANGO MAS SALTA,SALTA,1,2.A,3,"12,669","0,000","0,000","7,002"
90003023,C.S. CHANGO MAS STGO DEL ESTERO,SANTIAGO DEL ESTERO,1,2.A,3,"45,580","0,000","0,000","48,343"
90003026,C.S. CHANGO MAS TIGRE,BUENOS AIRES,1,2.A,3,"57,806","0,000","18,373","8,982"
90003048,C.S. CHANGO MAS VILLA NUEVA,CORDOBA,1,3.B,4,"14,982","0,000","0,000","6,115"
90001375,C.S. CHIVILCOY,BUENOS AIRES,1,2.A,3,"9,851","0,000","-0,020","6,584"
90001359,C.S. CID CAMPEADOR,CAPITAL FEDERAL,1,4.C,4,"11,002","0,000","2,573","3,581"
90001264,C.S. CIPOLLETTI,RIO NEGRO,1,2.A,3,"10,563","0,000","3,618","7,472"
90001283,C.S. CIUDADELA II,BUENOS AIRES,1,3.B,4,"9,795","0,000","13,630","30,444"
90001314,C.S. COMODORO RIVADAVIA,CHUBUT,1,2.A,3,"5,146","0,000","4,843","4,735"
90001358,C.S. CONCEPCION,TUCUMAN,1,3.B,4,"10,797","0,000","0,000","8,097"
90001333,C.S. CONCORDIA,ENTRE RIOS,1,2.A,3,"11,086","0,000","2,208","4,481"
90001281,C.S. CONGRESO,CAPITAL FEDERAL,1,1.VIP,2,"7,831","0,000","3,766","2,745"
90001214,C.S. CORDOBA III,CORDOBA,1,2.A,3,"10,230","0,000","1,938","6,823"
90001222,C.S. CORDOBA IV,CORDOBA,1,2.A,3,"7,789","0,000","1,977","4,417"
90001350,C.S. CORDOBA IX,CORDOBA,1,3.B,4,"11,232","0,000","3,888","6,337"
90001262,C.S. CORDOBA V,CORDOBA,1,2.A,3,"9,333","0,000","0,000","6,918"
90001295,C.S. CORDOBA VI,CORDOBA,1,3.B,4,"15,555","0,000","2,692","13,860"
90001294,C.S. CORDOBA VII,CORDOBA,1,3.B,4,"9,482","0,000","4,000","9,063"
90001293,C.S. CORDOBA VIII,CORDOBA,1,2.A,3,"13,106","0,000","60,763","11,096"
90001296,C.S. CORRIENTES,CORRIENTES,1,3.B,4,"8,766","0,000","1,869","3,245"
90001395,C.S. COTO EZEIZA,BUENOS AIRES,1,N,2,"4,960","0,000","0,000","4,552"
90001396,C.S. COTO NEUQUEN,NEUQUEN,1,5.D,6,"5,630","0,000","0,000","3,731"
90001393,C.S. COTO POMPEYA,CAPITAL FEDERAL,1,N,2,"15,360","0,000","3,880","10,535"
90001392,C.S. COTO SANTA FE,SANTA FE,1,N,2,"2,134","0,000","0,945","1,270"
90001079,C.S. DINO ALTO VERDE,CORDOBA,1,3.B,4,"17,615","0,000","4,000","12,452"
90001078,C.S. DINO RUTA 20,CORDOBA,1,2.A,3,"23,183","0,000","0,000","35,000"
90001080,C.S. DINO SAN VICENTE,CORDOBA,1,N,2,"13,512","0,000","0,000","0,000"
90001225,C.S. DON TORCUATO,BUENOS AIRES,1,3.B,4,"8,571","0,000","5,552","11,210"
90001329,C.S. ESCOBAR,BUENOS AIRES,1,4.C,4,"20,255","0,000","2,998","4,691"
90001371,C.S. EZEIZA,BUENOS AIRES,1,3.B,4,"48,711","0,000","1,964","47,539"
90001339,C.S. FLORENCIO VARELA,BUENOS AIRES,1,3.B,4,"11,972","0,000","4,324","9,585"
90001223,C.S. FLORES II,CAPITAL FEDERAL,1,2.A,3,"14,419","0,000","1,633","13,008"
90001268,C.S. FLORESTA,CAPITAL FEDERAL,1,2.A,3,"68,896","0,000","0,751","10,826"
90001336,C.S. FORMOSA,FORMOSA,1,3.B,4,"14,556","0,000","1,328","8,861"
90001389,C.S. FUERZA AEREA,CORDOBA,1,4.C,4,"14,818","0,000","3,785","16,858"
90001383,C.S. GALERIAS PACIFICO,CAPITAL FEDERAL,1,1.VIP,2,"5,390","0,000","0,721","1,393"
90001356,C.S. GARIN,BUENOS AIRES,1,3.B,4,"16,720","0,000","8,429","7,963"
90001250,C.S. GENERAL ROCA,RIO NEGRO,1,N,2,"18,049","0,000","2,000","25,000"
90001310,C.S. GENERAL ROCA II,RIO NEGRO,1,2.A,3,"10,904","0,000","1,876","11,031"
90001259,C.S. GENERAL RODRIGUEZ,BUENOS AIRES,1,3.B,4,"19,668","0,000","1,736","7,862"
90001299,C.S. GENERAL RODRIGUEZ II,BUENOS AIRES,1,2.A,3,"9,691","0,000","3,361","4,994"
90001255,C.S. GODOY CRUZ,MENDOZA,1,3.B,4,"8,844","0,000","2,874","7,497"
90001320,C.S. HAEDO I,BUENOS AIRES,1,4.C,4,"8,224","2,162","2,000","14,000"
90001346,C.S. HURLINGHAM,BUENOS AIRES,1,3.B,4,"16,953","0,000","2,966","12,390"
90001288,C.S. JOSE C. PAZ,BUENOS AIRES,1,2.A,3,"9,930","0,000","9,881","35,177"
90001227,C.S. JOSE LEON SUAREZ,BUENOS AIRES,1,3.B,4,"37,752","0,000","1,801","7,170"
90001313,C.S. JUJUY,JUJUY,1,3.B,4,"18,792","0,000","15,556","23,589"
90001205,C.S. LA ANONIMA ZAPALA,NEUQUEN,1,2.A,3,"12,635","0,000","0,000","6,774"
90001373,C.S. LA BANDA,SANTIAGO DEL ESTERO,1,3.B,4,"10,765","0,000","2,739","3,629"
90001302,C.S. LA PAMPA,LA PAMPA,1,3.B,4,"8,840","0,000","1,913","4,894"
90001224,C.S. LA PLATA,BUENOS AIRES,1,1.VIP,2,"5,453","0,000","5,833","3,366"
90001290,C.S. LA PLATA II,BUENOS AIRES,1,1.VIP,2,"6,397","0,000","3,583","1,306"
90001331,C.S. LA PLATA III,BUENOS AIRES,1,1.VIP,2,"5,667","0,000","1,706","1,989"
90001301,C.S. LA RIOJA,LA RIOJA,1,3.B,4,"12,451","0,000","0,000","6,366"
90001365,C.S. LA RIOJA II,LA RIOJA,1,3.B,4,"11,086","0,000","0,000","7,874"
90001226,C.S. LA TABLADA,BUENOS AIRES,1,3.B,4,"12,997","0,000","21,951","26,813"
90001252,C.S. LA TABLADA II,BUENOS AIRES,1,3.B,4,"10,707","0,000","2,497","8,773"
90001274,C.S. LAFERRERE,BUENOS AIRES,1,2.A,3,"39,386","0,000","14,934","8,449"
90001240,C.S. LANUS ESTE,BUENOS AIRES,1,2.A,3,"13,278","0,000","1,861","7,066"
90001280,C.S. LANUS II,BUENOS AIRES,1,2.A,3,"8,593","0,000","1,627","7,406"
90015017,C.S. LIBERTAD CORDOBA NORTE,CORDOBA,1,2.A,3,"13,566","0,000","3,716","10,924"
90015003,C.S. LIBERTAD J RIOS,CORDOBA,1,2.A,3,"11,168","0,000","2,801","10,848"
90015002,C.S. LIBERTAD LUGONES,CORDOBA,1,2.A,3,"17,793","0,000","3,901","24,272"
90015005,C.S. LIBERTAD MENDOZA,MENDOZA,1,2.A,3,"17,373","0,000","2,813","12,326"
90015001,C.S. LIBERTAD POSADAS,MISIONES,1,2.A,3,"16,138","0,000","0,000","6,986"
90015004,C.S. LIBERTAD RUTA 9,CORDOBA,1,2.A,3,"17,010","0,000","2,862","20,325"
90015013,C.S. LIBERTAD SALTA,SALTA,1,2.A,3,"15,268","0,000","0,000","9,777"
90015006,C.S. LIBERTAD SAN JUAN,SAN JUAN,1,2.A,3,"17,102","0,000","3,837","11,239"
90015014,C.S. LIBERTAD TUCUMAN II,TUCUMAN,1,2.A,3,"13,427","0,000","-0,017","11,443"
90001209,C.S. LINIERS,CAPITAL FEDERAL,1,3.B,4,"10,741","0,000","2,732","7,212"
90001213,C.S. LOMAS DE ZAMORA II,BUENOS AIRES,1,3.B,4,"16,619","0,000","1,899","9,681"
90001352,C.S. LOS POLVORINES,BUENOS AIRES,1,2.A,3,"10,015","0,000","2,580","5,711"
90001258,C.S. LUJAN,BUENOS AIRES,1,2.A,3,"13,219","0,000","4,449","12,687"
90001362,C.S. LUJAN DE CUYO,MENDOZA,1,4.C,4,"11,856","0,000","2,986","10,853"
90001308,C.S. MAIPU,MENDOZA,1,3.B,4,"9,315","0,000","2,837","5,126"
90001248,C.S. MAR DEL PLATA II,BUENOS AIRES,1,2.A,3,"10,521","0,000","1,927","8,291"
90001278,C.S. MAR DEL PLATA III,BUENOS AIRES,1,1.VIP,2,"6,825","0,000","5,881","3,714"
90001340,C.S. MAR DEL PLATA PUERTO,BUENOS AIRES,1,3.B,4,"10,517","0,000","3,661","44,721"
90016002,C.S. MARIANO MAX II,CORDOBA,1,2.A,3,"19,097","0,000","0,915","22,931"
90016004,C.S. MARIANO MAX V,CORDOBA,1,2.A,3,"16,438","0,000","0,000","15,170"
90001279,C.S. MARTINEZ,BUENOS AIRES,1,3.B,4,"9,913","0,000","2,814","3,326"
90001221,C.S. MENDOZA II,MENDOZA,1,N,2,"0,000","0,000","0,000","0,000"
90001266,C.S. MENDOZA III,MENDOZA,1,2.A,3,"9,076","0,000","1,518","3,848"
90001355,C.S. MENDOZA IV,MENDOZA,1,3.B,4,"15,760","0,000","2,800","12,423"
90001386,C.S. MENDOZA VI,MENDOZA,1,4.C,4,"14,177","0,000","3,443","11,065"
90001369,C.S. MERLO,BUENOS AIRES,1,3.B,4,"16,460","0,000","2,460","3,980"
90001239,C.S. MONTE CASTRO,CAPITAL FEDERAL,1,4.C,4,"10,667","0,000","4,640","5,560"
90001270,C.S. MONTE GRANDE,BUENOS AIRES,1,2.A,3,"10,351","0,000","1,887","4,907"
90001344,C.S. MONTE GRANDE II,BUENOS AIRES,1,2.A,3,"48,224","0,000","3,328","45,875"
90001063,C.S. MONTEVIDEO,CAPITAL FEDERAL,1,1.VIP,2,"5,828","0,000","3,663","3,163"
90001327,C.S. MONTEVIDEO II,CAPITAL FEDERAL,1,1.VIP,2,"4,601","0,000","0,660","1,118"
90001242,C.S. MORENO,BUENOS AIRES,1,2.A,3,"9,866","0,000","1,486","5,637"
90001241,C.S. MORON II,BUENOS AIRES,1,2.A,3,"5,917","0,000","0,787","4,248"
90001286,C.S. MUNRO,BUENOS AIRES,1,N,2,"11,129","0,000","1,000","4,000"
90001388,C.S. MUNRO II,BUENOS AIRES,1,3.B,4,"9,465","0,000","1,693","9,482"
90001390,C.S. NEUQUEN PARQUE CENTRAL,NEUQUEN,1,4.C,4,"10,944","0,000","4,304","12,965"
90001368,C.S. OBELISCO SUR,CAPITAL FEDERAL,1,1.VIP,2,"6,060","0,000","1,678","2,054"
90001053,C.S. ONCE,CAPITAL FEDERAL,1,1.VIP,2,"4,798","0,000","1,716","5,635"
90001203,C.S. PALERMO I,CAPITAL FEDERAL,1,1.VIP,2,"4,291","0,000","-0,070","2,921"
90001335,C.S. PALERMO II,CAPITAL FEDERAL,1,1.VIP,2,"5,371","0,000","0,866","2,742"
90001364,C.S. PALERMO SOHO,CAPITAL FEDERAL,1,2.A,3,"11,764","0,000","12,775","2,297"
90001370,C.S. PARANA,ENTRE RIOS,1,3.B,4,"13,825","0,000","13,493","8,412"
90001321,C.S. PARQUE PATRICIOS,CAPITAL FEDERAL,1,3.B,4,"18,331","4,842","2,658","9,394"
90001013,C.S. PERU,CAPITAL FEDERAL,1,1.VIP,2,"8,528","0,000","1,926","13,263"
90001215,C.S. PILAR,BUENOS AIRES,1,3.B,4,"123,606","0,000","19,714","73,051"
90001260,C.S. PILAR II,BUENOS AIRES,1,3.B,4,"27,657","0,000","1,782","2,580"
90001306,C.S. PINEYRO,BUENOS AIRES,1,2.A,3,"20,384","0,000","0,625","17,878"
90001363,C.S. PLAZA ITALIA,CAPITAL FEDERAL,1,1.VIP,2,"8,095","0,000","1,788","12,732"
90001263,C.S. POMPEYA,CAPITAL FEDERAL,1,3.B,4,"12,996","0,000","4,610","8,720"
90001238,C.S. POSADAS,MISIONES,1,3.B,4,"10,041","0,000","0,000","8,622"
90001028,C.S. PRIMERA JUNTA,CAPITAL FEDERAL,1,2.A,3,"14,599","0,000","2,586","10,780"
90001183,C.S. PUERTO MADRYN,CHUBUT,1,1.VIP,2,"7,377","0,000","7,908","4,899"
90001219,C.S. QUILMES II,BUENOS AIRES,1,3.B,4,"14,520","0,000","2,921","8,084"
90001291,C.S. QUILMES III,BUENOS AIRES,1,3.B,4,"8,684","0,000","29,129","31,521"
90001357,C.S. QUILMES OESTE,BUENOS AIRES,1,3.B,4,"12,485","0,000","2,744","6,348"
90001377,C.S. RAFAELA,SANTA FE,1,4.C,4,"6,504","0,000","1,962","9,305"
90001217,C.S. RAMOS MEJIA II,BUENOS AIRES,1,3.B,4,"13,036","0,000","7,287","9,633"
90001328,C.S. RESISTENCIA,CHACO,1,3.B,4,"10,055","0,000","3,153","5,375"
90001337,C.S. RESISTENCIA II,CHACO,1,3.B,4,"10,518","0,000","9,696","15,636"
90001326,C.S. RIO IV,CORDOBA,1,3.B,4,"9,850","0,500","1,868","14,167"
90001348,C.S. ROSARIO,SANTA FE,1,2.A,3,"17,436","0,000","4,967","12,100"
90001361,C.S. ROSARIO II,SANTA FE,1,3.B,4,"153,558","0,000","11,500","99,781"
90001397,C.S. ROSARIO III,SANTA FE,1,N,2,"-0,788","0,000","0,000","-0,567"
90001257,C.S. SALTA,SALTA,1,3.B,4,"18,120","0,000","0,000","23,000"
90001351,C.S. SALTA II,SALTA,1,2.A,3,"7,480","0,000","0,000","3,696"
90001391,C.S. SALTA III,SALTA,1,5.D,6,"9,134","0,000","0,000","3,333"
90001307,C.S. SAN FERNANDO,BUENOS AIRES,1,2.A,3,"9,249","0,000","3,533","4,935"
90001236,C.S. SAN ISIDRO,BUENOS AIRES,1,3.B,4,"10,430","0,000","1,800","14,451"
90001243,C.S. SAN JUAN,SAN JUAN,1,3.B,4,"22,248","0,000","11,821","24,772"
90001304,C.S. SAN JUAN II,SAN JUAN,1,3.B,4,"14,827","0,000","7,057","17,396"
90001285,C.S. SAN JUSTO,BUENOS AIRES,1,2.A,3,"14,572","0,000","9,234","8,890"
90001251,C.S. SAN LUIS,SAN LUIS,1,3.B,4,"13,918","0,000","2,894","6,288"
90001189,C.S. SAN MARTIN II,BUENOS AIRES,1,2.A,3,"32,485","0,000","-0,561","45,870"
90001237,C.S. SAN MARTIN MENDOZA,MENDOZA,1,2.A,3,"22,529","0,000","0,000","0,000"
90001385,C.S. SAN MARTIN MENDOZA II,MENDOZA,1,2.A,3,"10,496","0,000","-0,043","16,070"
90001218,C.S. SAN MIGUEL,BUENOS AIRES,1,3.B,4,"13,101","0,000","0,920","5,980"
90001305,C.S. SAN MIGUEL II,BUENOS AIRES,1,2.A,3,"15,764","0,000","2,627","7,374"
90001311,C.S. SAN RAFAEL,MENDOZA,1,3.B,4,"25,001","0,000","2,904","5,912"
90001354,C.S. SAN RAFAEL II,MENDOZA,1,3.B,4,"12,322","0,000","6,765","17,875"
90001324,C.S. SANTA FE,SANTA FE,1,1.VIP,2,"9,584","0,500","5,744","7,764"
90001315,C.S. SANTIAGO DEL ESTERO,SANTIAGO DEL ESTERO,1,3.B,4,"9,449","0,000","0,000","3,970"
90001345,C.S. SANTIAGO DEL ESTERO II,SANTIAGO DEL ESTERO,1,3.B,4,"15,328","0,000","0,000","6,066"
90001338,C.S. SARANDI,BUENOS AIRES,1,3.B,4,"13,753","0,000","2,904","8,807"
90001056,C.S. SHOPPING BOULEVARD,BUENOS AIRES,1,4.C,4,"3,739","0,000","2,000","3,000"
90001261,C.S. SHOPPING CABALLITO,CAPITAL FEDERAL,1,3.B,4,"12,229","0,000","2,730","43,183"
90017003,C.S. SHOPPING DEVOTO,CAPITAL FEDERAL,1,3.B,4,"17,368","0,000","1,668","13,898"
90017006,C.S. SHOPPING POSADAS,MISIONES,1,2.A,3,"10,931","0,000","0,000","3,127"
90017004,C.S. SHOPPING ROSARIO,SANTA FE,1,N,2,"4,642","0,000","0,000","0,000"
90001387,C.S. SHOPPING ROSARIO II,SANTA FE,1,2.A,3,"8,842","0,000","1,977","11,677"
90001193,C.S. SHOPPING SAN JUSTO,BUENOS AIRES,1,3.B,4,"10,296","0,000","1,710","3,323"
90017005,C.S. SHOPPING SOLAR DE LA ABADIA,CAPITAL FEDERAL,1,2.A,3,"7,032","0,000","1,000","13,242"
90001342,C.S. TANDIL,BUENOS AIRES,1,3.B,4,"26,274","0,000","2,930","18,277"
90001360,C.S. TIGRE,BUENOS AIRES,1,3.B,4,"15,209","0,000","7,584","3,315"
90001394,C.S. TODO BARILOCHE,RIO NEGRO,1,N,2,"3,180","0,000","0,000","1,800"
90001300,C.S. TRELEW,CHUBUT,1,3.B,4,"14,893","0,000","4,582","14,650"
90001317,C.S. TRIBUNALES,CAPITAL FEDERAL,1,2.A,3,"12,440","0,000","4,183","7,692"
90001254,C.S. TUCUMAN,TUCUMAN,1,2.A,3,"15,569","0,000","-0,014","13,126"
90001349,C.S. TUCUMAN II,TUCUMAN,1,3.B,4,"11,939","0,000","1,896","6,667"
90001316,C.S. TUNUYAN,MENDOZA,1,2.A,3,"14,722","0,000","0,000","11,317"
90001380,C.S. USHUAIA,TIERRA DEL FUEGO,1,2.A,3,"80,343","0,000","17,720","66,046"
90001372,C.S. VENADO TUERTO,SANTA FE,1,4.C,4,"8,803","0,000","-0,009","7,923"
90001323,C.S. VICTORIA,BUENOS AIRES,1,2.A,3,"8,640","2,078","3,624","6,658"
90001347,C.S. VILLA BALLESTER,BUENOS AIRES,1,3.B,4,"12,289","0,000","5,791","4,927"
90001366,C.S. VILLA CARLOS PAZ,CORDOBA,1,4.C,4,"9,030","0,000","-0,001","11,814"
90001249,C.S. VILLA CRESPO,CAPITAL FEDERAL,1,2.A,3,"8,199","0,000","1,622","3,823"
90001292,C.S. VILLA DEL PARQUE,CAPITAL FEDERAL,1,3.B,4,"12,534","0,000","3,545","31,189"
90001318,C.S. VILLA DEL PARQUE II,CAPITAL FEDERAL,1,2.A,3,"14,341","0,000","2,545","11,374"
90001269,C.S. VILLA DEVOTO,CAPITAL FEDERAL,1,2.A,3,"9,085","0,000","3,590","9,002"
90001322,C.S. VILLA LUGANO,CAPITAL FEDERAL,1,3.B,4,"11,963","4,824","5,322","6,322"
90001253,C.S. VILLA URQUIZA,CAPITAL FEDERAL,1,2.A,3,"10,669","0,000","1,660","5,817"
90003049,C.S. WAL MART COMODORO RIVADAVIA,CHUBUT,1,4.C,4,"14,611","0,000","3,000","21,000"
90003002,C.S. WAL MART CONSTITUYENTES,CAPITAL FEDERAL,1,1.VIP,2,"16,902","0,000","5,741","53,003"
90003009,C.S. WAL MART CORDOBA ESTE,CORDOBA,1,2.A,3,"12,536","0,602","1,877","8,279"
90003010,C.S. WAL MART CORDOBA OESTE,CORDOBA,1,3.B,4,"17,400","0,000","1,982","14,160"
90003021,C.S. WAL MART CORDOBA SUR,CORDOBA,1,3.B,4,"26,221","0,000","0,939","25,303"
90003017,C.S. WAL MART CORRIENTES,CORRIENTES,1,3.B,4,"14,014","0,000","3,687","7,990"
90003004,C.S. WAL MART LA PLATA,BUENOS AIRES,1,2.A,3,"13,542","0,000","1,866","20,282"
90003046,C.S. WAL MART LAFERRERE,BUENOS AIRES,1,4.C,4,"11,033","0,000","0,870","63,297"
90003047,C.S. WAL MART LANUS,BUENOS AIRES,1,3.B,4,"11,371","0,000","4,673","10,856"
90003016,C.S. WAL MART LAS HERAS,MENDOZA,1,2.A,3,"15,227","0,000","16,111","377,450"
90003031,C.S. WAL MART LUJAN,BUENOS AIRES,1,4.C,4,"6,840","0,000","0,963","4,087"
90003036,C.S. WAL MART MALVINAS ARGENTINAS,BUENOS AIRES,1,2.A,3,"10,974","0,000","5,570","7,452"
90003011,C.S. WAL MART MENDOZA,MENDOZA,1,2.A,3,"92,588","0,000","19,768","22,176"
90003008,C.S. WAL MART NEUQUEN,NEUQUEN,1,2.A,3,"13,657","0,000","2,733","18,018"
90003020,C.S. WAL MART QUILMES,BUENOS AIRES,1,2.A,3,"17,577","0,000","6,494","9,943"
90003012,C.S. WAL MART RIO CUARTO,CORDOBA,1,4.C,4,"9,143","0,000","0,994","3,530"
90003015,C.S. WAL MART SAN FERNANDO,BUENOS AIRES,1,4.C,4,"22,483","0,000","-0,025","30,272"
90003013,C.S. WAL MART SAN LUIS,SAN LUIS,1,2.A,3,"10,989","0,000","3,949","6,807"
90003006,C.S. WAL MART SANTA FE,SANTA FE,1,4.C,4,"7,997","0,000","1,000","9,000"
90003018,C.S. WAL MART SARANDI,BUENOS AIRES,1,2.A,3,"17,018","0,000","3,460","10,206"
90003019,C.S. WAL MART TABLADA,BUENOS AIRES,1,2.A,3,"15,708","0,000","6,719","43,661"
90001265,C.S. WILDE,BUENOS AIRES,1,3.B,4,"14,601","0,000","1,759","5,090"
90001332,C.S. WILLIAM MORRIS,BUENOS AIRES,1,4.C,4,"8,251","0,000","2,557","6,606"
90001374,C.S. YERBA BUENA,TUCUMAN,1,4.C,4,"6,950","0,000","0,000","0,337"
90001343,C.S. ZARATE,BUENOS AIRES,1,3.B,4,"38,808","0,000","0,608","86,085"
90001334,C.S.MONTE CHINGOLO,BUENOS AIRES,1,3.B,4,"11,967","0,000","2,764","3,413"
90001325,C.S.VILLA MERCEDES,SAN LUIS,1,2.A,3,"9,886","0,500","0,000","8,059"
12449827,CABINA SAN JORGE,SANTIAGO DEL ESTERO,1,4.C,4,"0,031","0,992","0,000","0,991"
12349044,CABINA SANTA RITA,CORRIENTES,1,4.C,4,"3,792","-0,110","0,000","0,988"
8849507,CABINAS TELEFONICAS COOP.ELECT.TOLEDO,CORDOBA,1,4.C,4,"2,175","0,000","0,000","1,754"
8849665,CABINAS TELEFONICAS HOLA,BUENOS AIRES,1,1.VIP,2,"7,841","-0,805","0,000","7,707"
12649520,CACCIATO,BUENOS AIRES,1,2.A,3,"2,414","0,000","0,000","3,717"
8149795,CACERES SEGUROS,NEUQUEN,1,N,2,"0,000","0,000","0,000","0,000"
7449144,CACTUS,CHACO,1,1.VIP,2,"1,715","0,976","0,000","4,674"
12849954,CADENA 1440 SCALABRINI,CAPITAL FEDERAL,1,4.C,4,"5,723","0,000","0,000","5,000"
12049348,CAF GIM,JUJUY,1,2.A,3,"1,482","2,854","0,000","1,774"
13049742,CAFE COLON,CORDOBA,1,4.C,4,"7,051","-0,276","0,000","5,680"
8149042,CAJA DE CREDITO CUENCA C.L,BUENOS AIRES,1,4.C,4,"0,792","0,000","0,000","6,779"
6401002,CAJA MUTUAL SAN CRISTOBAL II,ENTRE RIOS,1,N,2,"0,000","0,000","0,000","0,000"
6401003,CAJA MUTUAL SAN CRISTOBAL III,CORDOBA,1,N,2,"0,000","0,000","0,000","0,000"
8249107,CAJAL TURISMO,SANTIAGO DEL ESTERO,1,1.VIP,2,"0,389","-0,046","0,000","2,909"
8249143,CAJAL TURISMO 2,SANTIAGO DEL ESTERO,1,1.VIP,2,"2,675","-0,054","0,000","1,398"
12949607,CALANGO,CAPITAL FEDERAL,1,N,2,"0,000","0,000","0,000","0,000"
12949166,CALCIMAR,CAPITAL FEDERAL,1,5.D,6,"-0,111","0,500","0,000","1,000"
12949664,CALCIMAR II,CAPITAL FEDERAL,1,N,2,"-0,056","0,000","0,000","0,000"
11249029,CALERA PINAMAR,BUENOS AIRES,1,4.C,4,"0,328","0,000","0,000","1,000"
8149204,CALGARO SEGUROS,CORRIENTES,1,4.C,4,"7,221","0,000","0,000","-0,210"
9749938,CALIZ,BUENOS AIRES,1,5.D,6,"-0,041","-0,010","0,000","-0,018"
12649610,CALL CENTER,CORDOBA,1,1.VIP,2,"8,595","0,000","0,000","7,501"
8049251,CALL CENTER,CORDOBA,1,N,2,"15,317","1,259","0,000","0,000"
10149019,CALLAO PAGOS,CAPITAL FEDERAL,1,N,2,"0,327","0,000","0,000","0,000"
10949073,CALUFA,SANTIAGO DEL ESTERO,1,4.C,4,"1,700","0,000","0,000","3,879"
9349029,CALZADOS DI MONNA,BUENOS AIRES,1,N,2,"0,000","0,000","0,000","0,000"
8149402,CAM MORENO,BUENOS AIRES,1,N,2,"0,465","0,000","0,000","0,000"
8149403,CAM MORON,BUENOS AIRES,1,N,2,"0,000","0,000","0,000","0,000"
6449020,CAMARA DE COMERCIO F VARELA,BUENOS AIRES,1,N,2,"2,991","0,000","0,000","0,000"
6449521,CAMARA DE COMERCIO IND Y PRO DE BRANDSEN,BUENOS AIRES,1,N,2,"-0,033","0,000","0,000","0,000"
7549360,CAMARA DE COMERCIO Y SERVICIOS,SAN LUIS,1,4.C,4,"0,557","0,000","0,000","4,473"
12649543,CAMBIA TU VIDA,CORDOBA,1,4.C,4,"-0,126","0,000","0,000","1,856"
12749519,CAMBIO CAUCETE,SAN JUAN,1,4.C,4,"3,216","0,000","0,000","6,000"
9149100,CAMBIO DEM S.A.S,BUENOS AIRES,1,N,2,"3,022","1,491","0,000","0,000"
12749530,CAMBIO RAWSON,SAN JUAN,1,5.D,6,"0,000","0,000","0,000","1,000"
12749508,CAMBIO SAN JUAN,SAN JUAN,1,1.VIP,2,"3,401","0,000","0,000","1,467"
12749591,CAMBIO SAN JUAN II,SAN JUAN,1,5.D,6,"5,022","0,000","0,000","2,806"
12749660,CAMBIO SAN JUAN III,MENDOZA,1,N,2,"0,671","-0,429","0,000","0,747"
10349336,CAMELOT,BUENOS AIRES,1,3.B,4,"1,922","-0,088","0,000","5,702"
12949740,CAMILA SHOP,SANTIAGO DEL ESTERO,1,N,2,"0,000","0,000","0,000","0,000"
12749579,CAMPAGNA SEGUROS,SANTA FE,1,N,2,"-0,126","0,000","0,000","-0,062"
12649766,CAMPICHUELO 225,CAPITAL FEDERAL,1,5.D,6,"10,322","0,000","0,000","7,488"
8149614,CANDA MORENO,BUENOS AIRES,1,N,2,"3,751","0,000","0,000","0,000"
12249214,CANDE FULL 1,CAPITAL FEDERAL,1,1.VIP,2,"12,019","0,000","0,000","5,955"
12249215,CANDE FULL II,CAPITAL FEDERAL,1,2.A,3,"2,363","0,000","0,000","1,982"
7149080,CANDE FULL IV,BUENOS AIRES,1,N,2,"0,000","0,000","0,000","0,000"
12249221,CANDE FULLL III,BUENOS AIRES,1,2.A,3,"2,459","0,000","0,000","1,000"
8649078,CANDELARIA,SALTA,1,N,2,"1,604","0,102","0,000","0,000"
6949408,CANDOS,CAPITAL FEDERAL,1,2.A,3,"4,368","-0,595","0,000","4,162"
12149259,CANDY CENTER,BUENOS AIRES,1,5.D,6,"-0,231","0,000","0,000","-0,018"
12049970,CANDY CRS,BUENOS AIRES,1,2.A,3,"6,509","1,114","0,000","3,000"
11949451,CANDY II,BUENOS AIRES,1,1.VIP,2,"4,686","2,000","0,000","3,427"
13049446,CANDY KING,CAPITAL FEDERAL,1,N,2,"0,000","0,000","0,000","0,000"
13049449,CANDY KING 2,CAPITAL FEDERAL,1,5.D,6,"3,293","0,000","0,000","14,000"
13049633,CANDY KIOSCO,MENDOZA,1,N,2,"0,721","-0,140","0,000","1,658"
12849998,CANDY SHOP,BUENOS AIRES,1,N,2,"3,516","0,000","0,000","3,000"
13049252,CANDY SHOP,SANTA FE,1,5.D,6,"0,000","0,000","0,000","0,000"
13049659,CANDY STORE,CHUBUT,1,5.D,6,"-0,144","-0,116","0,000","-0,099"
13049827,CANDY2,BUENOS AIRES,1,5.D,6,"-0,022","0,000","0,000","-0,008"
11949835,CANDY-STORE,SANTA FE,1,N,2,"0,000","0,000","0,000","0,000"
7449168,CANELA MIEL,SANTIAGO DEL ESTERO,1,1.VIP,2,"2,515","-0,103","0,000","1,758"
12949217,CANOB,CAPITAL FEDERAL,1,4.C,4,"-0,065","0,500","0,000","2,782"
9849257,CANTINA DON GENARO,BUENOS AIRES,1,N,2,"3,741","0,500","0,000","0,000"
6449432,CANUELAS GAS S.A,BUENOS AIRES,1,N,2,"3,536","0,500","0,000","0,000"
10349144,CAP G CATAN,BUENOS AIRES,1,N,2,"0,267","0,000","0,000","0,000"
12449673,CAPADOCIA,CORRIENTES,1,N,2,"0,000","0,120","0,000","0,000"
12749229,CAPELLONI PRODUCTOR DE  SEGUROS,MENDOZA,1,3.B,4,"-0,552","0,500","0,000","1,452"
12849718,CAPRI POINT,BUENOS AIRES,1,N,2,"0,997","0,000","0,000","0,000"
9749738,CARDENAS & AQUINO,MENDOZA,1,5.D,6,"0,000","0,000","0,000","2,000"
5149900,CARGAR ACA FARMACIA VILARAN,CHUBUT,1,N,2,"0,000","0,000","0,000","0,000"
12649625,CARLITOS EL 19,CHACO,1,4.C,4,"-0,135","0,000","0,000","2,906"
7049961,CARLITOS MAXIKIOSCO TIENDA,MISIONES,1,1.VIP,2,"0,869","-0,046","0,000","1,738"
12949048,CARMAN PAGOS,BUENOS AIRES,1,3.B,4,"5,266","0,000","0,000","1,332"
7449242,CARMELA,CORDOBA,1,N,2,"7,992","0,000","0,000","26,000"
10349500,CARNALAS,TUCUMAN,1,3.B,4,"16,517","-0,410","0,000","13,378"
6649073,CARNES EL GUARANI,CORDOBA,1,5.D,6,"0,000","0,000","0,000","0,000"
6449461,CARNET DE CONDUCTOR,CHACO,1,N,2,"0,000","0,000","0,000","0,000"
6649082,CARNICERIA BECERRO,CHUBUT,1,5.D,6,"-0,030","-0,040","0,000","-0,012"
6649058,CARNICERIA COMAN DE LORETO,SANTIAGO DEL ESTERO,1,N,2,"1,594","0,488","0,000","0,000"
12149230,CARNICERIA CRISTIAN,SANTA FE,1,5.D,6,"-0,002","0,000","0,000","-0,007"
6649057,CARNICERIA DEL FONDO,SANTA FE,1,N,2,"2,457","0,312","0,000","0,000"
9749034,CARNICERIA EL GRINGO,BUENOS AIRES,1,4.C,4,"0,172","0,000","0,000","0,999"
6649045,CARNICERIA EL TURCO,SANTA CRUZ,1,5.D,6,"0,015","0,000","0,000","-0,004"
6649068,CARNICERIA Y VINOTECA DON ROBERTO,CORDOBA,1,N,2,"0,000","0,000","0,000","0,000"
9449057,CAROL NOVEDADES,MISIONES,1,N,2,"0,582","0,000","0,000","1,857"
8149531,CAROLINA SILBA - AGENCIA DE SEGUROS,SAN LUIS,1,5.D,6,"1,381","0,000","0,000","-0,042"
11349054,CAROLMAR,BUENOS AIRES,1,N,2,"0,000","0,000","0,000","0,000"
8110000,CARTA AUTOMATICA CASA MATRIZ,BUENOS AIRES,1,N,2,"0,000","0,000","0,000","0,000"
11949999,CARTAGO,CHACO,1,1.VIP,2,"2,003","0,104","0,000","2,197"
12749383,CARTASUR  CASEROS (SOLO PEI),BUENOS AIRES,1,N,2,"0,000","0,000","0,000","0,000"
8649099,CAS GRI,BUENOS AIRES,1,1.VIP,2,"7,180","0,000","0,000","17,244"
12449972,CASA 11,SAN LUIS,1,N,2,"3,492","0,792","0,000","0,000"
11949089,CASA ALI- AN,CORDOBA,1,3.B,4,"4,407","-0,010","0,000","4,620"
7549438,CASA BELTRAMO,SANTIAGO DEL ESTERO,1,2.A,3,"1,597","1,844","0,000","2,894"
5449575,CASA BELTRAMO 2,SANTIAGO DEL ESTERO,1,4.C,4,"2,752","0,000","0,000","2,950"
5449256,CASA BETO,BUENOS AIRES,1,1.VIP,2,"3,979","2,000","0,000","3,637"
12649603,CASA BLANCA PF,CHACO,1,N,2,"0,000","0,000","0,000","0,000"
12849062,CASA CARLITOS,SANTIAGO DEL ESTERO,1,4.C,4,"1,760","-0,040","0,000","-0,150"
6449477,CASA CENTRAL,CORRIENTES,1,4.C,4,"0,762","0,000","0,000","1,734"
13049628,CASA CRYPTO,MISIONES,1,N,2,"2,874","0,000","0,000","0,000"
9749755,CASA DON CARLITOS,MISIONES,1,4.C,4,"36,595","0,000","0,000","0,953"
90049151,CASA ESPANA,CORDOBA,1,N,2,"1,449","0,000","0,000","0,000"
7549275,CASA EVERYTHING,CORDOBA,1,3.B,4,"-0,391","0,000","0,000","2,908"
5949072,CASA FIUMARA AGENCIA DE LOTERIA,SANTA FE,1,1.VIP,2,"4,450","-0,804","0,000","3,369"
10449062,CASA FLORES,JUJUY,1,4.C,4,"2,713","0,500","0,000","1,000"
12849448,CASA FLORES II,JUJUY,1,4.C,4,"1,933","0,476","0,000","0,960"
6449485,CASA FONZI,BUENOS AIRES,1,5.D,6,"9,859","0,000","0,000","11,000"
12649078,CASA HERNAN,CAPITAL FEDERAL,1,4.C,4,"1,751","0,000","0,000","4,606"
12749026,CASA JULIO,ENTRE RIOS,1,N,2,"0,526","0,500","0,000","0,000"
6949741,CASA KUKY,CORDOBA,1,5.D,6,"1,479","0,492","0,000","-0,008"
9749919,CASA LILIAN,JUJUY,1,5.D,6,"-0,083","0,000","0,000","-0,096"
9849100,CASA LUGUI,BUENOS AIRES,1,2.A,3,"4,758","0,000","0,000","3,058"
8349033,CASA MAFFEI,BUENOS AIRES,1,N,2,"0,000","0,000","0,000","0,000"
6749239,CASA MARNEL,CATAMARCA,1,N,2,"-0,031","-0,034","0,000","-0,002"
12949054,CASA MARTINEZ,CHACO,1,2.A,3,"0,581","-0,094","0,000","2,923"
10049113,CASA MENDIETA,BUENOS AIRES,1,5.D,6,"2,955","0,000","0,000","1,903"
7449219,CASA MILAGROS CRS,BUENOS AIRES,1,2.A,3,"4,182","0,000","0,000","2,849"
7249146,CASA OLIMAR,CORDOBA,1,2.A,3,"4,632","0,000","0,000","38,000"
6949605,CASA P.B.D 1,BUENOS AIRES,1,2.A,3,"3,075","-0,096","0,000","7,592"
6949520,CASA P.B.D.,BUENOS AIRES,1,3.B,4,"4,581","0,486","0,000","2,404"
7549413,CASA PAEZ,BUENOS AIRES,1,3.B,4,"3,591","0,000","0,000","0,000"
6949726,CASA PDB EXPRESS,BUENOS AIRES,1,4.C,4,"-0,161","0,698","0,000","0,934"
7549494,CASA PERALTA,BUENOS AIRES,1,1.VIP,2,"29,429","0,000","0,000","3,520"
11949203,CASA ROMAN,RIO NEGRO,1,3.B,4,"4,347","0,234","0,000","2,405"
5449533,CASA ROYER,BUENOS AIRES,1,4.C,4,"1,347","0,000","0,000","6,000"
12949484,CASA SIERRO,RIO NEGRO,1,4.C,4,"1,648","0,000","0,000","3,836"
12649569,CASA VICENTE,CAPITAL FEDERAL,1,1.VIP,2,"3,563","0,000","0,000","2,353"
6949600,CASA VILLANUEVA,BUENOS AIRES,1,2.A,3,"4,979","0,000","0,000","15,000"
13049845,CASA VILLANUEVA CRS,BUENOS AIRES,1,N,2,"5,746","-0,026","0,000","3,807"
12749521,CASAZZA SEGUROS,MENDOZA,1,4.C,4,"-0,148","0,000","0,000","2,000"
12949540,CASH FULL,CAPITAL FEDERAL,1,2.A,3,"5,982","0,000","0,000","2,000"
6649072,CASILLA FIAMBRERIA,TUCUMAN,1,3.B,4,"15,315","0,000","0,000","18,000"
12949769,CASS EXPRESS,MENDOZA,1,N,2,"-0,176","-0,242","0,000","-0,201"
6249077,CASTELAR SHOP,BUENOS AIRES,1,N,2,"0,056","0,000","0,000","0,000"
11049460,CATALINA,SALTA,1,N,2,"5,753","0,000","0,000","4,000"
8649132,CATALINA MEDIALUNA,BUENOS AIRES,1,N,2,"0,000","0,000","0,000","0,000"
12949495,CATALO SERVICIOS,BUENOS AIRES,1,4.C,4,"-0,315","0,000","0,000","3,638"
8749086,CATAN,BUENOS AIRES,1,1.VIP,2,"19,161","2,000","0,000","1,000"
10049093,CAYLU,CAPITAL FEDERAL,1,N,2,"2,399","0,000","0,000","0,000"
10049094,CAYLU II,CAPITAL FEDERAL,1,N,2,"4,428","0,000","0,000","0,000"
7449098,CEBRA LISA,CATAMARCA,1,N,2,"0,000","0,000","0,000","0,000"
12749443,CECILIA MELA SEGUROS,ENTRE RIOS,1,5.D,6,"0,763","0,000","0,000","0,000"
12849387,CECIMAR,CAPITAL FEDERAL,1,N,2,"3,102","0,000","0,000","0,000"
7449246,CECLA,SAN JUAN,1,4.C,4,"3,705","0,000","0,000","4,000"
6449406,CEDEL,BUENOS AIRES,1,4.C,4,"-0,231","1,414","0,000","4,545"
5249125,CEJAS BLANCA NOEMI,FORMOSA,1,5.D,6,"1,462","0,000","0,000","0,000"
6349530,CELL OBERA,MISIONES,1,N,2,"0,000","0,000","0,000","0,000"
10149028,CELLEXPRESS (SOLO PEI ),BUENOS AIRES,1,5.D,6,"0,000","0,000","0,000","0,000"
11449175,CELLEXPRESS 2 (SOLO PEI),BUENOS AIRES,1,N,2,"-0,001","0,000","0,000","0,000"
6349472,CELLMAR,SANTA FE,1,3.B,4,"0,856","0,000","0,000","3,000"
10049042,CELLONE,BUENOS AIRES,1,N,2,"0,000","0,000","0,000","0,000"
10049045,CELLONE 2,BUENOS AIRES,1,N,2,"0,000","0,000","0,000","0,000"
7149121,CELTA FOTOCOPIADORA,ENTRE RIOS,1,N,2,"7,889","0,000","0,000","0,000"
6349512,CELUCENTER,SANTA FE,1,N,2,"0,975","0,000","0,000","0,000"
6349526,CELULARES ACCESORIZATE 2,BUENOS AIRES,1,5.D,6,"5,876","0,000","0,000","4,000"
10049134,CELULARES ROBERI,BUENOS AIRES,1,N,2,"1,166","0,000","0,000","1,848"
6149528,CEMAFE,SAN JUAN,1,5.D,6,"0,655","0,000","0,000","0,000"
13049611,CENTER 1,CORRIENTES,1,N,2,"0,908","0,000","0,000","0,000"
13049612,CENTER 2,CORRIENTES,1,5.D,6,"0,000","0,000","0,000","0,000"
12249219,CENTER SERVICE,CAPITAL FEDERAL,1,N,2,"0,000","0,292","0,000","0,000"
12049904,CENTER SHOP,CHACO,1,1.VIP,2,"9,329","0,018","0,000","8,501"
8149942,CENTRAL ASESORES DE SEGUROS,CORRIENTES,1,4.C,4,"0,935","0,000","0,000","-0,003"
5349611,CENTRAL DE PASAJE DIAMANTE,BUENOS AIRES,1,N,2,"-0,007","0,000","0,000","0,000"
8249154,CENTRAL DE PASAJES WEB CONSTITUCION,BUENOS AIRES,1,1.VIP,2,"5,071","1,191","0,000","1,617"
7949092,CENTRAL DE PASAJES WEB DE LAS MEDUSAS,BUENOS AIRES,1,5.D,6,"-0,039","0,000","0,000","-0,001"
8249090,CENTRAL DE PASAJES WEB MAR DE AJO,BUENOS AIRES,1,1.VIP,2,"2,102","2,000","0,000","3,915"
8249063,CENTRAL DE PASAJES WEB MAR DEL PLATA,BUENOS AIRES,1,4.C,4,"0,000","0,000","0,000","2,000"
8249062,CENTRAL DE PASAJES WEB OSTENDE,BUENOS AIRES,1,1.VIP,2,"3,609","3,000","0,000","2,750"
8249061,CENTRAL DE PASAJES WEB PINAMAR,BUENOS AIRES,1,4.C,4,"4,615","0,519","0,000","3,901"
8249160,CENTRAL DE PASAJES WEB RUTA 11,BUENOS AIRES,1,5.D,6,"-0,017","1,304","0,000","0,000"
5349577,CENTRAL DE PASAJES WEB SAAVEDRA,BUENOS AIRES,1,5.D,6,"-0,003","0,000","0,000","2,000"
8249049,CENTRAL DE PASAJES WEB SAN CLEMENTE,BUENOS AIRES,1,1.VIP,2,"4,441","1,279","0,000","2,727"
8249050,CENTRAL DE PASAJES WEB SANTA TERESITA,BUENOS AIRES,1,1.VIP,2,"8,465","4,000","0,000","5,734"
8249060,CENTRAL DE PASAJES WEB VILLA GESELL,BUENOS AIRES,1,1.VIP,2,"0,851","-0,772","0,000","3,899"
8249110,CENTRAL DE PASAJES WEB VILLA GESELL 3,BUENOS AIRES,1,4.C,4,"-0,160","2,867","0,000","-0,057"
5349581,CENTRAL DE PASAJES WEB YRIGOYEN,BUENOS AIRES,1,5.D,6,"-0,012","0,000","0,000","3,999"
12849415,CENTRAL PAGOS SA,BUENOS AIRES,1,N,2,"1,000","0,440","0,000","0,000"
9749547,CENTRAL SHOP 24 HS,CHACO,1,4.C,4,"-0,081","1,220","0,000","0,979"
6349458,CENTRAL TELEFONICA,MENDOZA,1,3.B,4,"5,279","-0,128","0,000","2,601"
12849150,CENTRAL TELEFONICA II,MENDOZA,1,4.C,4,"0,529","1,750","0,000","3,975"
12849876,CENTRO,CHACO,1,3.B,4,"-0,138","0,000","0,000","3,935"
11949989,CENTRO AVELLANEDA,BUENOS AIRES,1,N,2,"8,935","0,000","0,000","0,000"
12949443,CENTRO AYACUCHO,CAPITAL FEDERAL,1,5.D,6,"5,395","0,000","0,000","0,000"
8149844,CENTRO BELKY ACOSTA,BUENOS AIRES,1,N,2,"1,330","0,000","0,000","0,000"
8249112,CENTRO CELINA,BUENOS AIRES,1,N,2,"7,826","4,423","0,000","0,000"
6349431,CENTRO COM,BUENOS AIRES,1,4.C,4,"-0,207","0,000","0,000","2,887"
10049053,CENTRO COMERCIAL BUENOSVIENTOS,SANTA CRUZ,1,4.C,4,"3,748","0,586","0,000","2,955"
90049010,CENTRO COMERCIAL E INDUSTRIAL FRAY LUIS,SANTA FE,1,1.VIP,2,"2,424","0,000","0,000","2,592"
12249242,CENTRO CORDOBA,CAPITAL FEDERAL,1,4.C,4,"0,399","0,005","0,000","1,000"
6449201,CENTRO DE ALMACENEROS,CORDOBA,1,5.D,6,"-0,036","0,000","0,000","0,000"
12949546,CENTRO DE COBRO ALSINA 28 SAN ISIDRO,BUENOS AIRES,1,5.D,6,"0,000","0,000","0,000","0,000"
13049128,CENTRO DE COBROS CAMILA,MENDOZA,1,2.A,3,"4,532","0,000","0,000","3,000"
12849404,CENTRO DE COMPRAS 245,RIO NEGRO,1,N,2,"2,273","0,476","0,000","0,000"
6549062,CENTRO DE COPIADO,MENDOZA,1,4.C,4,"-0,264","0,212","0,000","4,726"
6949745,CENTRO DE COPIADO ALMAFUERTE I,CORDOBA,1,2.A,3,"3,359","0,000","0,000","0,000"
7149142,CENTRO DE COPIADO SUR,SANTA FE,1,5.D,6,"4,986","0,000","0,000","10,000"
8049288,CENTRO DE PAGOS,NEUQUEN,1,N,2,"0,030","1,806","0,000","0,000"
12849367,CENTRO DE PAGOS CALLE BS AS NEUQUEN,NEUQUEN,1,N,2,"6,564","0,020","0,000","0,000"
12849369,CENTRO DE PAGOS CALLE SAN LUIS NEUQUEN,NEUQUEN,1,N,2,"29,214","0,080","0,000","0,000"
8049324,CENTRO DE PAGOS II,NEUQUEN,1,N,2,"4,025","0,000","0,000","0,000"
10349434,CENTRO DE PAGOS JUSTO DARACT,SAN LUIS,1,5.D,6,"0,604","0,000","0,000","4,863"
12849690,CENTRO DE PAGOS LAS 200,RIO NEGRO,1,4.C,4,"0,000","0,000","0,000","2,000"
12949265,CENTRO DE PAGOS LAS FLORES,BUENOS AIRES,1,N,2,"2,642","0,000","0,000","0,000"
13049710,CENTRO DE PAGOS NECOCHEA,JUJUY,1,5.D,6,"-0,291","-0,034","0,000","-0,135"
12449988,CENTRO DE PAGOS OESTE,NEUQUEN,1,N,2,"2,277","1,208","0,000","0,000"
6349523,CENTRO DE PAGOS SAN MARTIN,NEUQUEN,1,2.A,3,"2,417","0,000","0,000","2,656"
12849368,CENTRO DE PAGOS VILLA MERCEDES,SAN LUIS,1,1.VIP,2,"4,098","0,232","0,000","9,000"
12449760,CENTRO DE PAGOS Y ENVIOS BANDA,SANTIAGO DEL ESTERO,1,1.VIP,2,"2,158","0,186","0,000","3,000"
13049112,CENTRO DE SERVICIO CORDIEZ VD,CORDOBA,1,1.VIP,2,"2,101","0,000","0,000","1,143"
8449009,CENTRO DE SERVICIO SUPER COCO VD,CORDOBA,1,5.D,6,"4,644","0,000","0,000","15,000"
6449469,CENTRO DE SERVICIOS AIMOGASTA,LA RIOJA,1,4.C,4,"-0,116","0,000","0,000","-0,070"
10349214,CENTRO DE SERVICIOS GUAYMALLEN,MENDOZA,1,2.A,3,"4,143","0,963","0,000","2,566"
8049200,CENTRO DE SERVICIOS LAS CATITAS,MENDOZA,1,2.A,3,"2,376","0,000","0,000","13,879"
7149085,CENTRO DE SERVICIOS LOS HERMANOS,CAPITAL FEDERAL,1,N,2,"1,905","0,492","0,000","0,000"
6949794,CENTRO DE SERVICIOS OCTAVIO PINTO 2,CORDOBA,1,N,2,"0,833","1,070","0,000","0,000"
9849050,CENTRO DE SERVICIOS SANTA ROSA,MENDOZA,1,4.C,4,"4,341","0,000","0,000","1,000"
6149707,CENTRO DE SERVICIOS SARMIENTO 510,BUENOS AIRES,1,N,2,"1,833","-1,723","0,000","1,088"
6149584,CENTRO DE SERVICIOS VILLA NUEVA,MENDOZA,1,1.VIP,2,"5,142","1,879","0,000","4,104"
8749128,CENTRO DE SERVICIOS VIRREYES,BUENOS AIRES,1,N,2,"5,779","0,717","0,000","0,000"
10349284,CENTRO DILIGENTE,BUENOS AIRES,1,4.C,4,"3,015","0,724","0,000","7,844"
12749124,CENTRO FINANCIERO ALTA GRACIA,CORDOBA,1,5.D,6,"2,527","0,432","0,000","0,989"
12749118,CENTRO FINANCIERO CARLOS PAZ,CORDOBA,1,5.D,6,"0,566","0,000","0,000","0,961"
12749235,CENTRO FINANCIERO FUERZA AEREA,CORDOBA,1,5.D,6,"1,073","0,346","0,000","0,000"
12749119,CENTRO FINANCIERO OCTAVIO PINTO,CORDOBA,1,5.D,6,"2,359","0,286","0,000","0,000"
12749117,CENTRO FINANCIERO VILLA ALLENDE,CORDOBA,1,5.D,6,"2,423","0,330","0,000","1,000"
12949534,CENTRO MAIPU,CAPITAL FEDERAL,1,4.C,4,"1,333","0,000","0,000","2,642"
12949465,CENTRO NORDELTA,BUENOS AIRES,1,5.D,6,"0,000","0,000","0,000","0,000"
7149097,CENTRO PAGOS,FORMOSA,1,4.C,4,"-0,165","-0,072","0,000","3,828"
12949297,CENTRO PLATAS,CAPITAL FEDERAL,1,N,2,"0,000","0,000","0,000","0,000"
90049057,CENTRO REY DON TOR CUATO,BUENOS AIRES,1,N,2,"0,000","0,000","0,000","0,000"
8749183,CENTRO REY ESCOBAR,BUENOS AIRES,1,N,2,"0,000","0,000","0,000","0,000"
8149832,CENTRO REY GUEMES,CAPITAL FEDERAL,1,N,2,"2,845","0,000","0,000","0,000"
8149834,CENTRO REY JULIAN ALVAREZ,CAPITAL FEDERAL,1,N,2,"0,976","0,000","0,000","0,000"
8149833,CENTRO REY SALGUERO,CAPITAL FEDERAL,1,N,2,"0,000","0,000","0,000","0,000"
12949555,CENTRO SALGUERO,CAPITAL FEDERAL,1,5.D,6,"-0,008","0,000","0,000","0,000"
12949556,CENTRO SANTA FE,CAPITAL FEDERAL,1,5.D,6,"0,000","0,000","0,000","0,000"
8749176,CENTRO SERVICIO JOSE C PAZ,BUENOS AIRES,1,N,2,"0,000","0,316","0,000","0,000"
8749209,CENTRO SERVICIOS LOS HERMANOS,CAPITAL FEDERAL,1,N,2,"0,000","0,000","0,000","0,000"
13049805,CENTRO TEL AVIV,BUENOS AIRES,1,N,2,"1,844","-0,152","0,000","0,761"
13049800,CENTRO UGARTECHE,CAPITAL FEDERAL,1,N,2,"0,384","-0,630","0,000","0,834"
13049074,CENTRO URUGUAY,CAPITAL FEDERAL,1,3.B,4,"1,679","0,000","0,000","1,000"
10349184,CENTRO VILLA ADELINA,BUENOS AIRES,1,N,2,"4,336","0,768","0,000","0,000"
12749451,CENTRO WINAY CRECER I,BUENOS AIRES,1,1.VIP,2,"8,572","0,000","0,000","0,923"
12949263,CENTRO YAPEYU,BUENOS AIRES,1,5.D,6,"0,000","0,000","0,000","0,000"
8149479,CEO,SALTA,1,4.C,4,"1,359","-0,110","0,000","3,908"
6849019,CERRAJERIA CAVIGLIA,BUENOS AIRES,1,5.D,6,"1,320","0,000","0,000","0,000"
6849020,CERRAJERIA RG,CORDOBA,1,5.D,6,"0,000","0,000","0,000","0,000"
6849012,CERRAJERIA SCHEDAN,TUCUMAN,1,N,2,"6,450","0,408","0,000","8,000"
8249194,CERRITO PAGOS,CAPITAL FEDERAL,1,4.C,4,"-0,295","0,000","0,000","0,954"
6749214,CERRUTTI REMODELACION,SAN LUIS,1,N,2,"0,000","0,000","0,000","0,000"
12749172,CERVINO BAIRES,CAPITAL FEDERAL,1,2.A,3,"4,004","1,862","0,000","2,255"
8149454,CESAR NEME ORGANIZACION EN SEGUROS,SANTA FE,1,5.D,6,"0,426","0,000","0,000","5,874"
11949670,CESSARE I,BUENOS AIRES,1,N,2,"0,000","0,000","0,000","0,000"
11949671,CESSARE II,BUENOS AIRES,1,N,2,"0,000","0,000","0,000","0,000"
12449845,CESSARE IV,BUENOS AIRES,1,N,2,"0,000","0,000","0,000","0,000"
12849051,CG,SALTA,1,2.A,3,"2,964","0,470","0,000","6,000"
12749192,CHACABUCO PAGOS,BUENOS AIRES,1,2.A,3,"4,083","1,000","0,000","2,168"
12749256,CHACON SEGUROS,BUENOS AIRES,1,4.C,4,"1,757","-0,299","0,000","-0,004"
5349582,CHANGO MAS COBROS LAKAMA,MENDOZA,1,3.B,4,"2,123","0,000","0,000","11,335"
12249122,CHANGO MAS LOC. LA MONTANA III,RIO NEGRO,1,1.VIP,2,"3,508","2,980","0,000","2,158"
5349551,CHANGOMAS CASEROS,BUENOS AIRES,1,4.C,4,"3,569","0,780","0,000","5,000"
9749861,CHAPUY,SANTA FE,1,4.C,4,"0,958","0,000","0,000","2,000"
7449158,CHARO STORE,CATAMARCA,1,1.VIP,2,"2,709","-0,173","0,000","4,002"
12849366,CHATRAN,TUCUMAN,1,4.C,4,"4,000","0,000","0,000","10,000"
6949915,CHAUCHA Y PALITO CC,CORDOBA,1,N,2,"0,000","0,000","0,000","0,000"
12649594,CHAVO,CORDOBA,1,4.C,4,"0,467","0,000","0,000","2,000"
12049989,CHE QUYQUYHO,BUENOS AIRES,1,2.A,3,"2,410","2,000","0,000","1,909"
13049094,CHEESE,MENDOZA,1,4.C,4,"4,023","0,000","0,000","0,000"
13049634,CHESS,BUENOS AIRES,1,N,2,"4,842","0,000","0,000","3,954"
10349141,CHIARI SEGUROS,BUENOS AIRES,1,N,2,"0,954","0,000","0,000","0,000"
12749314,CHICAHUALA SEGUROS,TIERRA DEL FUEGO,1,N,2,"1,877","0,000","0,000","0,000"
12649714,CHICAS,CORDOBA,1,5.D,6,"0,000","0,000","0,000","1,000"
12949182,CHICHES,SANTA FE,1,1.VIP,2,"1,915","0,634","0,000","0,315"
12949138,CHIDORO MINIMARKET,TUCUMAN,1,4.C,4,"4,367","0,000","0,000","7,000"
13049439,CHINORRA,BUENOS AIRES,1,N,2,"1,199","0,000","0,000","3,747"
10349469,CHINORRA II,BUENOS AIRES,1,5.D,6,"4,648","0,000","0,000","2,973"
12849383,CHIQUIMAXIKIOSCO,BUENOS AIRES,1,3.B,4,"0,667","0,122","0,000","0,417"
7249225,CHIRINGUITO DE ACONCAGUA,MENDOZA,1,N,2,"0,801","0,000","0,000","0,000"
6349437,CHUKYS MANIA,CHUBUT,1,4.C,4,"-0,084","1,462","0,000","-0,036"
8034000,CIA GRAL DE TRANSACCIONES ELECTR(PARENT),CAPITAL FEDERAL,1,N,2,"0,000","0,000","0,000","0,000"
10649019,CIB SILVIA,JUJUY,1,2.A,3,"2,000","0,494","0,000","3,000"
12249190,CIBER ALEMAY II,BUENOS AIRES,1,2.A,3,"2,814","0,000","0,000","6,470"
11649362,CIBER AMAWTA,JUJUY,1,2.A,3,"2,934","0,268","0,000","1,698"
11649255,CIBER BLUE,MISIONES,1,1.VIP,2,"2,351","0,006","0,000","1,785"
11649243,CIBER FULL,BUENOS AIRES,1,3.B,4,"3,346","0,000","0,000","3,955"
11649348,CIBER GADIEL I,MISIONES,1,2.A,3,"1,922","0,726","0,000","1,852"
11649176,CIBER GRG.COM 1,BUENOS AIRES,1,1.VIP,2,"5,793","4,000","0,000","1,304"
11649135,CIBER KIOSCO FUTURAMA I,BUENOS AIRES,1,2.A,3,"3,918","0,000","0,000","5,000"
12849617,CIBER KIOSCO FUTURAMA II,BUENOS AIRES,1,4.C,4,"3,000","0,000","0,000","3,000"
12849203,CIBER KIOSCO.COM,CORDOBA,1,2.A,3,"1,862","0,500","0,000","8,763"
11649374,CIBER LA RED,BUENOS AIRES,1,3.B,4,"0,759","1,000","0,000","8,833"
11649358,CIBER LAS MELLIS,MENDOZA,1,N,2,"1,986","0,936","0,000","0,000"
11649350,CIBER LAS TRES D,MISIONES,1,4.C,4,"0,397","0,000","0,000","1,000"
11649235,CIBER LATINO,SALTA,1,3.B,4,"0,000","0,000","0,000","2,000"
11649364,CIBER LATINO II,SALTA,1,4.C,4,"1,727","0,972","0,000","0,000"
11449127,CIBER SPACE,CATAMARCA,1,3.B,4,"-0,495","0,492","0,000","1,728"
11649304,CIBERESPACIO,SANTA FE,1,2.A,3,"2,145","0,000","0,000","3,670"
12249187,CIBERIRONMAN,BUENOS AIRES,1,2.A,3,"4,484","0,000","0,000","1,478"
12849090,CIBER-KIOSCO OKTUBRE,CORDOBA,1,2.A,3,"2,731","1,146","0,000","0,000"
12049921,CIBERNIK,CHUBUT,1,2.A,3,"0,697","0,000","0,000","2,279"
12849337,CIBERNIK ESPANA 435,CHUBUT,1,2.A,3,"2,500","0,000","0,000","1,512"
11649254,CIBERTEL,SANTA FE,1,1.VIP,2,"2,749","0,000","0,000","2,205"
6349407,CIELO REDES,MISIONES,1,1.VIP,2,"2,903","0,000","0,000","2,689"
11949744,CISLATAM I,CAPITAL FEDERAL,1,1.VIP,2,"5,258","12,119","0,000","3,000"
9549008,CISLATAM II,CAPITAL FEDERAL,1,1.VIP,2,"6,124","5,330","0,000","2,836"
8149670,CITERONI CARLOS,SANTA FE,1,4.C,4,"1,740","0,000","0,000","5,662"
8149852,CITERONI CARLOS 2,SANTA FE,1,4.C,4,"1,814","0,304","0,000","1,000"
9149077,CITY,CAPITAL FEDERAL,1,N,2,"2,591","1,644","0,000","0,000"
6349527,CITY CEL,LA PAMPA,1,5.D,6,"11,669","0,000","0,000","4,000"
9149113,CITY FLORES,CAPITAL FEDERAL,1,N,2,"5,983","3,190","0,000","0,000"
12849571,CITY PAGOS,SALTA,1,N,2,"1,945","0,316","0,000","0,000"
13049784,CITY STORE (SOLO PEI),NEUQUEN,1,5.D,6,"-0,013","0,000","0,000","-0,036"
13049127,CIUDAD DE SAN MARTIN,CAPITAL FEDERAL,1,4.C,4,"2,357","0,000","0,000","1,000"
6949715,CIUDAD INSUMOS Y SERVICIOS,SANTIAGO DEL ESTERO,1,1.VIP,2,"2,382","-0,039","0,000","2,842"
12949292,CIUDAD KIOSCO SERVICIOS,CAPITAL FEDERAL,1,N,2,"3,495","0,000","0,000","0,000"
12749489,CIUDAD MOSCONI,CAPITAL FEDERAL,1,4.C,4,"4,157","0,000","0,000","6,000"
10349377,CIUDADELA SERVICIOS,TUCUMAN,1,2.A,3,"3,755","0,000","0,000","1,379"
10049110,CL DISTRIBUIDORA,CHACO,1,4.C,4,"0,000","0,000","0,000","1,000"
12949335,CLAN ALSINA,BUENOS AIRES,1,N,2,"7,988","0,000","0,000","0,000"
11949680,CLAN BURZACO,BUENOS AIRES,1,N,2,"0,560","0,000","0,000","0,000"
11949853,CLARO QUE SI,RIO NEGRO,1,4.C,4,"4,429","0,930","0,000","6,000"
5449578,CLARO WHEEL,SANTA FE,1,2.A,3,"2,613","0,000","0,000","2,124"
8949464,CLARO-MERCADO SUD,CORDOBA,1,1.VIP,2,"4,361","1,605","0,000","2,207"
12949315,CLAUDIA,BUENOS AIRES,1,N,2,"5,655","0,000","0,000","0,000"
12749332,CLAUDIA MANGANO,CORDOBA,1,4.C,4,"3,313","0,000","0,000","0,000"
11849443,CLAXIPHARM,SANTIAGO DEL ESTERO,1,5.D,6,"0,000","0,000","0,000","0,000"
11949824,CLEANFRESH,SANTA FE,1,4.C,4,"0,000","0,000","0,000","1,000"
6949587,CLICK,CORDOBA,1,1.VIP,2,"1,127","0,000","0,000","1,000"
12849667,CLICK,MISIONES,1,N,2,"4,959","0,000","0,000","0,000"
10249438,CLICK,RIO NEGRO,1,2.A,3,"7,321","2,000","0,000","5,050"
12449368,CLIK,MENDOZA,1,4.C,4,"-0,330","0,000","0,000","5,729"
10349124,CLIP,CAPITAL FEDERAL,1,N,2,"2,670","1,941","0,000","0,000"
6449277,CLUB A SAN JORGE M Y S II,CORDOBA,1,5.D,6,"0,000","0,000","0,000","0,000"
6449343,CLUB ATL SAN JORGE M Y S (RAFAELA),SANTA FE,1,4.C,4,"0,137","0,000","0,000","0,927"
9649002,CLUB ATLETICO BOCA JUNIORS,CAPITAL FEDERAL,1,5.D,6,"0,939","0,000","0,000","0,000"
6449128,CLUB ATLETICO SAN JORGE,SANTA FE,1,4.C,4,"1,138","0,000","0,000","3,824"
6449215,CLUB ATLETICO SAN JORGE MUTUAL  SOCIAL 2,CORDOBA,1,5.D,6,"0,953","0,000","0,000","0,000"
6449392,CLUB ATLETICO TREBOLENSE MUTUAL SOCIAL,SANTA FE,1,4.C,4,"1,496","0,000","0,000","0,000"
6449359,CLUB ATLETICO Y BIBL S A M FILIAL CANALS,CORDOBA,1,N,2,"0,000","0,000","0,000","0,000"
6449401,CLUB J NEWBERY MUTUAL SOCIAL Y DEP 8,CORDOBA,1,5.D,6,"0,240","0,500","0,000","0,000"
6449308,CLUB JORGE NEWBERY 1,CORDOBA,1,5.D,6,"0,275","0,000","0,000","3,899"
6449309,CLUB JORGE NEWBERY 2,CORDOBA,1,3.B,4,"1,555","0,000","0,000","2,536"
6449310,CLUB JORGE NEWBERY 3,CORDOBA,1,4.C,4,"3,587","0,000","0,000","1,000"
6449311,CLUB JORGE NEWBERY 4,CORDOBA,1,4.C,4,"3,031","0,000","0,000","3,546"
6449327,CLUB JORGE NEWBERY 5,CORDOBA,1,4.C,4,"-0,249","0,612","0,000","2,738"
6449373,CLUB JORGE NEWBERY 6,CORDOBA,1,2.A,3,"3,466","0,000","0,000","2,210"
6449400,"CLUB JORGE NEWBERY,MUTUAL,SOCIAL Y DEP7",CORDOBA,1,2.A,3,"2,106","0,748","0,000","2,252"
6449246,CLUB MENDOZA DE REGATAS,MENDOZA,1,5.D,6,"0,000","0,000","0,000","0,000"
6449468,CLUB MITRE,CORDOBA,1,5.D,6,"0,000","0,000","0,000","0,000"
6449390,CLUB SPORTIVO SUARDI,SANTA FE,1,2.A,3,"1,498","0,236","0,000","0,935"
6149713,CLUSTER SUPERMERCADOS,CORRIENTES,1,5.D,6,"-0,089","-0,012","0,000","-0,028"
7449057,CMIS,MENDOZA,1,5.D,6,"0,000","0,000","0,000","0,000"
9149118,CMT AGENCIA CISNERO,CAPITAL FEDERAL,1,N,2,"1,305","0,500","0,000","0,000"
12949286,CMT LOS ANDES GROUP,CAPITAL FEDERAL,1,4.C,4,"0,084","0,488","0,000","4,000"
6649053,COBRA KAI,BUENOS AIRES,1,N,2,"0,000","0,000","0,000","0,000"
12649497,COBRANZAS AGENCIA 114,NEUQUEN,1,2.A,3,"1,664","1,312","0,000","0,000"
9849240,COBRANZAS CUADRO BENEGAS,MENDOZA,1,4.C,4,"1,057","0,000","0,000","2,763"
12949137,COBRANZAS LSR,BUENOS AIRES,1,N,2,"1,000","0,000","0,000","3,000"
10349147,COBRANZAS MORENO,RIO NEGRO,1,1.VIP,2,"2,072","9,458","0,000","6,640"
7149154,COBRO DE SERVICIOS A Y D,BUENOS AIRES,1,5.D,6,"10,986","0,000","0,000","8,000"
9749683,COBRO MAYI,SANTA FE,1,1.VIP,2,"1,468","0,000","0,000","2,680"
12949285,COBRO MOLDES,CORDOBA,1,2.A,3,"1,449","0,000","0,000","5,548"
6149339,COBRO MOLDES,CORDOBA,1,N,2,"1,282","0,000","0,000","0,000"
12849592,COBRO PF,SANTA FE,1,2.A,3,"1,854","0,082","0,000","5,485"
12949116,COBRO TENDENCIA,LA PAMPA,1,4.C,4,"0,125","0,492","0,000","0,987"
12849233,COBRO TODO PUEYRREDON,CAPITAL FEDERAL,1,1.VIP,2,"2,707","3,516","0,000","2,002"
7849080,COBRO TODO SC,CAPITAL FEDERAL,1,N,2,"3,973","0,500","0,000","0,000"
9149047,COBRO TOTAL PAGOS,CAPITAL FEDERAL,1,N,2,"0,319","0,000","0,000","0,000"
13049751,COBROS  LA COLONIA,MENDOZA,1,N,2,"1,975","-0,024","0,000","2,538"
9749917,COBROS 25 DE MAYO,CATAMARCA,1,5.D,6,"-0,152","-0,010","0,000","-0,057"
6149490,COBROS ALBARDON,SAN JUAN,1,2.A,3,"6,942","0,000","0,000","2,076"
12849797,COBROS ALVEAR,JUJUY,1,1.VIP,2,"3,874","0,442","0,000","3,558"
10349237,COBROS ANDRADE,MENDOZA,1,N,2,"2,415","0,076","0,000","0,000"
9749928,COBROS ARCANGEL MIGUEL,MENDOZA,1,5.D,6,"0,000","0,000","0,000","0,000"
10349463,COBROS ARCE,SAN LUIS,1,N,2,"0,931","0,000","0,000","0,000"
12149282,COBROS AZCUENAGA,MENDOZA,1,N,2,"0,538","-0,290","0,000","0,619"
12949152,COBROS BEIRO,CAPITAL FEDERAL,1,2.A,3,"4,848","0,292","0,000","0,000"
8749365,COBROS CARINA SERRANO,MENDOZA,1,3.B,4,"4,798","1,000","0,000","13,000"
5749050,COBROS CARRILLO,JUJUY,1,2.A,3,"7,727","0,368","0,000","0,000"
12949394,COBROS CASEROS,BUENOS AIRES,1,4.C,4,"1,000","0,000","0,000","1,000"
12649558,COBROS CERRITO,ENTRE RIOS,1,2.A,3,"1,567","0,000","0,000","3,806"
13049749,COBROS CETTOUR,ENTRE RIOS,1,5.D,6,"9,164","0,000","0,000","4,000"
12749390,COBROS CHEMES,JUJUY,1,4.C,4,"-0,160","0,000","0,000","-0,178"
10349357,COBROS CHIOVE,MENDOZA,1,N,2,"2,210","0,000","0,000","0,000"
12749096,COBROS DANIELA,SAN LUIS,1,N,2,"2,191","0,216","0,000","1,000"
12749512,COBROS DANIELA I,SAN LUIS,1,5.D,6,"-0,074","0,000","0,000","0,000"
11949655,COBROS ELDORADO,MISIONES,1,1.VIP,2,"3,686","3,000","0,000","0,464"
11249041,COBROS EMANUEL,CORDOBA,1,4.C,4,"3,636","0,000","0,000","4,000"
10049100,COBROS FABEL,CHACO,1,4.C,4,"-0,075","0,000","0,000","0,982"
7149133,COBROS FACIL,FORMOSA,1,4.C,4,"0,555","0,000","0,000","2,000"
11349068,COBROS FS,BUENOS AIRES,1,5.D,6,"-0,047","0,000","0,000","-0,010"
13049491,COBROS FULL TIME,FORMOSA,1,N,2,"0,000","0,000","0,000","0,000"
12949629,COBROS FUNES,SANTA FE,1,N,2,"0,000","0,000","0,000","0,000"
10349264,COBROS GARDENIA,MENDOZA,1,1.VIP,2,"3,850","-0,304","0,000","3,559"
10349255,COBROS GASET,MENDOZA,1,4.C,4,"1,247","0,500","0,000","2,000"
12949739,COBROS GUGLE,MENDOZA,1,N,2,"6,094","-0,058","0,000","4,743"
10349266,COBROS INES,SAN LUIS,1,N,2,"3,667","0,500","0,000","0,000"
6149483,COBROS JACHAL,SAN JUAN,1,4.C,4,"0,000","0,438","0,000","3,000"
7249218,COBROS KREMER,ENTRE RIOS,1,N,2,"5,725","0,000","0,000","0,000"
8749361,COBROS LA PUNTA,SAN LUIS,1,N,2,"0,000","0,000","0,000","0,000"
13049326,COBROS LA TERMINAL,MENDOZA,1,4.C,4,"3,569","0,000","0,000","5,000"
12949610,COBROS LA TURCA,ENTRE RIOS,1,5.D,6,"5,873","0,000","0,000","5,549"
12149224,COBROS LA VIEJA,ENTRE RIOS,1,5.D,6,"4,363","0,000","0,000","3,762"
6149615,COBROS LADRILLERO,MENDOZA,1,4.C,4,"0,052","0,000","0,000","0,000"
10349441,COBROS LEPARC,MENDOZA,1,4.C,4,"1,587","0,000","0,000","9,539"
12149138,COBROS LILIANA,SAN LUIS,1,N,2,"1,020","0,500","0,000","2,000"
10349462,COBROS LOURDES,MENDOZA,1,5.D,6,"10,666","0,000","0,000","23,000"
9049064,COBROS MATIAS,MENDOZA,1,2.A,3,"8,109","2,950","0,000","0,000"
6949828,COBROS MONTECARLO,FORMOSA,1,5.D,6,"0,000","0,000","0,000","0,000"
11149083,COBROS MT,JUJUY,1,4.C,4,"0,577","0,786","0,000","2,000"
6949811,COBROS MUNAY,JUJUY,1,4.C,4,"0,975","0,000","0,000","2,733"
12949538,COBROS PORTON,FORMOSA,1,5.D,6,"0,000","0,000","0,000","0,000"
12149264,COBROS PUCA,JUJUY,1,N,2,"5,338","0,000","0,000","4,000"
10349509,COBROS PUSINERI,ENTRE RIOS,1,N,2,"-0,002","0,000","0,000","0,000"
12149155,COBROS RAMIREZ,JUJUY,1,1.VIP,2,"2,000","1,338","0,000","3,000"
12849652,COBROS ROSARIO,FORMOSA,1,4.C,4,"2,225","0,518","0,000","1,937"
12749582,COBROS SANTO TOME HASENKAMP,ENTRE RIOS,1,5.D,6,"-0,036","0,000","0,000","-0,011"
12749647,COBROS SANTO TOME MARIA GRANDE,ENTRE RIOS,1,N,2,"-0,060","0,000","0,000","-0,060"
12949496,COBROS SCOOBY,SAN LUIS,1,3.B,4,"2,866","0,000","0,000","5,000"
12949020,COBROS SILVER GOLF,BUENOS AIRES,1,N,2,"3,941","0,942","0,000","0,000"
7149102,COBROS T.S.L.,CHACO,1,2.A,3,"1,995","1,134","0,000","1,759"
13049249,COBROS TAMARA,SAN LUIS,1,4.C,4,"-0,115","0,000","0,000","-0,035"
9749705,COBROS TILI,SAN LUIS,1,4.C,4,"0,000","0,000","0,000","1,000"
12949446,COBROS TONYSOL,JUJUY,1,2.A,3,"4,608","0,000","0,000","2,247"
9049074,COBROS VANNETTI,MENDOZA,1,4.C,4,"3,566","2,474","0,000","4,000"
6149631,COBROS VIAMONTE,MENDOZA,1,4.C,4,"2,712","0,000","0,000","9,000"
12949616,COBROS Y PAGOS AZUL,MENDOZA,1,5.D,6,"12,414","0,000","0,000","30,193"
12649253,COBROS Y PAGOS FACIL,SANTIAGO DEL ESTERO,1,4.C,4,"6,481","0,000","0,000","2,000"
8049024,COCAPROSECO-COOP.LTDA.,CORDOBA,1,5.D,6,"0,172","0,000","0,000","0,000"
6449385,COCATRA,BUENOS AIRES,1,4.C,4,"-0,275","0,000","0,000","-0,272"
6449387,COCATRA 2,BUENOS AIRES,1,N,2,"0,000","0,000","0,000","0,000"
6449388,COCATRA 3,BUENOS AIRES,1,5.D,6,"0,000","0,000","0,000","0,000"
6449386,COCATRA 4,BUENOS AIRES,1,3.B,4,"2,763","0,000","0,000","12,000"
12949464,COCHERA BALCARCE,SANTA FE,1,3.B,4,"3,000","0,000","0,000","4,000"
10349507,COCOLISO BULNES,TUCUMAN,1,N,2,"-0,025","0,000","0,000","-0,004"
8035062,CODIGO PAGO (062),BUENOS AIRES,1,N,2,"3,993","0,500","0,000","0,000"
8035063,CODIGO PAGO (063),BUENOS AIRES,1,5.D,6,"0,000","0,500","0,000","0,000"
8035064,CODIGO PAGO (064),BUENOS AIRES,1,N,2,"2,071","0,500","0,000","0,000"
8035065,CODIGO PAGO (065),BUENOS AIRES,1,5.D,6,"1,901","0,500","0,000","0,000"
8035066,CODIGO PAGO (066),BUENOS AIRES,1,N,2,"3,975","0,500","0,000","0,000"
8035067,CODIGO PAGO (067),BUENOS AIRES,1,5.D,6,"3,168","0,500","0,000","0,000"
8035069,CODIGO PAGO (069),BUENOS AIRES,1,5.D,6,"0,000","0,000","0,000","0,000"
8035073,CODIGO PAGO (073),BUENOS AIRES,1,5.D,6,"3,970","0,500","0,000","0,000"
8035075,CODIGO PAGO (075),BUENOS AIRES,1,N,2,"3,989","0,500","0,000","0,000"
8035077,CODIGO PAGO (077),BUENOS AIRES,1,5.D,6,"3,953","0,500","0,000","0,000"
8035080,CODIGO PAGO (080),CAPITAL FEDERAL,1,5.D,6,"3,791","0,500","0,000","0,000"
8035085,CODIGO PAGO (085),JUJUY,1,5.D,6,"0,000","0,000","0,000","0,000"
8035086,CODIGO PAGO (086),JUJUY,1,N,2,"0,000","0,000","0,000","0,000"
8035088,CODIGO PAGO (088),JUJUY,1,5.D,6,"3,997","0,500","0,000","0,000"
8035090,CODIGO PAGO (090),JUJUY,1,5.D,6,"2,018","0,500","0,000","0,000"
8035091,CODIGO PAGO (091),JUJUY,1,5.D,6,"3,263","0,500","0,000","0,000"
8035092,CODIGO PAGO (092),JUJUY,1,5.D,6,"3,933","0,500","0,000","0,000"
8035094,CODIGO PAGO (094),JUJUY,1,N,2,"3,892","0,500","0,000","0,000"
8035095,CODIGO PAGO (095),JUJUY,1,N,2,"0,000","0,000","0,000","0,000"
8035096,CODIGO PAGO (096),JUJUY,1,5.D,6,"3,769","0,500","0,000","0,000"
8035099,CODIGO PAGO (099),JUJUY,1,5.D,6,"3,785","0,500","0,000","0,000"
8035100,CODIGO PAGO (100),JUJUY,1,N,2,"3,855","0,500","0,000","0,000"
8035106,CODIGO PAGO (106),TUCUMAN,1,N,2,"3,988","0,500","0,000","0,000"
8035107,CODIGO PAGO (107),TUCUMAN,1,5.D,6,"3,933","0,500","0,000","0,000"
8035113,CODIGO PAGO (113),BUENOS AIRES,1,N,2,"3,999","0,500","0,000","0,000"
8035114,CODIGO PAGO (114),BUENOS AIRES,1,5.D,6,"0,000","0,000","0,000","0,000"
8035121,CODIGO PAGO (121),BUENOS AIRES,1,N,2,"3,992","0,500","0,000","0,000"
8035123,CODIGO PAGO (123),BUENOS AIRES,1,N,2,"3,992","0,500","0,000","0,000"
8035125,CODIGO PAGO (125),BUENOS AIRES,1,N,2,"3,999","0,500","0,000","0,000"
8035126,CODIGO PAGO (126),BUENOS AIRES,1,5.D,6,"3,988","0,500","0,000","0,000"
8035131,CODIGO PAGO (131),BUENOS AIRES,1,5.D,6,"3,919","0,500","0,000","0,000"
8035134,CODIGO PAGO (134),BUENOS AIRES,1,N,2,"3,999","0,500","0,000","0,000"
8035144,CODIGO PAGO (144),BUENOS AIRES,1,N,2,"3,999","0,500","0,000","0,000"
8035145,CODIGO PAGO (145),BUENOS AIRES,1,5.D,6,"3,962","0,500","0,000","0,000"
8035153,CODIGO PAGO (153),ENTRE RIOS,1,5.D,6,"3,974","0,500","0,000","0,000"
8035154,CODIGO PAGO (154),ENTRE RIOS,1,N,2,"3,996","0,500","0,000","0,000"
8035165,CODIGO PAGO (165),CHACO,1,N,2,"3,999","0,500","0,000","0,000"
8035166,CODIGO PAGO (166),CHACO,1,N,2,"3,923","0,500","0,000","0,000"
8035175,CODIGO PAGO (175),CORRIENTES,1,N,2,"3,999","0,500","0,000","0,000"
8035194,CODIGO PAGO (194),LA PAMPA,1,5.D,6,"3,998","0,500","0,000","0,000"
12449536,COFFE SHOPP,CORDOBA,1,1.VIP,2,"3,608","1,000","0,000","2,000"
7949090,COFFEE BREAK,SANTA FE,1,5.D,6,"0,000","0,000","0,000","0,000"
8249095,COFIN,BUENOS AIRES,1,5.D,6,"0,953","0,000","0,000","0,000"
7849028,COGLI PROPIEDADES,BUENOS AIRES,1,4.C,4,"1,759","0,000","0,000","2,000"
5449538,COLCHONERIA AYLEN,BUENOS AIRES,1,N,2,"1,235","0,652","0,000","0,000"
5449440,COLCHONERIA BAZAN,CORDOBA,1,2.A,3,"1,437","0,000","0,000","6,654"
6949836,COLIBRI,CORDOBA,1,N,2,"4,968","0,000","0,000","0,000"
5449604,COLIBRI,MENDOZA,1,N,2,"1,278","0,000","0,000","2,000"
6449414,COLLINS BASAVILBASO,ENTRE RIOS,1,4.C,4,"0,199","0,500","0,000","1,908"
6449424,COLLINS CLORINDA,FORMOSA,1,4.C,4,"1,817","0,500","0,000","3,826"
6449412,COLLINS COLON,ENTRE RIOS,1,4.C,4,"0,851","0,500","0,000","0,892"
6449413,COLLINS CURUZU CUATIA,CORRIENTES,1,5.D,6,"-0,046","0,500","0,000","1,932"
6449425,COLLINS EMPEDRADO,CORRIENTES,1,4.C,4,"-0,138","0,500","0,000","-0,026"
6449409,COLLINS FEDERACION,ENTRE RIOS,1,4.C,4,"1,723","0,500","0,000","1,949"
6449419,COLLINS GOYA,CORRIENTES,1,4.C,4,"0,313","0,500","0,000","5,824"
6449415,COLLINS GRAL. SAN MARTIN,CHACO,1,4.C,4,"0,620","0,500","0,000","2,835"
6449423,COLLINS GUALEGUAY,ENTRE RIOS,1,5.D,6,"1,601","0,500","0,000","4,000"
6449416,COLLINS GUALEGUAYCHU,ENTRE RIOS,1,4.C,4,"-0,113","0,500","0,000","5,000"
6449426,COLLINS ITUZAINGO,CORRIENTES,1,5.D,6,"1,734","0,500","0,000","0,000"
6449410,COLLINS MERCEDES,CORRIENTES,1,4.C,4,"0,645","0,500","0,000","2,880"
6449411,COLLINS RECONQUISTA,SANTA FE,1,5.D,6,"0,570","0,500","0,000","1,000"
6449408,COLLINS SALADA,CORRIENTES,1,4.C,4,"0,247","0,500","0,000","4,955"
6449421,COLLINS SAN JOSE,ENTRE RIOS,1,4.C,4,"-0,176","0,500","0,000","1,762"
6449417,COLLINS SANTA ELENA,ENTRE RIOS,1,4.C,4,"0,914","0,500","0,000","1,935"
6449427,COLLINS SANTO TOME,CORRIENTES,1,5.D,6,"-0,103","0,500","0,000","1,000"
6449422,COLLINS URDINARRAIN,ENTRE RIOS,1,3.B,4,"-0,285","0,500","0,000","5,776"
6449418,COLLINS VIALE,ENTRE RIOS,1,4.C,4,"-0,175","0,500","0,000","3,878"
6449420,COLLINS VILLA OCAMPO,SANTA FE,1,5.D,6,"-0,035","0,500","0,000","1,000"
13049689,COLON,BUENOS AIRES,1,5.D,6,"0,000","0,000","0,000","0,000"
6949936,COLON LIBRERIA REGALERIA Y MERCERIA,CORDOBA,1,N,2,"-0,098","-0,012","0,000","-0,056"
10249726,COLORADO EL 32,BUENOS AIRES,1,N,2,"0,144","0,000","0,000","0,000"
6949746,COLORES LIBRERIA Y KIOSCO,BUENOS AIRES,1,4.C,4,"-0,270","-0,160","0,000","2,870"
6949840,COLORES PRIMARIOS,SANTA FE,1,3.B,4,"2,481","0,000","0,000","7,634"
6949817,COLORIN COLORADO,SANTA FE,1,1.VIP,2,"5,545","0,000","0,000","14,000"
8349038,COLORIN ES COLORADO I,SANTA FE,1,4.C,4,"5,692","-0,049","0,000","6,959"
12949761,COMARCA DEL HOBBIT ECO DOMOS,JUJUY,1,N,2,"-0,048","0,000","0,000","-0,011"
11349080,COME SANO,TUCUMAN,1,5.D,6,"3,849","0,000","0,000","1,850"
6349456,COMERCIAL PESARO,CORDOBA,1,1.VIP,2,"3,175","-0,018","0,000","2,023"
12849327,COMERCIAL V,BUENOS AIRES,1,2.A,3,"2,304","0,000","0,000","3,953"
12849463,COMERCIAL V II,BUENOS AIRES,1,3.B,4,"3,724","-0,684","0,000","1,996"
12849697,COMERCIAL V IV,BUENOS AIRES,1,3.B,4,"2,239","4,111","0,000","3,933"
6149592,COMERCIAL V V,BUENOS AIRES,1,4.C,4,"-0,490","0,000","0,000","2,975"
8249203,COMERCIAL V VI,BUENOS AIRES,1,4.C,4,"1,112","0,000","0,000","3,938"
11349064,COMERCIAL V VII,BUENOS AIRES,1,2.A,3,"5,814","0,000","0,000","2,962"
10149026,COMERCIAL V X,BUENOS AIRES,1,4.C,4,"0,462","0,000","0,000","6,887"
8249207,COMERCIAL V XI,BUENOS AIRES,1,4.C,4,"0,858","0,000","0,000","1,903"
11349077,COMERCIAL V XIII,BUENOS AIRES,1,N,2,"1,679","0,000","0,000","1,632"
6149594,COMERCIALIZADORA COSTA ARAUJO,MENDOZA,1,N,2,"3,984","0,000","0,000","0,000"
8749227,COMERCIALIZADORA DEL SUR,CORRIENTES,1,4.C,4,"-0,038","0,000","0,000","7,937"
10049064,COMERCIALIZADORA DEL SUR 2,CORRIENTES,1,4.C,4,"-0,011","0,000","0,000","3,994"
12849953,COMERCO PAGOS,MENDOZA,1,N,2,"39,741","0,000","0,000","0,000"
8023000,COMMODITO COMUNICACION,MENDOZA,1,N,2,"0,000","0,000","0,000","0,000"
5349628,COMMODO  VEA  COME SANO AMERICA,TUCUMAN,1,4.C,4,"12,072","0,000","0,000","10,383"
6649046,COMMODO AGENCIA ARCOS PAGOS,CAPITAL FEDERAL,1,2.A,3,"3,537","0,000","0,000","2,997"
5349632,COMMODO AGENCIA DIRECTORIO,CAPITAL FEDERAL,1,N,2,"1,908","-0,926","0,000","2,786"
10349429,COMMODO AL RAMMA DISCO,CORDOBA,1,4.C,4,"0,000","0,000","0,000","0,000"
10349439,COMMODO ANCHORENA,MENDOZA,1,4.C,4,"2,263","0,000","0,000","2,000"
5749065,COMMODO ARPIX MENDOZA,MENDOZA,1,3.B,4,"4,194","-0,734","0,000","2,294"
6149601,COMMODO AVON,MENDOZA,1,1.VIP,2,"6,593","0,000","0,000","4,876"
12449005,COMMODO BELGRANO 679,MENDOZA,1,2.A,3,"3,423","1,405","0,000","9,000"
8749103,COMMODO BOLSA DE COM SEDE LUJAN DE CUYO,MENDOZA,1,3.B,4,"4,344","0,000","0,000","3,000"
8749099,COMMODO BOLSA DE COMERC SEDE GODOY CRUZ,MENDOZA,1,2.A,3,"4,093","0,000","0,000","3,000"
8749110,COMMODO BOLSA DE COMERCIO CAJAS SEGURIDA,MENDOZA,1,N,2,"0,207","0,000","0,000","0,000"
8749111,COMMODO BOLSA DE COMERCIO CENTRAL,MENDOZA,1,2.A,3,"3,279","0,692","0,000","2,000"
8749108,COMMODO BOLSA DE COMERCIO EDIF.NOTARIAL,MENDOZA,1,3.B,4,"1,644","0,000","0,000","9,000"
8749104,COMMODO BOLSA DE COMERCIO GRAL ALVEAR,MENDOZA,1,4.C,4,"0,000","0,000","0,000","5,000"
8749101,COMMODO BOLSA DE COMERCIO GUAYMALLEN,MENDOZA,1,4.C,4,"0,546","0,000","0,000","0,000"
8749102,COMMODO BOLSA DE COMERCIO LA BARRACA,MENDOZA,1,3.B,4,"0,000","0,000","0,000","5,000"
8749113,COMMODO BOLSA DE COMERCIO MAIPU,MENDOZA,1,4.C,4,"1,725","0,000","0,000","2,000"
8749109,COMMODO BOLSA DE COMERCIO RIVADAVIA,MENDOZA,1,4.C,4,"0,000","0,000","0,000","2,000"
8749112,COMMODO BOLSA DE COMERCIO SAN MARTIN,MENDOZA,1,3.B,4,"0,600","0,000","0,000","11,000"
8749107,COMMODO BOLSA DE COMERCIO SAN RAFAEL,MENDOZA,1,4.C,4,"0,000","0,000","0,000","4,000"
12749634,COMMODO BOLSA DE COMERCIO TUNUYAN,MENDOZA,1,N,2,"0,000","0,000","0,000","1,000"
6149433,COMMODO BOULEVARD SARMIENTO,SAN JUAN,1,1.VIP,2,"21,461","1,586","0,000","18,000"
10349496,COMMODO BOULEVARD SARMIENTO II,SAN JUAN,1,4.C,4,"23,611","-0,680","0,000","16,612"
12749493,COMMODO BOVETTI,SALTA,1,N,2,"0,000","0,000","0,000","0,000"
12449704,COMMODO BOX MINIMARKET,MENDOZA,1,2.A,3,"7,579","3,124","0,000","6,253"
12849003,COMMODO CARRIL GODOY CRUZ,MENDOZA,1,2.A,3,"4,253","2,586","0,000","14,000"
10349488,COMMODO CARRIL GODOY CRUZ II,MENDOZA,1,5.D,6,"14,529","0,000","0,000","12,962"
8749313,COMMODO CARRODILLA JUMBO,MENDOZA,1,1.VIP,2,"7,340","2,315","0,000","6,958"
8749082,COMMODO CENTRAL (001),MENDOZA,1,1.VIP,2,"7,723","0,000","0,000","8,704"
5349438,COMMODO CENTRAL PAGOS LA RIBERA,SAN LUIS,1,N,2,"4,000","0,402","0,000","0,000"
10349346,COMMODO CENTRO DE PAGOS DISCO,CORDOBA,1,N,2,"2,102","0,000","0,000","0,000"
10349350,COMMODO CENTRO DE PAGOS EASY,CORDOBA,1,N,2,"0,000","0,000","0,000","0,000"
5349467,COMMODO CENTRO DE PAGOS HIPER EUROPA,SAN LUIS,1,N,2,"0,000","0,000","0,000","0,000"
10349402,COMMODO CENTRO DE PAGOS RICHIERI,CORDOBA,1,2.A,3,"7,000","0,000","0,000","16,000"
5349411,COMMODO CENTRO DE PAGOS VEA MITRE,SAN LUIS,1,N,2,"3,480","0,502","0,000","0,000"
13049591,COMMODO COBROS AGUERO,SAN LUIS,1,5.D,6,"0,000","0,000","0,000","0,000"
5349424,COMMODO COBROS CALILEGUA,JUJUY,1,1.VIP,2,"1,414","0,000","0,000","2,000"
5349589,COMMODO COBROS RIVADAVIA VEA PEATONAL,CATAMARCA,1,4.C,4,"0,052","0,000","0,000","6,000"
6149633,COMMODO CONFIAR RIVADAVIA,SAN JUAN,1,1.VIP,2,"5,764","0,000","0,000","4,906"
6149634,COMMODO CONFIAR TRINIDAD,SAN JUAN,1,1.VIP,2,"0,738","1,942","0,000","2,000"
12449903,COMMODO COPYMARKET,MENDOZA,1,4.C,4,"2,986","0,856","0,000","3,000"
5349607,COMMODO D&G HOLDING DISCO ELCANO,CAPITAL FEDERAL,1,5.D,6,"18,660","0,000","0,000","9,519"
12749541,COMMODO DAD DISCO CASTELAR,BUENOS AIRES,1,4.C,4,"12,480","0,000","0,000","7,303"
12749542,COMMODO DAD DISCO RAMOS,BUENOS AIRES,1,4.C,4,"2,829","0,000","0,000","7,000"
12749537,COMMODO DAD DISCO VICENTE LOPEZ,BUENOS AIRES,1,3.B,4,"19,374","0,000","0,000","19,517"
5349580,COMMODO DAD720 SRL JUMBO V.BALLESTER,BUENOS AIRES,1,4.C,4,"4,573","0,000","0,000","5,000"
9749853,COMMODO DESPENSA IRENE,SAN LUIS,1,5.D,6,"-0,129","0,000","0,000","0,962"
13049554,COMMODO DISCO BANFIELD,BUENOS AIRES,1,N,2,"5,937","0,000","0,000","5,890"
10349449,COMMODO DISCO CANDE FULL VIII,BUENOS AIRES,1,2.A,3,"10,053","0,000","0,000","2,000"
11949928,COMMODO DISCO LA PLATA III AGUS,BUENOS AIRES,1,1.VIP,2,"2,412","1,308","0,000","1,196"
5349614,COMMODO DISCO LA PLATA MARTIN,BUENOS AIRES,1,N,2,"1,893","0,000","0,000","2,000"
5349549,COMMODO DISCO MORON,BUENOS AIRES,1,2.A,3,"3,367","0,856","0,000","2,092"
7149152,COMMODO DISCO RICCHIERI,CORDOBA,1,5.D,6,"3,906","0,000","0,000","4,000"
7149140,COMMODO DISCO RICHIERI ARF,CORDOBA,1,3.B,4,"8,927","0,000","0,000","19,000"
8149906,COMMODO DISCO SAN ISIDRO,BUENOS AIRES,1,N,2,"0,880","1,324","0,000","0,000"
12749215,COMMODO DISCO URIBURU,CAPITAL FEDERAL,1,3.B,4,"0,000","0,599","0,000","6,000"
7149139,COMMODO DISCO VELEZ SARSFIELD,CORDOBA,1,N,2,"4,008","0,000","0,000","3,000"
5349422,COMMODO DISCO VICENTE LOPEZ,BUENOS AIRES,1,N,2,"3,646","0,238","0,000","0,000"
12849742,COMMODO DRUGSTORE 2,CORDOBA,1,N,2,"24,198","2,334","0,000","0,000"
12449978,COMMODO DRUGSTORE 24 GRADOS II,CORDOBA,1,N,2,"7,032","0,475","0,000","0,000"
13049501,COMMODO DRUGSTORE 50 + ESCOBAR,BUENOS AIRES,1,5.D,6,"0,000","0,000","0,000","0,000"
12849838,COMMODO DRUGSTORE DALVIAN,MENDOZA,1,3.B,4,"3,117","1,410","0,000","21,478"
5349521,COMMODO DYG DISCO ELCANO,CAPITAL FEDERAL,1,1.VIP,2,"9,423","9,014","0,000","18,000"
10349388,COMMODO DYG DISCO SAN ISIDRO,BUENOS AIRES,1,2.A,3,"8,532","0,000","0,000","10,000"
10349389,COMMODO DYG DISCO VICENTE LOPEZ,BUENOS AIRES,1,3.B,4,"7,572","1,530","0,000","9,000"
12749658,COMMODO DYG HOLDING DISCO GASCON,CAPITAL FEDERAL,1,5.D,6,"3,271","-0,230","0,000","2,305"
12749657,COMMODO DYG HOLDING DISCO SUCRE,CAPITAL FEDERAL,1,N,2,"0,289","-0,306","0,000","0,784"
12749659,COMMODO DYG HOLDING DISCO URIBURU,CAPITAL FEDERAL,1,N,2,"0,646","-0,396","0,000","0,691"
12749678,COMMODO DYG HOLDING VEA MITRE,BUENOS AIRES,1,5.D,6,"-0,519","-0,334","0,000","-0,371"
10349391,COMMODO DYG JUMBO J.B.JUSTO,CAPITAL FEDERAL,1,N,2,"0,000","0,000","0,000","0,000"
5349550,COMMODO EASY CASEROS,BUENOS AIRES,1,3.B,4,"3,126","0,464","0,000","7,000"
12849973,COMMODO EASY DRUGSTORE DE PRIMERA II,TUCUMAN,1,3.B,4,"5,935","0,000","0,000","2,331"
12849442,COMMODO EASY FACTORY PARQUE BROWN CANDEV,CAPITAL FEDERAL,1,1.VIP,2,"8,359","5,000","0,000","3,860"
9549012,COMMODO EASY ITUZAINGO,BUENOS AIRES,1,2.A,3,"4,830","0,330","0,000","3,046"
10349422,COMMODO EASY LINIERS CANDE 5,CAPITAL FEDERAL,1,3.B,4,"6,404","0,000","0,000","4,000"
10349372,COMMODO EASY MENDOZA 1,MENDOZA,1,2.A,3,"6,472","3,278","0,000","5,000"
11449166,COMMODO EASY PAY,SALTA,1,3.B,4,"9,863","1,000","0,000","32,000"
5849018,COMMODO EASY127 ESP.E3 P.YB-DRUGSTORE,TUCUMAN,1,N,2,"6,508","0,500","0,000","0,000"
13049600,COMMODO EL DKA,LA RIOJA,1,N,2,"0,213","0,000","0,000","0,000"
12849336,COMMODO FAMILLE,MENDOZA,1,N,2,"0,000","0,000","0,000","0,000"
13049011,COMMODO FLORES,SALTA,1,N,2,"0,000","0,000","0,000","0,000"
11649363,COMMODO GARIBALDI,MENDOZA,1,1.VIP,2,"3,392","2,458","0,000","2,058"
8149822,COMMODO GESTORIA DE SEGUROS,MENDOZA,1,5.D,6,"-0,056","0,000","0,000","1,000"
7549812,COMMODO GIRASOL,NEUQUEN,1,1.VIP,2,"3,358","-0,660","0,000","2,985"
6149495,COMMODO GRAL ACHA,SAN JUAN,1,2.A,3,"4,350","-0,094","0,000","8,657"
12849254,COMMODO JTA,MENDOZA,1,4.C,4,"2,176","3,388","0,000","8,981"
5349434,COMMODO JUJUY,JUJUY,1,1.VIP,2,"2,931","0,952","0,000","2,965"
11949711,COMMODO JUMBO,MENDOZA,1,N,2,"0,000","0,000","0,000","0,000"
5349639,COMMODO JUMBO ACOYTE,CAPITAL FEDERAL,1,N,2,"2,863","-0,298","0,000","2,574"
10349421,COMMODO JUMBO JUAN B JUSTO CANDE 4,CAPITAL FEDERAL,1,2.A,3,"7,040","0,000","0,000","6,000"
10349491,COMMODO JUMBO MENDOZA,MENDOZA,1,5.D,6,"7,155","0,000","0,000","8,000"
13049535,COMMODO JUMBO MZA,MENDOZA,1,N,2,"3,328","0,000","0,000","4,000"
10349433,COMMODO JUMBO PILAR CANDE VII,BUENOS AIRES,1,3.B,4,"3,730","0,000","0,000","2,000"
11649367,COMMODO JUMBO URQUIZA DABO,CAPITAL FEDERAL,1,1.VIP,2,"3,626","0,000","0,000","2,056"
12849978,COMMODO JURADO PAGOS,SALTA,1,2.A,3,"6,279","1,000","0,000","5,000"
12849714,COMMODO KIWI MARKET,MENDOZA,1,N,2,"0,000","0,000","0,000","0,000"
5349583,COMMODO LA BODEGA VEA AV BELGRANO S 433,SANTIAGO DEL ESTERO,1,3.B,4,"25,363","0,000","0,000","4,000"
12449648,COMMODO LA CHABONA II SUPER VEA SM 769,CATAMARCA,1,N,2,"4,660","0,000","0,000","4,000"
6149529,COMMODO LA ESKINA,MENDOZA,1,N,2,"2,031","0,500","0,000","0,000"
13049541,COMMODO LA RIOJA,LA RIOJA,1,N,2,"2,331","0,000","0,000","4,616"
12249132,COMMODO LOCUTORIO LAS HERAS,MENDOZA,1,3.B,4,"0,136","1,636","0,000","7,599"
9749918,COMMODO LOS MELLIS,MENDOZA,1,5.D,6,"-0,196","-0,118","0,000","-0,054"
6149399,COMMODO LUJAN,MENDOZA,1,1.VIP,2,"3,766","1,003","0,000","4,147"
9849112,COMMODO LUNA,MENDOZA,1,1.VIP,2,"8,565","3,010","0,000","6,000"
5349331,COMMODO LUZURIAGA,MENDOZA,1,3.B,4,"0,806","-0,010","0,000","2,945"
10349426,COMMODO MAIPU,MENDOZA,1,1.VIP,2,"8,343","0,000","0,000","7,709"
8049158,COMMODO MAIPU,MENDOZA,1,N,2,"14,996","4,956","0,000","12,000"
8749310,COMMODO MALARGUE,MENDOZA,1,1.VIP,2,"10,288","0,000","0,000","5,496"
12949407,COMMODO MATILDE,SALTA,1,1.VIP,2,"35,399","0,000","0,000","1,172"
5349365,COMMODO MAXIKIOSCO MATIAS,MENDOZA,1,1.VIP,2,"4,789","2,139","0,000","1,674"
11649380,COMMODO MENDOZA PLAZA SHOPPING,MENDOZA,1,1.VIP,2,"10,826","7,880","0,000","5,962"
7249179,COMMODO MERCOSUR NOVEDADES,JUJUY,1,1.VIP,2,"2,332","-0,306","0,000","2,458"
9749803,COMMODO MINI SUPER,MENDOZA,1,N,2,"0,000","0,000","0,000","0,000"
12849650,COMMODO MINIMARKET ALEM,MENDOZA,1,2.A,3,"3,963","3,638","0,000","2,000"
6949846,COMMODO MY SCHOOL,MENDOZA,1,N,2,"0,000","0,000","0,000","0,000"
6149659,COMMODO MYM AUTOSERVICIO,MENDOZA,1,4.C,4,"3,675","0,000","0,000","6,000"
9149053,COMMODO NEW MULTISERVICIOS DISC SANTA FE,CAPITAL FEDERAL,1,2.A,3,"5,260","0,000","0,000","5,000"
9149051,COMMODO NEW MULTISERVICIOS DISCO MONTEVI,CAPITAL FEDERAL,1,3.B,4,"6,429","0,000","0,000","4,000"
9149055,COMMODO NEW MULTISERVICIOS DISCO RIVADAV,CAPITAL FEDERAL,1,2.A,3,"3,414","2,058","0,000","12,000"
12749224,COMMODO NEW MULTISERVICIOS DISCO SALGUER,CAPITAL FEDERAL,1,1.VIP,2,"7,930","1,000","0,000","7,000"
12749220,COMMODO NEW MULTISERVICIOS VEA BULNES,CAPITAL FEDERAL,1,3.B,4,"3,396","1,553","0,000","6,000"
90049050,COMMODO NEW MULTISERVICIOS VEA CORDOBA,CAPITAL FEDERAL,1,N,2,"0,000","0,067","0,000","0,000"
9749636,COMMODO OHANA ALAMCEN,MENDOZA,1,N,2,"3,415","0,996","0,000","0,000"
6749191,COMMODO OZAMIS SUR,MENDOZA,1,2.A,3,"2,918","1,282","0,000","3,000"
11849191,COMMODO PAGOS  ROLDAN,SAN JUAN,1,N,2,"4,116","0,626","0,000","0,000"
9749924,COMMODO PAGOS FERIOZZI,MENDOZA,1,N,2,"1,516","-0,236","0,000","2,596"
6149638,COMMODO PAGOS LOMAS JUMBO,BUENOS AIRES,1,N,2,"0,000","0,000","0,000","0,000"
10349268,COMMODO PAGOS STARE,MENDOZA,1,N,2,"1,823","0,614","0,000","0,000"
5349353,COMMODO PAGOS TRINIDAD,SAN JUAN,1,N,2,"2,226","0,256","0,000","0,000"
90049052,COMMODO PALMARES,MENDOZA,1,1.VIP,2,"4,877","3,345","0,000","3,593"
10349269,COMMODO PALMIRA,MENDOZA,1,2.A,3,"3,382","2,355","0,000","12,956"
10349432,COMMODO PASEO STARE 1,MENDOZA,1,3.B,4,"4,644","0,000","0,000","3,980"
9749439,COMMODO PASO DE LOS ANDES,MENDOZA,1,1.VIP,2,"4,306","1,761","0,000","9,000"
10349466,COMMODO PATRICIAS MENDOCINAS,MENDOZA,1,N,2,"0,474","0,000","0,000","2,000"
9849246,COMMODO PINKY CEREBRO,MENDOZA,1,5.D,6,"1,994","-0,062","0,000","0,877"
10049127,COMMODO PK2 PORTAL SANTIAGO SHOPPING,SANTIAGO DEL ESTERO,1,5.D,6,"4,144","0,000","0,000","3,775"
90049149,COMMODO PLAZA LAS HERAS,MENDOZA,1,1.VIP,2,"5,038","-0,880","0,000","3,902"
10349359,COMMODO PLAZA VEA LANUS,BUENOS AIRES,1,1.VIP,2,"1,000","0,000","0,000","0,000"
10349358,COMMODO PLAZA VEA SAN JUAN,CAPITAL FEDERAL,1,1.VIP,2,"6,712","0,000","0,000","2,532"
10349246,COMMODO PO&LO,MENDOZA,1,2.A,3,"1,833","2,042","0,000","4,000"
6149657,COMMODO PRET MARIANO MORENO,MENDOZA,1,3.B,4,"10,255","0,000","0,000","4,000"
5349461,COMMODO PUERTO VIRTUAL DISCO J M MORENO,CAPITAL FEDERAL,1,4.C,4,"2,143","0,920","0,000","6,000"
5349446,COMMODO PUERTO VIRTUAL DISCO QUINTANA,CAPITAL FEDERAL,1,3.B,4,"2,811","2,938","0,000","8,000"
5349445,COMMODO PUERTO VIRTUAL DISCO SUCRE,CAPITAL FEDERAL,1,5.D,6,"0,182","0,000","0,000","3,000"
5349456,COMMODO PUERTO VIRTUAL JUMBO ACOYTE,CAPITAL FEDERAL,1,4.C,4,"1,451","1,902","0,000","15,000"
5349488,COMMODO PUERTO VIRTUAL JUMBO VICTORIA,CAPITAL FEDERAL,1,4.C,4,"2,965","4,214","0,000","9,000"
5349458,COMMODO PUERTO VIRTUAL VEA INDEPENDENCIA,CAPITAL FEDERAL,1,4.C,4,"1,489","0,000","0,000","6,000"
10349376,COMMODO QUINTA,MENDOZA,1,1.VIP,2,"7,660","4,224","0,000","8,177"
10349280,COMMODO R PENA CONSULTORA,MENDOZA,1,4.C,4,"0,107","0,950","0,000","2,913"
5849016,COMMODO RAMOS MEJIA,BUENOS AIRES,1,N,2,"0,000","0,818","0,000","0,000"
5349625,COMMODO REKAPITAL BOEDO,CAPITAL FEDERAL,1,5.D,6,"9,100","0,000","0,000","8,000"
5349624,COMMODO REKAPITAL BULNES,CAPITAL FEDERAL,1,5.D,6,"5,300","-1,502","0,000","4,601"
5349626,COMMODO REKAPITAL SALGUERO,CAPITAL FEDERAL,1,5.D,6,"24,880","-3,865","0,000","16,858"
12449906,COMMODO RIVADAVIA,MENDOZA,1,1.VIP,2,"6,570","3,178","0,000","2,573"
5349592,COMMODO SAN MARTIN EXPRESS,MENDOZA,1,5.D,6,"1,761","0,000","0,000","1,000"
8749137,COMMODO SARMIENTO,MENDOZA,1,1.VIP,2,"3,546","2,000","0,000","4,152"
5349472,COMMODO SERVICIOS DISCO TORTUGUITAS,BUENOS AIRES,1,4.C,4,"0,000","0,949","0,000","0,000"
5849017,COMMODO SERVICIOS EASY PILAR,BUENOS AIRES,1,N,2,"0,000","0,000","0,000","0,000"
12949103,COMMODO SERVICOMPRAS YPF,MENDOZA,1,N,2,"3,760","0,474","0,000","0,000"
11949708,COMMODO SHOPPING PLAZA OESTE,BUENOS AIRES,1,1.VIP,2,"4,333","0,917","0,000","5,000"
5349574,COMMODO SOLIMEC SRL JUMBO J.B.JUSTO,CAPITAL FEDERAL,1,N,2,"0,000","0,000","0,000","0,000"
5349525,COMMODO SUPER SIMPLE BARRIO TRAPICHE,MENDOZA,1,N,2,"1,746","0,500","0,000","0,000"
12449645,COMMODO TAGUS II ALEM,TUCUMAN,1,1.VIP,2,"7,996","1,324","0,000","11,000"
5349436,COMMODO TAGUS III AMERICA,TUCUMAN,1,1.VIP,2,"10,329","0,000","0,000","19,000"
5349474,COMMODO TAGUS V SARMIENTO,TUCUMAN,1,2.A,3,"3,942","1,046","0,000","10,000"
5349475,COMMODO TAGUS VI GOBERNADOR,TUCUMAN,1,1.VIP,2,"4,918","0,000","0,000","6,000"
5349508,COMMODO TAGUS VII COLON,TUCUMAN,1,1.VIP,2,"3,326","0,000","0,000","5,000"
5349517,COMMODO TAGUS VIII ROCA,TUCUMAN,1,1.VIP,2,"6,486","0,000","0,000","10,000"
5349562,COMMODO TAGUS XII VEA MATE DE LUNA,TUCUMAN,1,2.A,3,"6,489","0,000","0,000","10,000"
90049070,COMMODO TEAMWORK CHANGO MAS,NEUQUEN,1,1.VIP,2,"3,537","-0,582","0,000","4,302"
5349454,COMMODO TRAMITEL 2,CATAMARCA,1,N,2,"12,733","0,482","0,000","0,000"
10349460,COMMODO UNIMEV,MENDOZA,1,N,2,"5,132","0,000","0,000","6,312"
5349515,COMMODO VEA  EL PORTAL DE LA RIOJA,LA RIOJA,1,N,2,"1,494","0,662","0,000","4,000"
5349629,COMMODO VEA  EXPRESS ALEM,TUCUMAN,1,N,2,"5,641","0,000","0,000","4,361"
5349630,COMMODO VEA  EXPRESS ROCA,TUCUMAN,1,N,2,"4,360","-0,400","0,000","2,700"
5349631,COMMODO VEA  M Y M GOBERNADOR,TUCUMAN,1,N,2,"1,439","-0,030","0,000","1,281"
10449057,COMMODO VEA 6,MENDOZA,1,2.A,3,"3,631","1,000","0,000","4,818"
5349533,COMMODO VEA 7,MENDOZA,1,1.VIP,2,"7,505","-0,512","0,000","8,141"
5349555,COMMODO VEA ALEM  LA RIOJA,LA RIOJA,1,4.C,4,"0,000","0,000","0,000","0,000"
5349612,COMMODO VEA ALEM LA RIOJA,LA RIOJA,1,N,2,"3,609","0,000","0,000","4,000"
12449944,COMMODO VEA AV FUERZA AEREA 2080,CORDOBA,1,N,2,"0,000","0,000","0,000","0,000"
10349349,COMMODO VEA AVELLANEDA,MENDOZA,1,2.A,3,"6,960","0,000","0,000","6,742"
5349534,COMMODO VEA AYELEN,MENDOZA,1,1.VIP,2,"7,905","2,667","0,000","7,366"
10349373,COMMODO VEA BARCALA,MENDOZA,1,1.VIP,2,"4,794","0,000","0,000","16,215"
6149723,COMMODO VEA BRANCHESI,BUENOS AIRES,1,N,2,"-0,061","-0,010","0,000","-0,038"
8749387,COMMODO VEA CASEROS,BUENOS AIRES,1,1.VIP,2,"5,586","0,000","0,000","3,000"
5349627,COMMODO VEA CORDOBA,CAPITAL FEDERAL,1,5.D,6,"24,946","-1,360","0,000","22,501"
5349408,COMMODO VEA DEMOCRACIA,MENDOZA,1,2.A,3,"5,311","0,000","0,000","9,677"
90049148,COMMODO VEA DORREGO,MENDOZA,1,2.A,3,"4,042","0,000","0,000","5,095"
12849657,COMMODO VEA ECHAZU,SALTA,1,N,2,"12,338","1,768","0,000","0,000"
5349485,COMMODO VEA HURLINGHAM,BUENOS AIRES,1,2.A,3,"3,760","0,000","0,000","5,000"
11949929,COMMODO VEA LA PLATA II AGUS,BUENOS AIRES,1,2.A,3,"1,476","0,609","0,000","1,000"
5849021,COMMODO VEA LA SOLUCION I,CORDOBA,1,2.A,3,"3,476","1,060","0,000","6,220"
5349623,COMMODO VEA MERCANTIL II,TUCUMAN,1,N,2,"4,888","0,000","0,000","3,000"
13049469,COMMODO VEA MERLO CODIAS,BUENOS AIRES,1,4.C,4,"9,411","0,000","0,000","6,000"
13049429,COMMODO VEA MIKA II,MENDOZA,1,4.C,4,"11,402","0,000","0,000","6,000"
5349543,COMMODO VEA MONTEROS   EXPRESS III,TUCUMAN,1,1.VIP,2,"2,468","0,554","0,000","1,600"
6149383,COMMODO VEA PACHECO,BUENOS AIRES,1,1.VIP,2,"4,637","0,000","0,000","4,484"
5349547,COMMODO VEA PERITO MORENO,MENDOZA,1,1.VIP,2,"3,167","2,409","0,000","3,368"
6349500,COMMODO VEA PLAZA TRELEW,CHUBUT,1,3.B,4,"4,967","0,236","0,000","1,116"
6149658,COMMODO VEA RAWSON,SAN JUAN,1,1.VIP,2,"3,669","0,000","0,000","3,589"
6149435,COMMODO VEA RAWSON,SAN JUAN,1,N,2,"5,062","1,498","0,000","4,000"
10349419,COMMODO VEA RODEO DE LA CRUZ,MENDOZA,1,2.A,3,"2,862","2,000","0,000","6,000"
10349385,COMMODO VEA RODEO DE LA CRUZ,MENDOZA,1,N,2,"0,000","0,000","0,000","0,000"
5349633,COMMODO VEA SALAS CRESPO SARMIENTO,TUCUMAN,1,N,2,"1,687","0,000","0,000","2,000"
10349424,COMMODO VEA SANTIAGO DEL ESTERO,MENDOZA,1,1.VIP,2,"6,413","0,000","0,000","5,569"
5349453,COMMODO VEA SANTIAGO DEL ESTERO,MENDOZA,1,N,2,"2,034","1,000","0,000","4,000"
10349394,COMMODO VEA SEXTA SECCION,MENDOZA,1,1.VIP,2,"5,805","0,000","0,000","4,606"
5349421,COMMODO VEA SM 904 RECEP. LA GACETA III,TUCUMAN,1,1.VIP,2,"2,663","-0,112","0,000","2,010"
5349587,COMMODO VEA TODO SUELTO II PATIO PALMERA,CATAMARCA,1,2.A,3,"4,919","0,000","0,000","5,744"
10349263,COMMODO VEA TUNUYAN,MENDOZA,1,1.VIP,2,"5,598","1,994","0,000","4,340"
6149603,COMMODO VEA TUNUYAN- MK3,BUENOS AIRES,1,N,2,"37,559","0,000","0,000","0,000"
10349382,COMMODO VEA VILLA MERCEDES,SAN LUIS,1,N,2,"9,272","0,000","0,000","0,000"
10349413,COMMODO VEA VILLA MERCEDES I,SAN LUIS,1,1.VIP,2,"11,195","0,000","0,000","9,000"
10349459,COMMODO VEA VILLA MERCEDES II,SAN LUIS,1,N,2,"3,424","0,000","0,000","5,000"
9749807,COMMODO VICENTE ZAPATA,MENDOZA,1,3.B,4,"5,094","0,000","0,000","2,000"
13049130,COMMODO YES JUMBO,MENDOZA,1,3.B,4,"5,492","0,000","0,000","11,000"
12849092,COMMODO YN VEA ESTECO,SALTA,1,N,2,"3,692","2,184","0,000","7,000"
9349033,COMMODO ZAPATERIA 4 M VEA,CORDOBA,1,1.VIP,2,"5,663","2,000","0,000","2,000"
13049431,COMO NO VENIR A VERTE,CORDOBA,1,5.D,6,"4,485","0,000","0,000","10,000"
7149155,COMO TE VEN TE TRATAN,BUENOS AIRES,1,N,2,"1,808","-0,198","0,000","-0,106"
12449985,COMODIN,BUENOS AIRES,1,N,2,"0,469","0,474","0,000","0,000"
12649784,COMODINES,CHACO,1,5.D,6,"-0,276","-0,022","0,000","-0,146"
10349085,COMODITY EXPRESS,SANTA CRUZ,1,1.VIP,2,"0,832","1,648","0,000","3,894"
8149791,COMPANIA DE SEGUROS LIDERAR VA LARCA,SAN LUIS,1,N,2,"1,493","0,000","0,000","0,000"
7749030,COMPENSAR SAS,CORDOBA,1,N,2,"2,151","0,000","0,000","3,000"
7449178,COMPLOT FAMAILLA,TUCUMAN,1,1.VIP,2,"1,152","-0,240","0,000","5,725"
11449094,COMPU STAR,CORDOBA,1,2.A,3,"2,019","1,478","0,000","4,075"
11449043,COMPUNET,CORDOBA,1,4.C,4,"1,696","0,000","0,000","3,715"
11449086,COMPUNETT SOLUCIONES,CAPITAL FEDERAL,1,4.C,4,"0,830","0,000","0,000","2,000"
11449110,COMPUSUR INFORMATICA,RIO NEGRO,1,2.A,3,"3,000","2,894","0,000","5,613"
10449006,COMPUTACION PLANET.COM,CORDOBA,1,3.B,4,"-0,302","0,278","0,000","5,684"
6449257,COMUNA DE COLONIA LAS PICHANAS,CORDOBA,1,5.D,6,"3,221","0,000","0,000","-0,007"
6449374,COMUNA DE LA CUMBRECITA,CORDOBA,1,4.C,4,"-0,096","0,000","0,000","0,000"
6449274,COMUNA DE SUCO,CORDOBA,1,4.C,4,"0,014","0,000","0,000","6,948"
6449405,COMUNA LA CAROLINA,CORDOBA,1,5.D,6,"0,483","0,500","0,000","2,923"
6449267,COMUNA VILLA CIUDAD DE AMERICA,CORDOBA,1,5.D,6,"0,000","0,000","0,000","0,000"
12249220,COMUNICACIONES ITUZAINGO,BUENOS AIRES,1,N,2,"1,266","0,000","0,000","0,000"
6449503,COMUNIDAD SAN CARLOS,SANTA FE,1,N,2,"0,000","0,000","0,000","0,000"
12649559,CONCEPCION,CORDOBA,1,N,2,"2,140","0,000","0,000","0,000"
9749407,CONCORDIA 1,CORRIENTES,1,2.A,3,"1,621","0,000","0,000","3,765"
9749408,CONCORDIA 2,CORRIENTES,1,2.A,3,"2,663","0,000","0,000","1,321"
11849313,CONCORDIA III,CORRIENTES,1,2.A,3,"2,051","0,000","0,000","1,800"
11849359,CONCORDIA IV,CORRIENTES,1,3.B,4,"4,662","0,486","0,000","6,740"
6349457,CONECTADOS,ENTRE RIOS,1,1.VIP,2,"2,159","6,228","0,000","0,000"
10349467,CONFIAR CAPITAL,SAN JUAN,1,5.D,6,"3,248","0,000","0,000","2,860"
10349468,CONFIAR RAWSON,SAN JUAN,1,N,2,"2,199","0,000","0,000","4,484"
10349489,CONFIAR TRINIDAD,SAN JUAN,1,4.C,4,"6,179","0,000","0,000","1,410"
12149131,CONFITERIA VOLCAN,JUJUY,1,5.D,6,"-0,057","0,734","0,000","1,964"
5449552,CONFORT ALEX CASTILLO,BUENOS AIRES,1,5.D,6,"0,000","0,422","0,000","0,000"
13049363,CONSENTIDAS,CHACO,1,5.D,6,"-0,063","0,000","0,000","-0,017"
11149068,CONSULTORA DEL OESTE,FORMOSA,1,4.C,4,"0,006","0,000","0,000","1,000"
10949065,CONSULTORIO VETERINARIO DR GUIDOBONO,CORRIENTES,1,4.C,4,"1,609","0,000","0,000","0,675"
11149032,CONSYS,BUENOS AIRES,1,N,2,"0,885","0,000","0,000","0,000"
10349193,CONTINENTAL SERVICE,CAPITAL FEDERAL,1,1.VIP,2,"3,227","8,000","0,000","3,732"
8149646,COOP AGRICOLA MIXTA DE MONTECARLO LTDA,MISIONES,1,4.C,4,"-0,101","0,000","0,000","0,889"
8149945,COOP AGRICOLA MIXTA DE MONTECARLO LTDAII,MISIONES,1,5.D,6,"0,531","0,000","0,000","0,000"
6449491,COOP AGRICOLA Y GANADERA DE BOUQUET LTDA,SANTA FE,1,N,2,"0,000","0,000","0,000","0,000"
6449213,COOP. AGRICOLA GANAD LTDA. DE ACEVEDO,BUENOS AIRES,1,N,2,"0,000","0,000","0,000","0,000"
6449203,COOP. ELEC. DE O. Y DES. DE VILLA SABOYA,BUENOS AIRES,1,N,2,"0,000","0,000","0,000","0,000"
6449256,COOP.DE PROM.Y DESARROLLO REGIONAL LTDA,CORDOBA,1,1.VIP,2,"1,875","0,000","0,000","1,662"
6449200,COOP.LTDA. DE ELECT. DE SEBASTIAN ELCANO,CORDOBA,1,5.D,6,"0,611","1,000","0,000","0,962"
10249981,COOPECOR AGENCIA 131,CORDOBA,1,5.D,6,"0,000","0,000","0,000","0,000"
10249848,COOPECOR AGENCIA 250,CORDOBA,1,5.D,6,"1,893","1,000","0,000","0,000"
10249835,COOPECOR COLORADO EL 32,CORDOBA,1,3.B,4,"-0,285","-0,092","0,000","1,853"
10249793,COOPECOR QUINIELA MARICEL,CORDOBA,1,1.VIP,2,"3,922","2,000","0,000","14,052"
6449079,COOPERATIVA AGRARIA DE TRES ARROYOS,BUENOS AIRES,1,4.C,4,"-0,124","0,000","0,000","-0,052"
12749225,COOPERATIVA AGRICOLA RAUCH,BUENOS AIRES,1,5.D,6,"7,114","0,500","0,000","4,000"
6449118,COOPERATIVA AGRO MALABRIGO,SANTA FE,1,4.C,4,"-0,278","0,000","0,000","1,000"
6449150,COOPERATIVA CAVANAGH,CORDOBA,1,5.D,6,"-0,048","0,000","0,000","0,000"
6449220,COOPERATIVA DE ELECTRICIDAD DE LOZADA,CORDOBA,1,4.C,4,"0,824","0,000","0,000","3,000"
6449089,COOPERATIVA E.O.Y S.P.LAS HIGUERAS,CORDOBA,1,5.D,6,"0,709","0,000","0,000","0,000"
6449084,COOPERATIVA ELECTRICA DE ORENSE S.A.,BUENOS AIRES,1,5.D,6,"-0,111","0,000","0,000","0,000"
6449129,COOPERATIVA ENERGIA TIO PUJIO,CORDOBA,1,4.C,4,"-0,106","0,000","0,000","2,683"
6449301,COOPERATIVA ENERGIA TIO PUJIO II,CORDOBA,1,4.C,4,"0,428","0,000","0,000","3,785"
7549361,COOPERATIVA HUANCHILLA,CORDOBA,1,4.C,4,"-0,123","0,000","0,000","1,910"
6449075,COOPERATIVA PROV.ELECTRICIDAD DE ORDONEZ,CORDOBA,1,5.D,6,"1,048","0,000","0,000","6,776"
6449340,COOPERATIVA VILLA GIARDINO,CORDOBA,1,4.C,4,"-0,390","0,000","0,000","1,311"
6449261,COOPERATIVA YACANTO,CORDOBA,1,N,2,"1,037","0,000","0,000","0,000"
6449175,COOPIC,BUENOS AIRES,1,4.C,4,"3,685","0,000","0,000","8,000"
6949963,COPERNICO LIBRERIA,SANTA FE,1,N,2,"-0,001","0,000","0,000","0,000"
8149393,CORAZZA SEGUROS,SANTA FE,1,5.D,6,"0,843","1,000","0,000","0,000"
11949273,CORCAL,CORDOBA,1,1.VIP,2,"2,790","-0,302","0,000","2,096"
8749273,CORCAL II,CORDOBA,1,2.A,3,"2,135","0,623","0,000","0,000"
11449162,CORETEC,CORDOBA,1,4.C,4,"6,807","0,000","0,000","17,000"
13049838,CORNER 2,BUENOS AIRES,1,N,2,"-0,104","-0,020","0,000","-0,051"
13049670,CORNER DRUGSTORE 1,CORDOBA,1,5.D,6,"0,000","0,000","0,000","0,000"
13049671,CORNER DRUGSTORE 2,CORDOBA,1,5.D,6,"0,000","0,000","0,000","0,000"
11249026,CORRALON 9 DE JULIO II,JUJUY,1,4.C,4,"4,789","-0,010","0,000","4,913"
11249027,CORRALON ECHAZU,TUCUMAN,1,3.B,4,"-0,332","0,444","0,000","2,881"
11249031,CORRALON LIBERTADOR,CORRIENTES,1,4.C,4,"-0,258","0,880","0,000","0,807"
11249044,CORRALON MARISA,CORRIENTES,1,N,2,"0,943","0,000","0,000","0,000"
6749194,CORRALON Y FERRETERIA PERIN,FORMOSA,1,N,2,"1,214","0,000","0,000","0,000"
8149406,CORTES LAURIA Y ASOCIADOS,CORRIENTES,1,4.C,4,"1,116","0,000","0,000","2,771"
10049011,COSMHOGAR,BUENOS AIRES,1,5.D,6,"-0,019","0,000","0,000","0,000"
9749621,COSTA BLOOM,CORDOBA,1,N,2,"3,699","0,500","0,000","0,000"
13049172,COSTA RICA STORE,SANTA CRUZ,1,5.D,6,"-0,018","0,000","0,000","-0,026"
10349363,COSTANTINO PAGOS,BUENOS AIRES,1,4.C,4,"-0,210","0,000","0,000","1,912"
11549014,COTILLON,BUENOS AIRES,1,N,2,"0,000","0,000","0,000","0,000"
7249168,COTILLON ALBERTI,BUENOS AIRES,1,N,2,"0,000","1,680","0,000","0,000"
12949023,COTILLON CARINA,SAN JUAN,1,N,2,"2,932","0,452","0,000","0,000"
7549600,COTILLON ISIDORITO,JUJUY,1,1.VIP,2,"7,821","2,631","0,000","3,122"
6949610,COTILLON JAIA,BUENOS AIRES,1,4.C,4,"0,000","0,274","0,000","0,000"
11949850,COTILLON LUNA MAGICA,CORDOBA,1,N,2,"0,000","4,099","0,000","0,000"
12449157,COTILLON MARI MAR,BUENOS AIRES,1,4.C,4,"-0,162","0,000","0,000","3,930"
12949075,COTILLON QUE SABORES SALUDABLE,BUENOS AIRES,1,N,2,"2,347","0,096","0,000","0,000"
7249212,COTILLON WOKA,SAN LUIS,1,4.C,4,"4,329","0,000","0,000","9,000"
9749185,COUS - COUS,CORDOBA,1,1.VIP,2,"2,225","0,000","0,000","3,000"
10049066,COVER S III,TUCUMAN,1,N,2,"3,527","0,500","0,000","0,000"
10049056,COVERS,TUCUMAN,1,N,2,"9,000","0,980","0,000","0,000"
10049065,COVER'S II,TUCUMAN,1,N,2,"3,523","0,500","0,000","0,000"
10349427,CPC MERCANTIL,CORDOBA,1,3.B,4,"1,525","0,000","0,000","2,542"
9349036,CRAZY SHOES,BUENOS AIRES,1,3.B,4,"6,810","1,086","0,000","0,000"
6949658,CREACIONES ALMA,CORDOBA,1,N,2,"0,000","0,000","0,000","0,000"
9049063,CREATE MERCERIA,CHUBUT,1,N,2,"3,624","0,000","0,000","0,000"
8149944,CREDIA MERLO,SAN LUIS,1,4.C,4,"1,019","0,780","0,000","3,000"
12749581,CREDIA MERLO,SAN LUIS,1,N,2,"6,960","0,000","0,000","7,795"
12749596,CREDIA TILI,SAN LUIS,1,N,2,"0,609","0,000","0,000","-0,107"
12749672,CREDIARIO,CHUBUT,1,5.D,6,"-0,037","-0,020","0,000","-0,033"
8149537,CREDIBEL RESISTENCIA III,CHACO,1,N,2,"2,577","4,034","0,000","0,000"
12749670,CREDICIA,CORDOBA,1,5.D,6,"-0,044","-0,010","0,000","-0,020"
8149306,CREDICUOTAS,TUCUMAN,1,5.D,6,"0,796","0,000","0,000","0,000"
8149324,CREDIFIAR ARISTOBULO,SANTA FE,1,N,2,"0,152","3,000","0,000","0,000"
8149325,CREDIFIAR SA,SANTA FE,1,N,2,"3,608","0,000","0,000","0,000"
8149847,CREDISER ELDORADO,MISIONES,1,4.C,4,"0,000","0,000","0,000","0,000"
8149845,CREDISER OBERA,MISIONES,1,4.C,4,"0,000","0,000","0,000","0,000"
8149849,CREDISER POSADAS,MISIONES,1,4.C,4,"0,557","0,000","0,000","0,000"
8149848,CREDISER RESISTENCIA,CHACO,1,N,2,"0,000","0,000","0,000","0,000"
12749516,CREDIT FINANZAS,BUENOS AIRES,1,4.C,4,"2,918","0,000","0,000","2,000"
8149763,CREDITO PARA EMPRENDEDORES,BUENOS AIRES,1,2.A,3,"3,089","-0,127","0,000","2,167"
12749159,CREDITO SUPREMO,SAN JUAN,1,3.B,4,"1,362","0,242","0,000","6,000"
12749595,CREDITOS CUYANOS,SAN JUAN,1,N,2,"0,000","0,000","0,000","0,000"
12749621,CREDITOS CUYANOS 2,SAN JUAN,1,N,2,"4,375","0,000","0,000","4,000"
12749641,CREDITOS CUYANOS III,SAN JUAN,1,N,2,"0,000","0,000","0,000","0,000"
12749098,CREDIVIP,CHACO,1,5.D,6,"2,437","0,500","0,000","0,000"
12749100,CREDIVIP 2,CHACO,1,5.D,6,"-0,004","0,500","0,000","1,000"
12749099,CREDIVIP 3,CORRIENTES,1,5.D,6,"2,896","0,490","0,000","0,000"
12749101,CREDIVIP 4,CHACO,1,5.D,6,"-0,009","0,000","0,000","0,000"
12749128,CREDIVIP CLORINDA,FORMOSA,1,5.D,6,"3,339","0,464","0,000","0,000"
8149357,CREDNOW CENTRAL,BUENOS AIRES,1,N,2,"0,946","0,000","0,000","0,000"
6149494,CRIMAYO,CHUBUT,1,N,2,"1,205","0,310","0,000","0,000"
12849445,CRIMI MAXIKIOSCO,JUJUY,1,1.VIP,2,"4,370","1,000","0,000","1,338"
13049083,CRIS MAR,CORDOBA,1,N,2,"5,723","0,000","0,000","0,000"
11849420,CRISTAL,SANTIAGO DEL ESTERO,1,5.D,6,"1,040","0,000","0,000","3,783"
12649711,CRISTALENT,CHACO,1,5.D,6,"1,550","0,000","0,000","5,723"
13049570,CRISTOBAL 24 7,CORDOBA,1,N,2,"2,521","0,000","0,000","3,982"
12449529,CRISTOBAL II,CORDOBA,1,4.C,4,"1,328","1,568","0,000","1,000"
6349534,CRITS,CHUBUT,1,N,2,"5,963","0,000","0,000","3,989"
9449046,CROMO BORDADOS,MISIONES,1,4.C,4,"0,211","0,164","0,000","0,961"
13049333,CRS AH WEBEAR,BUENOS AIRES,1,3.B,4,"1,544","1,000","0,000","16,874"
5449608,CRS ALVALUZ CORRIENTES,CORRIENTES,1,5.D,6,"5,164","0,000","0,000","10,000"
12649768,CRS ANA PELZER,MISIONES,1,N,2,"0,440","0,000","0,000","3,747"
13049226,CRS CANDY SHOP,BUENOS AIRES,1,2.A,3,"4,354","0,964","0,000","14,000"
12349075,CRS EL PIONERO,BUENOS AIRES,1,N,2,"4,384","0,000","0,000","1,496"
13049056,CRS ESK EDISON,BUENOS AIRES,1,N,2,"0,000","0,000","0,000","0,000"
13049099,CRS ESK GUEMES 1,BUENOS AIRES,1,N,2,"0,000","0,000","0,000","0,000"
13049078,CRS ESK OLAVARRIA,BUENOS AIRES,1,N,2,"0,000","0,000","0,000","0,000"
12949757,CRS KIOSCO AZUL,BUENOS AIRES,1,N,2,"5,412","-0,178","0,000","8,401"
13049284,CRS KIOSCO EL ROJO,BUENOS AIRES,1,4.C,4,"0,000","0,000","0,000","0,000"
13049253,CRS KIOSCO JM,BUENOS AIRES,1,2.A,3,"2,640","0,000","0,000","2,146"
13049708,CRS KIOSCO LA ESQUINA,BUENOS AIRES,1,N,2,"3,548","0,000","0,000","2,874"
7249227,CRS KITA AROMAS Y MAS,BUENOS AIRES,1,N,2,"0,277","0,000","0,000","1,817"
13049718,CRS LA SANTA 2,BUENOS AIRES,1,N,2,"3,469","-0,497","0,000","3,544"
13049176,CRS LO DE PAPU II,BUENOS AIRES,1,2.A,3,"2,879","1,468","0,000","4,000"
13049319,CRS MAXI24,BUENOS AIRES,1,2.A,3,"3,406","0,000","0,000","2,977"
13049848,CRS MAXIKIOSCO PUNTO EXPRESS,BUENOS AIRES,1,N,2,"5,682","-0,036","0,000","3,682"
13049124,CRS OPEN 365 CONSTITUCION,BUENOS AIRES,1,3.B,4,"12,975","2,650","0,000","3,000"
13049046,CRS OPEN365 PLAZA,BUENOS AIRES,1,2.A,3,"4,489","1,000","0,000","3,000"
10349448,CRS PAGOS EL PADRINO,TIERRA DEL FUEGO,1,4.C,4,"4,220","0,000","0,000","5,705"
12849993,CRS PAGOS PEPPE,BUENOS AIRES,1,N,2,"8,851","0,000","0,000","1,000"
13049235,CRS POLIRRUBRO KED,BUENOS AIRES,1,1.VIP,2,"5,258","0,000","0,000","6,777"
13049512,CRS QUICKCYBER,BUENOS AIRES,1,N,2,"0,077","0,000","0,000","2,704"
10349435,CRS SANTIAGO CASTRO SEGUROS,BUENOS AIRES,1,4.C,4,"9,640","0,000","0,000","10,873"
12749409,CRS SEGUROS MARTINEZ,BUENOS AIRES,1,5.D,6,"1,780","0,000","0,000","1,000"
8249142,CRUCENA VIAJES,CAPITAL FEDERAL,1,5.D,6,"1,384","0,000","0,000","0,000"
90001062,CSC,CAPITAL FEDERAL,1,N,2,"0,000","0,000","0,000","0,000"
7249207,CUBICA,JUJUY,1,4.C,4,"8,886","0,000","0,000","9,895"
7249216,CUBICA ART DECO,JUJUY,1,5.D,6,"5,879","0,000","0,000","5,000"
12949744,CUBICA YAGUAR,JUJUY,1,5.D,6,"-0,016","0,000","0,000","-0,002"
6149714,CUCHERMERCADOS CTES,CORRIENTES,1,5.D,6,"-0,115","-0,010","0,000","-0,067"
9149078,CUENCA BAIRES,CAPITAL FEDERAL,1,4.C,4,"0,702","3,750","0,000","5,911"
12449475,CUENCOS,SALTA,1,3.B,4,"-0,417","1,350","0,000","6,761"
12449850,CUENTAS CLARAS,CHACO,1,4.C,4,"0,585","0,000","0,000","0,000"
6549075,CUMIN FOTO ESTUDIO,CORDOBA,1,1.VIP,2,"4,003","0,000","0,000","3,888"
5449599,CUOTA FACIL,SANTA FE,1,5.D,6,"0,000","0,000","0,000","4,000"
10349425,CURITA BROCHERO,LA RIOJA,1,4.C,4,"0,000","0,000","0,000","0,000"
10349430,CURITA BROCHERO II,LA RIOJA,1,4.C,4,"1,166","0,000","0,000","2,000"
10049074,CUSTOMSHOP,CORDOBA,1,2.A,3,"5,838","0,137","0,000","4,055"
11649228,CYBER ARLEQUIN,BUENOS AIRES,1,1.VIP,2,"6,703","2,000","0,000","3,949"
11649306,CYBER CHUCHO,BUENOS AIRES,1,N,2,"1,184","1,718","0,000","0,000"
11649321,CYBER CHUCHO II,BUENOS AIRES,1,N,2,"1,563","1,857","0,000","0,000"
11649356,CYBER CHUCHO III,BUENOS AIRES,1,N,2,"0,000","0,000","0,000","0,000"
11649095,CYBER CUSU,BUENOS AIRES,1,N,2,"1,896","1,043","0,000","0,000"
11649182,CYBER EINSTEIN,SANTIAGO DEL ESTERO,1,1.VIP,2,"1,139","-0,035","0,000","3,853"
13049366,CYBER EINSTEN 6,SANTIAGO DEL ESTERO,1,5.D,6,"5,278","0,000","0,000","4,000"
11649038,CYBER EL PUERTO NET,CORDOBA,1,1.VIP,2,"3,729","0,000","0,000","2,262"
11649310,CYBER EL SITIO,BUENOS AIRES,1,1.VIP,2,"2,088","1,308","0,000","5,644"
11649385,CYBER FICO,SALTA,1,4.C,4,"-0,267","0,000","0,000","0,934"
11649368,CYBER IMPACTO,BUENOS AIRES,1,5.D,6,"0,838","0,876","0,000","0,000"
11649332,CYBER J Y G,CAPITAL FEDERAL,1,5.D,6,"-0,141","1,922","0,000","0,000"
12849326,CYBER J Y G II,BUENOS AIRES,1,3.B,4,"6,272","0,000","0,000","0,000"
6949941,CYBER KIOSCO FUTURAMA II,BUENOS AIRES,1,N,2,"2,781","-0,545","0,000","1,419"
11649388,CYBER LA RED,CORDOBA,1,4.C,4,"0,721","0,000","0,000","3,521"
11649149,CYBER LOCUTORIO RIVADAVIA,MENDOZA,1,3.B,4,"2,258","2,622","0,000","5,867"
11649223,CYBER LOF,BUENOS AIRES,1,1.VIP,2,"3,727","1,426","0,000","3,375"
11649076,CYBER MAX I,BUENOS AIRES,1,2.A,3,"2,468","0,000","0,000","3,971"
11649078,CYBER MAX III,BUENOS AIRES,1,3.B,4,"2,362","0,000","0,000","17,352"
11649370,CYBER SMOKERS,SANTA FE,1,N,2,"10,149","0,920","0,000","0,000"
11649090,CYBER TITAN,BUENOS AIRES,1,3.B,4,"-0,696","0,000","0,000","0,000"
8049274,CYBER TITAN III,BUENOS AIRES,1,4.C,4,"0,000","0,000","0,000","1,000"
12449687,CYBER TITAN IV,BUENOS AIRES,1,N,2,"0,000","0,000","0,000","0,000"
11649325,CYBER WORLD NET,BUENOS AIRES,1,N,2,"3,771","0,788","0,000","0,000"
12849740,CYBER-DREAM,BUENOS AIRES,1,2.A,3,"4,565","0,862","0,000","5,511"
11649319,CYBERJUEGOS,CORRIENTES,1,2.A,3,"1,999","0,000","0,000","1,427"
12249173,CYBERJUEGOS II,CORRIENTES,1,4.C,4,"-0,273","-0,016","0,000","3,793"
8749383,CYBER-LAPLAY,FORMOSA,1,1.VIP,2,"1,297","0,000","0,000","1,670"
6949711,CYBERLICEO3,CORDOBA,1,1.VIP,2,"4,588","-0,219","0,000","3,674"
5449574,CYC MUEBLES,LA RIOJA,1,N,2,"2,994","0,000","0,000","0,000"
8149725,CYCLESEG LANUS ESTE,BUENOS AIRES,1,N,2,"3,318","0,000","0,000","0,000"
8149721,CYCLESEG LANUS OESTE,BUENOS AIRES,1,N,2,"1,590","0,000","0,000","0,000"
8149723,CYCLESEG LOMAS,BUENOS AIRES,1,N,2,"0,000","0,000","0,000","0,000"
8149724,CYCLESEG MONTE GRANDE,BUENOS AIRES,1,N,2,"0,714","0,000","0,000","0,000"
12449602,D TALLES,BUENOS AIRES,1,4.C,4,"0,278","0,000","0,000","2,516"
9749722,D TODO,CORDOBA,1,4.C,4,"3,362","0,000","0,000","8,000"
11949712,D Y A,CHUBUT,1,4.C,4,"-0,322","0,588","0,000","1,920"
12949492,D Y G AVENIDA DE MAYO,BUENOS AIRES,1,4.C,4,"5,141","0,000","0,000","6,000"
12949493,D Y G PARANA2 ADELINA,BUENOS AIRES,1,3.B,4,"8,774","0,000","0,000","14,000"
12749499,D Y G TIGRE,BUENOS AIRES,1,1.VIP,2,"6,387","0,000","0,000","12,000"
12849856,D Y M,CORRIENTES,1,5.D,6,"0,795","0,000","0,000","1,974"
12749558,D&G ALVEAR,BUENOS AIRES,1,N,2,"6,189","0,000","0,000","7,000"
12749560,D&G CONSTITUYENTES,BUENOS AIRES,1,5.D,6,"11,950","0,000","0,000","12,000"
12749601,D&G HOLDING ALVEAR,BUENOS AIRES,1,4.C,4,"6,558","0,000","0,000","-0,576"
12749605,D&G HOLDING PRIMERA JUNTA,BUENOS AIRES,1,5.D,6,"0,000","0,000","0,000","0,000"
13049606,D&G HOLDING VICENTE LOPEZ,BUENOS AIRES,1,5.D,6,"18,764","0,000","0,000","12,563"
12749557,D&G INDEPENDENCIA,BUENOS AIRES,1,N,2,"3,205","0,000","0,000","6,000"
12749556,D&G PRIMERA JUNTA,BUENOS AIRES,1,N,2,"2,497","0,000","0,000","4,000"
12849971,D.A DRAGSTORE,NEUQUEN,1,4.C,4,"4,105","0,000","0,000","2,000"
12749230,D.A.D. II,BUENOS AIRES,1,1.VIP,2,"5,229","5,708","0,000","2,022"
7449237,D.A.D. LAS HERAS,BUENOS AIRES,1,2.A,3,"4,338","0,000","0,000","3,000"
12749524,D.A.D. LOS POLVORINES,BUENOS AIRES,1,3.B,4,"2,395","0,000","0,000","-0,495"
13049686,DA AEROLINEAS,BUENOS AIRES,1,N,2,"-0,042","0,000","0,000","-0,033"
13049132,DA INMOBILIARIA,BUENOS AIRES,1,4.C,4,"1,208","0,000","0,000","5,666"
12849210,DA.14 DE JULIO,BUENOS AIRES,1,N,2,"1,993","0,384","0,000","0,000"
12849039,DA.27 DE ABRIL,CORDOBA,1,4.C,4,"-0,275","0,000","0,000","2,801"
12849966,DA.3 DE FEBRERO,BUENOS AIRES,1,4.C,4,"1,926","0,000","0,000","1,483"
12849613,DA.9 DE JULIO,CORDOBA,1,4.C,4,"0,058","0,000","0,000","10,865"
13049068,DA.ACA,BUENOS AIRES,1,4.C,4,"0,216","0,000","0,000","3,823"
13049215,DA.ACEVEDO,BUENOS AIRES,1,5.D,6,"-0,204","0,000","0,000","5,782"
12849049,DA.ALBERTI,BUENOS AIRES,1,N,2,"4,577","0,466","0,000","2,614"
12949143,DA.ALDREY,BUENOS AIRES,1,N,2,"3,062","0,416","0,000","1,000"
12849668,DA.ALEM,BUENOS AIRES,1,4.C,4,"-0,345","-0,076","0,000","4,673"
13049732,DA.ALVEAR,CORDOBA,1,N,2,"0,000","0,000","0,000","0,000"
13049503,DA.ANSES,CORDOBA,1,5.D,6,"-0,106","0,000","0,000","3,950"
12849131,DA.ARENALES,BUENOS AIRES,1,4.C,4,"-0,345","0,412","0,000","1,705"
13049165,DA.AVELLANEDA,CORDOBA,1,4.C,4,"0,520","0,000","0,000","0,708"
13049347,DA.AYACUCHO,CORDOBA,1,4.C,4,"-0,304","0,000","0,000","2,808"
12849753,DA.AZUL,CORDOBA,1,4.C,4,"1,629","2,000","0,000","3,848"
13049113,DA.BARBERIA,CORDOBA,1,N,2,"0,000","0,000","0,000","0,000"
12849029,DA.BELGRANO,BUENOS AIRES,1,4.C,4,"2,562","0,000","0,000","3,000"
12949016,DA.BOLIVAR,BUENOS AIRES,1,N,2,"0,000","0,292","0,000","0,000"
12949490,DA.BORONAT,BUENOS AIRES,1,5.D,6,"0,671","0,000","0,000","4,720"
12849750,DA.BOULEVARD,CORDOBA,1,N,2,"2,605","0,000","0,000","0,000"
12849836,DA.BROWN,BUENOS AIRES,1,4.C,4,"0,488","0,000","0,000","3,880"
13049687,DA.CAFETERIA,BUENOS AIRES,1,N,2,"0,996","0,000","0,000","1,762"
12849027,DA.CANADA,CORDOBA,1,3.B,4,"2,409","0,000","0,000","2,413"
13049683,DA.CARASA,BUENOS AIRES,1,5.D,6,"7,073","0,000","0,000","5,613"
12849577,DA.CARREFOUR,CORDOBA,1,N,2,"0,912","0,500","0,000","0,000"
12849050,DA.CASEROS,CORDOBA,1,4.C,4,"1,374","0,176","0,000","1,928"
13049164,DA.CASTROBA,CORDOBA,1,N,2,"0,000","0,000","0,000","0,000"
12949148,DA.CATEDRAL,BUENOS AIRES,1,N,2,"1,015","0,000","0,000","0,000"
12849754,DA.CHACABUCO,CORDOBA,1,N,2,"0,750","0,000","0,000","0,000"
12849662,DA.CHAMMAS,CORDOBA,1,4.C,4,"1,985","0,000","0,000","2,872"
12849032,DA.CINE,CORDOBA,1,N,2,"0,000","1,872","0,000","0,000"
13049218,DA.CLIPER,BUENOS AIRES,1,4.C,4,"-0,415","0,000","0,000","3,774"
12849040,DA.COCHERA,CORDOBA,1,2.A,3,"0,983","0,000","0,000","2,000"
12849030,DA.COLON,CORDOBA,1,2.A,3,"3,909","0,968","0,000","1,414"
13049075,DA.CONSTITUCION,BUENOS AIRES,1,4.C,4,"5,430","0,000","0,000","1,439"
12849034,DA.CORREO,CORDOBA,1,N,2,"3,758","0,000","0,000","1,000"
12849580,DA.DERECHO,BUENOS AIRES,1,4.C,4,"1,179","0,480","0,000","2,000"
13049163,DA.DERQUI,BUENOS AIRES,1,5.D,6,"-0,140","0,000","0,000","0,873"
12849289,DA.DEXTER,CORDOBA,1,3.B,4,"0,433","0,120","0,000","4,822"
12849948,DA.DIETETICA,BUENOS AIRES,1,N,2,"7,984","0,000","0,000","0,000"
12849751,DA.DISCO,BUENOS AIRES,1,5.D,6,"0,090","-0,020","0,000","2,935"
12849023,DA.DISTRIBUIDORA,BUENOS AIRES,1,4.C,4,"0,000","0,476","0,000","1,000"
12849209,DA.DISTRIBUIDORA 2,BUENOS AIRES,1,4.C,4,"-0,394","0,492","0,000","1,589"
13049107,DA.EMILIO,CORDOBA,1,N,2,"0,000","0,000","0,000","0,000"
12849665,DA.ESPANA,BUENOS AIRES,1,4.C,4,"0,673","0,000","0,000","0,344"
12849025,DA.ESQUINA,BUENOS AIRES,1,1.VIP,2,"2,430","-0,262","0,000","1,860"
12849862,DA.EURO,CORDOBA,1,5.D,6,"1,469","0,000","0,000","3,000"
12849669,DA.FALUCHO,BUENOS AIRES,1,4.C,4,"0,616","0,000","0,000","6,000"
12849135,DA.FARMACIA,BUENOS AIRES,1,N,2,"4,120","0,492","0,000","1,000"
12849332,DA.FERIA,BUENOS AIRES,1,4.C,4,"3,516","0,344","0,000","4,814"
13049087,DA.FLORERIA,BUENOS AIRES,1,N,2,"0,242","0,000","0,000","1,691"
12849859,DA.FRAGUEIRO,CORDOBA,1,4.C,4,"0,519","0,000","0,000","3,937"
12849018,DA.GALERIA,CORDOBA,1,4.C,4,"0,585","0,500","0,000","2,000"
12849035,DA.GALICIA,BUENOS AIRES,1,4.C,4,"-0,463","0,000","0,000","1,603"
12849804,DA.GARAGE,CORDOBA,1,4.C,4,"1,077","0,000","0,000","0,000"
12849021,DA.GARAY,BUENOS AIRES,1,4.C,4,"-0,336","1,514","0,000","2,744"
12949149,DA.GASCON,BUENOS AIRES,1,4.C,4,"-0,272","0,354","0,000","-0,317"
13049204,DA.GIANELLI,BUENOS AIRES,1,3.B,4,"-0,285","0,000","0,000","6,754"
12849048,DA.GIMNASIO,BUENOS AIRES,1,4.C,4,"0,225","0,000","0,000","4,901"
12849052,DA.GRAL PAZ,CORDOBA,1,1.VIP,2,"2,669","2,368","0,000","4,859"
12849576,DA.GRIDO,CORDOBA,1,3.B,4,"0,156","0,000","0,000","8,688"
12849037,DA.GUEMES,BUENOS AIRES,1,3.B,4,"-0,366","0,932","0,000","-0,224"
12849334,DA.GUIDO,BUENOS AIRES,1,N,2,"0,029","0,432","0,000","0,000"
12849802,DA.HOSPITAL,BUENOS AIRES,1,N,2,"0,969","0,000","0,000","0,000"
12849028,DA.HOTEL,BUENOS AIRES,1,4.C,4,"-0,174","0,160","0,000","6,811"
13049337,DA.HPC,BUENOS AIRES,1,5.D,6,"4,390","0,000","0,000","3,673"
12849801,DA.HUMBERTO,CORDOBA,1,5.D,6,"1,933","0,000","0,000","1,000"
12849043,DA.IGLESIA,BUENOS AIRES,1,3.B,4,"-0,369","0,000","0,000","9,736"
12849046,DA.ILLIA,CORDOBA,1,N,2,"2,814","0,776","0,000","1,000"
13049348,DA.IMPRENTA,BUENOS AIRES,1,5.D,6,"-0,059","0,000","0,000","-0,048"
12949144,DA.INDEPENDENCIA,BUENOS AIRES,1,N,2,"5,384","0,000","0,000","1,000"
13049106,DA.INSTITUTO,CORDOBA,1,N,2,"0,000","0,000","0,000","0,000"
12849036,DA.ITALIA,BUENOS AIRES,1,4.C,4,"1,062","0,874","0,000","1,810"
13049389,DA.ITUZAINGO,BUENOS AIRES,1,N,2,"0,348","0,000","0,000","3,839"
12949253,DA.JARA,BUENOS AIRES,1,4.C,4,"-0,407","0,000","0,000","6,653"
12849060,DA.JUGUETERIA,BUENOS AIRES,1,3.B,4,"2,446","0,000","0,000","1,589"
12849024,DA.JUJUY,BUENOS AIRES,1,N,2,"3,742","0,750","0,000","1,000"
12849860,DA.JUNCAL,BUENOS AIRES,1,N,2,"0,000","0,000","0,000","0,000"
12849056,DA.LA RIOJA,BUENOS AIRES,1,N,2,"2,458","1,280","0,000","1,000"
12849042,DA.LAMADRID,BUENOS AIRES,1,N,2,"1,790","0,000","0,000","0,000"
13049538,DA.LIBERTAD,BUENOS AIRES,1,N,2,"-0,002","0,000","0,000","0,000"
9649007,DA.LOPEZ,BUENOS AIRES,1,4.C,4,"2,226","0,000","0,000","2,000"
12849288,DA.MAIPU,CORDOBA,1,4.C,4,"-0,201","0,000","0,000","1,810"
12849611,DA.MANOLO,BUENOS AIRES,1,N,2,"4,667","0,000","0,000","1,000"
12849893,DA.MARAL,BUENOS AIRES,1,5.D,6,"2,666","0,000","0,000","4,000"
13049734,DA.MERCADO,CORDOBA,1,5.D,6,"-0,131","-0,010","0,000","-0,086"
12849022,DA.MITRE,BUENOS AIRES,1,4.C,4,"1,637","0,000","0,000","4,000"
12949022,DA.MONTECATINI,BUENOS AIRES,1,4.C,4,"1,251","0,488","0,000","1,000"
12849664,DA.MORENO,BUENOS AIRES,1,4.C,4,"4,397","0,000","0,000","3,563"
12849747,DA.MUNDO,CORDOBA,1,N,2,"0,397","0,000","0,000","0,000"
12849132,DA.MUNI,BUENOS AIRES,1,4.C,4,"0,132","0,314","0,000","4,000"
12949145,DA.MUTUAL,BUENOS AIRES,1,4.C,4,"0,000","0,500","0,000","2,000"
12849755,DA.OFICINACBA,CORDOBA,1,5.D,6,"3,523","0,000","0,000","4,000"
12849756,DA.OFICINAMDP,BUENOS AIRES,1,4.C,4,"-0,137","0,000","0,000","2,000"
12849867,DA.OLAVARRIA,BUENOS AIRES,1,4.C,4,"0,743","0,000","0,000","3,000"
12849581,DA.OLAZABAL,BUENOS AIRES,1,N,2,"0,832","0,500","0,000","0,000"
12849055,DA.OPTICA,CORDOBA,1,N,2,"1,692","0,000","0,000","2,000"
13049390,DA.PALMERA,BUENOS AIRES,1,5.D,6,"-0,157","0,000","0,000","1,896"
13049108,DA.PANADERIA,BUENOS AIRES,1,4.C,4,"-0,227","0,000","0,000","3,820"
13049733,DA.PANDA,CORDOBA,1,N,2,"-0,082","-0,010","0,000","1,918"
9649006,DA.PARADA,CORDOBA,1,N,2,"0,000","0,000","0,000","0,000"
12849031,DA.PATIO OLMOS,CORDOBA,1,1.VIP,2,"4,439","0,603","0,000","12,037"
12849663,DA.PERALTA RAMOS,BUENOS AIRES,1,2.A,3,"3,866","0,000","0,000","2,192"
12849858,DA.PILAR,CORDOBA,1,N,2,"1,368","0,000","0,000","0,000"
12849333,DA.PINTURERIA,BUENOS AIRES,1,3.B,4,"2,722","0,000","0,000","0,472"
12849612,DA.PLANETA,CORDOBA,1,N,2,"1,665","0,500","0,000","0,000"
12849803,DA.PLAZA,CORDOBA,1,N,2,"0,381","0,000","0,000","0,000"
13049219,DA.QUILMES,BUENOS AIRES,1,4.C,4,"-0,404","0,000","0,000","2,719"
13049029,DA.REGGIO,BUENOS AIRES,1,4.C,4,"1,020","0,000","0,000","2,874"
13049369,DA.REX,BUENOS AIRES,1,5.D,6,"-0,092","0,000","0,000","3,871"
12949147,DA.RIO,BUENOS AIRES,1,2.A,3,"5,159","0,000","0,000","0,000"
12849044,DA.RIVADAVIA,BUENOS AIRES,1,N,2,"0,336","0,000","0,000","0,000"
12849054,DA.RIVERA,CORDOBA,1,4.C,4,"0,912","0,620","0,000","9,762"
13049216,DA.ROCA,BUENOS AIRES,1,4.C,4,"-0,267","0,000","0,000","1,827"
12849053,DA.SALTA,BUENOS AIRES,1,1.VIP,2,"2,885","0,076","0,000","2,904"
12849045,DA.SAN JUAN,BUENOS AIRES,1,N,2,"3,293","0,808","0,000","1,000"
12849047,DA.SAN LORENZO,BUENOS AIRES,1,N,2,"0,126","0,188","0,000","0,967"
12849017,DA.SAN MARTIN,BUENOS AIRES,1,N,2,"0,000","0,000","0,000","0,000"
12849026,DA.SANTA FE,BUENOS AIRES,1,N,2,"2,265","0,000","0,000","0,000"
12849016,DA.SANTA ROSA,CORDOBA,1,4.C,4,"0,885","0,840","0,000","2,000"
12849033,DA.SANTIAGO,BUENOS AIRES,1,N,2,"0,871","1,292","0,000","1,857"
13049385,DA.SASTRERIA,BUENOS AIRES,1,5.D,6,"0,166","0,000","0,000","2,811"
12849331,DA.SHOPPING,BUENOS AIRES,1,4.C,4,"0,543","0,320","0,000","2,000"
13049510,DA.SUCRE,CORDOBA,1,N,2,"0,518","0,000","0,000","1,806"
12949491,DA.TEJEDOR,BUENOS AIRES,1,5.D,6,"0,000","0,000","0,000","0,000"
12849861,DA.TERMAS,BUENOS AIRES,1,3.B,4,"2,779","0,000","0,000","1,445"
13049217,DA.TIRIBELLI,BUENOS AIRES,1,4.C,4,"0,000","0,000","0,000","2,000"
13049539,DA.TOLEDO,BUENOS AIRES,1,N,2,"1,283","-0,010","0,000","3,882"
13049067,DA.TRES ARROYOS,BUENOS AIRES,1,4.C,4,"0,000","0,000","0,000","1,000"
12849752,DA.TRIBUNALES,BUENOS AIRES,1,N,2,"0,992","0,000","0,000","0,000"
12949021,DA.TUCUMAN,CORDOBA,1,4.C,4,"0,701","0,492","0,000","16,813"
12849019,DA.VELEZ SARSFIELD,CORDOBA,1,4.C,4,"0,136","0,000","0,000","3,908"
12849041,DA.VERDU,CORDOBA,1,2.A,3,"1,931","0,810","0,000","1,000"
13049504,DA.VETERINARIA,BUENOS AIRES,1,N,2,"1,150","0,000","0,000","1,858"
13049166,DA.VINOTECA,BUENOS AIRES,1,4.C,4,"-0,013","0,000","0,000","2,000"
6349468,DACU CELL,BUENOS AIRES,1,4.C,4,"0,018","0,650","0,000","6,594"
7449211,DAD,BUENOS AIRES,1,1.VIP,2,"3,498","0,000","0,000","3,000"
12749509,DAD 720 SAN ANDRES,BUENOS AIRES,1,4.C,4,"1,836","0,000","0,000","7,000"
12749619,DAD CASTELAR,BUENOS AIRES,1,N,2,"-0,267","-0,349","0,000","1,670"
12749567,DAD ESCOBAR,BUENOS AIRES,1,5.D,6,"12,902","0,000","0,000","6,655"
12749640,DAD FLORES,CAPITAL FEDERAL,1,N,2,"3,478","0,000","0,000","2,151"
12749666,DAD FLORES 2,CAPITAL FEDERAL,1,N,2,"1,023","-0,912","0,000","1,318"
12749504,DAD LA GALERIA,BUENOS AIRES,1,2.A,3,"6,905","0,000","0,000","19,557"
12749624,DAD LINIERS,CAPITAL FEDERAL,1,N,2,"2,341","0,000","0,000","3,542"
12749618,DAD RINCON,BUENOS AIRES,1,N,2,"5,712","0,000","0,000","1,940"
12749665,DAD SAN MIGUEL,BUENOS AIRES,1,N,2,"1,860","-0,570","0,000","1,081"
10349406,DAD720 SRL BELGRANO,BUENOS AIRES,1,5.D,6,"6,345","0,000","0,000","3,737"
10349398,DAD720 SRL BURMEISTER,BUENOS AIRES,1,N,2,"0,000","0,000","0,000","0,000"
10349420,DAD720 SRL GAONA,BUENOS AIRES,1,2.A,3,"3,923","0,000","0,000","2,812"
10349405,DAD720 SRL ROSAS,BUENOS AIRES,1,4.C,4,"2,514","0,000","0,000","3,608"
12049613,DAIANA DRUGSTORE,LA RIOJA,1,4.C,4,"-0,226","0,000","0,000","0,000"
11949667,DALI HERMANOS,NEUQUEN,1,N,2,"0,992","0,000","0,000","0,000"
12049981,DALILA,BUENOS AIRES,1,3.B,4,"1,778","0,250","0,000","1,000"
12649578,DALINGER,CORDOBA,1,N,2,"7,804","0,000","0,000","0,000"
11949952,DAME LA PATA,BUENOS AIRES,1,N,2,"0,712","0,000","0,000","0,000"
13049656,DANDY RIO SEGUNDO,CORDOBA,1,5.D,6,"0,000","0,000","0,000","0,000"
9749615,DANIEL FRANCO MAX,CORRIENTES,1,N,2,"0,427","0,500","0,000","0,000"
11649329,DANIEL SCIARROTTA PAGOS,BUENOS AIRES,1,N,2,"0,000","0,000","0,000","0,000"
6349393,DANILA,BUENOS AIRES,1,1.VIP,2,"6,703","1,476","0,000","6,840"
11349076,DANILA II,BUENOS AIRES,1,N,2,"4,151","0,000","0,000","4,795"
12849766,DANTE,BUENOS AIRES,1,4.C,4,"0,156","1,118","0,000","1,838"
6149453,DAR,BUENOS AIRES,1,N,2,"3,413","0,176","0,000","0,000"
9749822,DA-VID,CAPITAL FEDERAL,1,5.D,6,"3,790","0,000","0,000","1,916"
11949764,DAV-NIC,SANTIAGO DEL ESTERO,1,4.C,4,"1,764","0,000","0,000","-0,193"
90049063,DC SERV. Y ORGANIZACIONES INTEGRALES II,CATAMARCA,1,4.C,4,"0,000","0,000","0,000","4,000"
10349340,DC SERVICIOS,CAPITAL FEDERAL,1,N,2,"0,000","5,876","0,000","0,000"
8049252,DC SERVICIOS Y ORGANIZACIONES INTEGRALES,CATAMARCA,1,4.C,4,"0,000","0,000","0,000","5,000"
7449230,DD CLOTHES,CATAMARCA,1,3.B,4,"-0,085","0,188","0,000","7,956"
13049672,DE BLAS,CORDOBA,1,5.D,6,"-0,056","-0,018","0,000","-0,046"
9449049,DE LA CASCADA,CORDOBA,1,1.VIP,2,"2,992","0,000","0,000","1,243"
12949409,DE LA MONTANA LINEA SUR,RIO NEGRO,1,5.D,6,"-0,083","0,000","0,000","-0,010"
6249160,DE LA NEGO,SANTA FE,1,5.D,6,"0,000","0,000","0,000","0,000"
13049713,DE LAS SIERRAS,CORDOBA,1,N,2,"1,208","-0,484","0,000","1,868"
11849368,DE LOS SANTOS CRISTIAN,BUENOS AIRES,1,1.VIP,2,"2,590","7,068","0,000","2,073"
12449700,DE TODO,SANTA FE,1,4.C,4,"-0,217","0,598","0,000","1,910"
90049077,DE TODO 24 GASCON,CAPITAL FEDERAL,1,N,2,"3,188","0,000","0,000","0,000"
12449315,DE TODO 24 PENA,CAPITAL FEDERAL,1,2.A,3,"2,959","0,637","0,000","0,000"
8749270,DE TODO 24 PUEYRREDON 2,CAPITAL FEDERAL,1,N,2,"0,000","0,000","0,000","0,000"
12149157,DE TODO UN POCO,CHUBUT,1,4.C,4,"-0,165","-0,018","0,000","0,969"
12949719,DE TODO UN POCO,MISIONES,1,5.D,6,"-0,041","-0,016","0,000","-0,015"
11949880,DE TODO UN POCO,SANTA FE,1,5.D,6,"1,088","0,000","0,000","4,784"
12949032,DE TODO UN POCO,SANTA FE,1,N,2,"1,632","0,482","0,000","0,000"
9749496,DE TODO UN POCO,SANTA FE,1,N,2,"1,659","1,754","0,000","0,000"
12949278,DE TODO UN POCO SAN JORGE,FORMOSA,1,4.C,4,"0,954","0,000","0,000","0,000"
11949894,DE TODO Y MAS,BUENOS AIRES,1,2.A,3,"2,123","0,080","0,000","0,000"
11949426,DEBRA BELLA,BUENOS AIRES,1,1.VIP,2,"5,545","1,000","0,000","10,000"
12949240,DECO ARTE,CORDOBA,1,5.D,6,"0,000","0,000","0,000","0,000"
11349035,DEJAVU,BUENOS AIRES,1,N,2,"16,468","4,458","0,000","0,000"
8149572,DEL BARCO Y LAUXMANN SA,SANTA FE,1,3.B,4,"-0,313","0,000","0,000","7,493"
9749749,DEL BARRIO SERVICIOS,CAPITAL FEDERAL,1,5.D,6,"0,713","0,000","0,000","4,000"
13049720,DEL MAR (SOLO PEI),BUENOS AIRES,1,5.D,6,"0,000","0,000","0,000","0,000"
12849103,DEL ROSARIO HERMANOS,MISIONES,1,4.C,4,"0,022","1,000","0,000","1,859"
8249205,DEL SUR  OCIO & TURISMO,BUENOS AIRES,1,3.B,4,"4,447","0,000","0,000","3,582"
8149976,DEL SUR PAGOS,RIO NEGRO,1,4.C,4,"0,278","0,147","0,000","7,788"
12749249,DEL SUR PAGOS II,RIO NEGRO,1,N,2,"3,189","0,500","0,000","0,000"
11449031,DEL SUR SERVICIOS,RIO NEGRO,1,4.C,4,"-0,416","0,000","0,000","-0,191"
10549013,DEL VALLE,CATAMARCA,1,N,2,"3,657","0,000","0,000","0,000"
6449475,DELEGACION BARRIO 17 DE AGOSTO,CORRIENTES,1,5.D,6,"0,000","0,000","0,000","0,000"
6449479,DELEGACION CENTRO EMISOR DE LICENCIAS,CORRIENTES,1,4.C,4,"2,402","0,000","0,000","6,744"
6449333,DELEGACION MUNICIPAL AGUSTIN MOSCONI,BUENOS AIRES,1,N,2,"0,583","0,000","0,000","0,000"
6449332,DELEGACION MUNICIPAL DEL VALLE,BUENOS AIRES,1,N,2,"1,574","0,000","0,000","0,000"
6449335,DELEGACION MUNICIPAL ERNESTINA,BUENOS AIRES,1,N,2,"1,704","0,000","0,000","0,000"
6449334,DELEGACION MUNICIPAL GOBERNADOR UGARTE,BUENOS AIRES,1,N,2,"0,458","0,000","0,000","0,000"
6449330,DELEGACION MUNICIPAL N.DE LA RIESTRA,BUENOS AIRES,1,N,2,"0,457","0,000","0,000","0,000"
6449329,DELEGACION MUNICIPAL SAN ENRIQUE,BUENOS AIRES,1,N,2,"0,647","0,000","0,000","0,000"
6449331,DELEGACION MUNICIPAL VALDES,BUENOS AIRES,1,N,2,"0,171","0,000","0,000","0,000"
6449478,DELEGACION PALACIO MUNICIPAL,CORRIENTES,1,4.C,4,"1,426","0,000","0,000","1,875"
8749149,DELEGACION TALAR 2,BUENOS AIRES,1,1.VIP,2,"6,369","0,000","0,000","5,000"
6449474,DELEGACION TRIBUNAL DE FALTAS,CORRIENTES,1,5.D,6,"-0,036","0,000","0,000","-0,014"
12849967,DELIBARD,BUENOS AIRES,1,N,2,"0,000","0,000","0,000","0,000"
12949506,DELICIAS DEL PARQUE,CAPITAL FEDERAL,1,4.C,4,"4,329","0,000","0,000","2,000"
9849231,DELIVERY STORE,SANTIAGO DEL ESTERO,1,4.C,4,"0,427","0,492","0,000","0,996"
9749731,DENVER STORE,CORRIENTES,1,2.A,3,"3,984","0,000","0,000","5,732"
6949556,DEOCOR LIBRERIA PAPELERIA,CORDOBA,1,4.C,4,"-0,463","-0,031","0,000","1,743"
9749380,DEO-MARLE,CORDOBA,1,3.B,4,"3,171","-0,024","0,000","4,587"
7249206,DEPAYSER,CAPITAL FEDERAL,1,N,2,"0,000","0,000","0,000","0,000"
12149136,DEPENSA CRISTIAN,RIO NEGRO,1,5.D,6,"2,159","0,500","0,000","0,000"
8049221,DEPOSITO FADA,MENDOZA,1,5.D,6,"0,961","0,000","0,000","4,000"
6949942,DERBES MINIMARKET - AGCA,CHUBUT,1,5.D,6,"-0,055","-0,010","0,000","-0,017"
8349039,DERF JUGUETERIA,SANTA FE,1,5.D,6,"5,828","-0,184","0,000","3,688"
8149968,DERMIDIO NARVAEZ,CATAMARCA,1,5.D,6,"0,000","0,000","0,000","3,000"
12949565,DESCARTABLES DON BOSCO,CORDOBA,1,5.D,6,"8,319","0,000","0,000","15,000"
12949429,DESEOS CUMPLIDOS,BUENOS AIRES,1,4.C,4,"0,373","0,000","0,000","3,000"
9749653,DESPENSA 7 DE ABRIL,SALTA,1,3.B,4,"0,031","0,634","0,000","1,908"
13049321,DESPENSA A Y M,SANTA FE,1,4.C,4,"0,000","0,000","0,000","2,000"
12949688,DESPENSA AGUS,BUENOS AIRES,1,5.D,6,"0,874","-0,078","0,000","0,910"
13049256,DESPENSA ALEXIS,BUENOS AIRES,1,5.D,6,"0,000","0,000","0,000","0,000"
9749586,DESPENSA ALSINA,BUENOS AIRES,1,5.D,6,"1,369","0,088","0,000","0,000"
9749870,DESPENSA ANDREA PALERMO,MENDOZA,1,5.D,6,"-0,283","0,000","0,000","2,872"
13049118,DESPENSA ANEXO KIOSCO CATA,LA PAMPA,1,N,2,"0,000","0,000","0,000","1,000"
9749754,DESPENSA ANGELA,SANTA FE,1,N,2,"38,908","0,000","0,000","1,000"
9749323,DESPENSA ARRIETA,CORDOBA,1,N,2,"4,230","0,732","0,000","0,000"
12149196,DESPENSA AVENIDA,SANTA FE,1,4.C,4,"-0,099","0,000","0,000","-0,024"
12949785,DESPENSA BARIGESEL (SOLO PEI),RIO NEGRO,1,N,2,"-0,005","0,000","0,000","-0,003"
12949622,DESPENSA BELU,MENDOZA,1,5.D,6,"-0,158","0,000","0,000","-0,109"
9749518,DESPENSA BROCHERO,SAN LUIS,1,N,2,"1,213","0,500","0,000","0,000"
12149097,DESPENSA CARDOZO,JUJUY,1,3.B,4,"2,511","0,532","0,000","1,892"
11949128,DESPENSA CARINA,NEUQUEN,1,1.VIP,2,"5,827","0,969","0,000","6,113"
9749833,DESPENSA CASITA DULCE,BUENOS AIRES,1,5.D,6,"0,000","0,000","0,000","0,000"
9749925,DESPENSA CATA,SANTA FE,1,5.D,6,"-0,019","0,000","0,000","0,000"
12149266,DESPENSA CG,SALTA,1,5.D,6,"5,444","0,000","0,000","3,838"
12149090,DESPENSA COLI,JUJUY,1,N,2,"0,729","0,000","0,000","0,000"
9749571,DESPENSA DAVID,BUENOS AIRES,1,5.D,6,"0,119","-0,030","0,000","-0,011"
12149162,DESPENSA DE BEBIDAS LA PULPERIA,BUENOS AIRES,1,N,2,"0,800","0,560","0,000","0,000"
12949151,DESPENSA DEL BARRIO,RIO NEGRO,1,N,2,"3,429","0,364","0,000","0,000"
9749301,DESPENSA DIFELIPE,BUENOS AIRES,1,3.B,4,"4,828","0,932","0,000","12,000"
9749163,DESPENSA DON CEFERINO,CHACO,1,1.VIP,2,"1,665","0,000","0,000","2,750"
9749892,DESPENSA DON MARIO,SANTA FE,1,5.D,6,"0,000","0,000","0,000","0,000"
6149598,DESPENSA DON MIGUEL,CORDOBA,1,4.C,4,"2,707","0,000","0,000","0,000"
12149141,DESPENSA DON RAMON,BUENOS AIRES,1,5.D,6,"0,401","0,488","0,000","0,000"
9749287,DESPENSA DON TITO,CORDOBA,1,5.D,6,"6,796","0,000","0,000","1,000"
9749627,DESPENSA DONA MARY,MENDOZA,1,N,2,"1,856","0,436","0,000","2,000"
9849294,DESPENSA EL CRUCE,CORDOBA,1,5.D,6,"0,045","0,000","0,000","0,971"
12849765,DESPENSA EL GRINGO,RIO NEGRO,1,N,2,"1,515","0,000","0,000","0,000"
9749361,DESPENSA EL TREBOL,MENDOZA,1,4.C,4,"0,893","0,000","0,000","1,718"
12949150,DESPENSA ELIANA,RIO NEGRO,1,2.A,3,"4,506","3,300","0,000","7,865"
12149201,DESPENSA ELIZA,MENDOZA,1,4.C,4,"4,047","0,000","0,000","4,000"
12149129,DESPENSA ERIKA,JUJUY,1,4.C,4,"-0,419","-0,036","0,000","1,979"
12149147,DESPENSA FACU,JUJUY,1,3.B,4,"-0,483","0,298","0,000","1,726"
9749221,DESPENSA FLOPY,BUENOS AIRES,1,2.A,3,"2,250","-0,162","0,000","3,315"
10449063,DESPENSA FRANCO,CORDOBA,1,N,2,"0,000","0,500","0,000","0,000"
12849177,DESPENSA JAEL,CATAMARCA,1,4.C,4,"0,130","0,984","0,000","2,000"
9749300,DESPENSA JARDIN,CORDOBA,1,N,2,"1,820","0,000","0,000","0,000"
9749570,DESPENSA JAZ,JUJUY,1,5.D,6,"1,919","0,500","0,000","1,998"
9749652,DESPENSA JL Y G,MENDOZA,1,4.C,4,"-0,227","0,454","0,000","3,892"
9749548,DESPENSA JU-AN-MA,SANTA FE,1,N,2,"1,363","0,980","0,000","0,000"
9749941,DESPENSA JYG,SANTA FE,1,N,2,"-0,003","0,000","0,000","0,000"
12149176,DESPENSA L&R,MISIONES,1,3.B,4,"3,791","0,000","0,000","3,904"
5649011,DESPENSA LA FAMILIA,BUENOS AIRES,1,N,2,"0,000","0,000","0,000","0,000"
12449051,DESPENSA LA FAMILIA,LA PAMPA,1,N,2,"0,724","0,000","0,000","0,000"
6649062,DESPENSA LA FAMILIA II,BUENOS AIRES,1,N,2,"3,411","0,404","0,000","0,000"
12149245,DESPENSA LA GRINGA,SANTA FE,1,N,2,"0,014","0,000","0,000","1,867"
12449937,DESPENSA LA JUNTADA,SANTIAGO DEL ESTERO,1,3.B,4,"1,634","0,178","0,000","3,000"
13049421,DESPENSA LA JUNTADA 2.0,SANTIAGO DEL ESTERO,1,4.C,4,"0,575","0,000","0,000","1,851"
12149058,DESPENSA LA PAZ,ENTRE RIOS,1,4.C,4,"0,393","0,000","0,000","0,000"
9749847,DESPENSA LA PAZ,ENTRE RIOS,1,4.C,4,"3,507","0,000","0,000","2,947"
9749852,DESPENSA LA REINA,SANTIAGO DEL ESTERO,1,4.C,4,"-0,169","0,000","0,000","0,992"
13049198,DESPENSA LA RUTA,MISIONES,1,4.C,4,"3,284","0,000","0,000","3,974"
9749514,DESPENSA LA TURCA,BUENOS AIRES,1,4.C,4,"0,000","0,000","0,000","0,000"
9749845,DESPENSA LAS CHICAS,MENDOZA,1,5.D,6,"0,681","0,000","0,000","3,875"
6149344,DESPENSA LAS DOS MARIAS,MISIONES,1,1.VIP,2,"0,929","0,000","0,000","3,769"
12149018,DESPENSA LAS NENAS,BUENOS AIRES,1,5.D,6,"1,273","0,000","0,000","0,000"
9749490,DESPENSA LAURA,BUENOS AIRES,1,N,2,"0,000","0,964","0,000","0,000"
9749145,DESPENSA LAURA,CORDOBA,1,3.B,4,"-0,172","-0,044","0,000","6,828"
9749529,DESPENSA LAURY,JUJUY,1,4.C,4,"-0,117","0,314","0,000","5,961"
5349203,DESPENSA LIBERTADOR,JUJUY,1,1.VIP,2,"4,316","-0,074","0,000","3,671"
9749259,DESPENSA LILIANA,SALTA,1,N,2,"1,632","1,646","0,000","0,000"
9749481,DESPENSA LO DE MIRO,MISIONES,1,3.B,4,"-0,084","0,000","0,000","0,978"
9749756,DESPENSA LO DE PATRI,BUENOS AIRES,1,N,2,"0,000","0,654","0,000","0,000"
9749411,DESPENSA LO DE PECO,MISIONES,1,4.C,4,"0,837","0,274","0,000","2,000"
9749906,DESPENSA LOS HIJOS DEL REY,BUENOS AIRES,1,5.D,6,"3,950","0,000","0,000","4,000"
12149232,DESPENSA LOS LEGISLADORES,CATAMARCA,1,N,2,"0,000","0,000","0,000","0,000"
12949700,DESPENSA LOS PRIMOS (SOLO PEI),SAN LUIS,1,N,2,"0,000","0,000","0,000","0,000"
12049831,DESPENSA LUGONES,CORDOBA,1,4.C,4,"-0,158","0,000","0,000","2,792"
9749472,DESPENSA MAGUI,CHACO,1,3.B,4,"2,229","0,000","0,000","6,883"
9749947,DESPENSA MAJO,SANTA FE,1,5.D,6,"-0,012","-0,010","0,000","-0,011"
6149286,DESPENSA MANUEL,MISIONES,1,5.D,6,"1,931","0,000","0,000","-0,005"
9849200,DESPENSA MAR-BE,SANTA FE,1,5.D,6,"0,722","1,000","0,000","1,000"
9749605,DESPENSA MARCELA,CORRIENTES,1,4.C,4,"1,539","0,406","0,000","-0,014"
9749469,DESPENSA MARTINA,JUJUY,1,N,2,"1,034","0,000","0,000","0,000"
9749844,DESPENSA MARTINA,SAN LUIS,1,5.D,6,"5,462","0,000","0,000","2,000"
7049538,DESPENSA MARY,CORDOBA,1,1.VIP,2,"9,338","0,686","0,000","7,446"
6149302,DESPENSA MARY-ALE,ENTRE RIOS,1,5.D,6,"0,165","0,000","0,000","0,000"
12149292,DESPENSA MATI,SANTA FE,1,N,2,"-0,008","0,000","0,000","0,000"
12149139,DESPENSA MDG,BUENOS AIRES,1,N,2,"0,923","0,492","0,000","0,000"
9749656,DESPENSA MILU,SANTA FE,1,4.C,4,"1,000","0,430","0,000","2,000"
9749940,DESPENSA MILY,MENDOZA,1,N,2,"-0,044","-0,082","0,000","-0,009"
6149267,DESPENSA MIRANDA,CHACO,1,2.A,3,"1,738","-0,034","0,000","5,923"
9749655,DESPENSA MORENO II,MENDOZA,1,3.B,4,"4,303","0,756","0,000","18,610"
9749140,DESPENSA NANO,CORDOBA,1,5.D,6,"-0,065","0,000","0,000","0,974"
11949240,DESPENSA NATALIA,BUENOS AIRES,1,N,2,"5,296","0,000","0,000","0,000"
11349065,DESPENSA NATURAL,SANTA FE,1,N,2,"0,000","0,000","0,000","0,000"
9749348,DESPENSA NICO,CORDOBA,1,5.D,6,"2,464","0,000","0,000","0,000"
12149175,DESPENSA NINA,CATAMARCA,1,N,2,"1,932","0,882","0,000","0,000"
6149200,DESPENSA NINO JESUS,LA RIOJA,1,N,2,"0,761","0,000","0,000","0,000"
12149285,DESPENSA OFIUCO,RIO NEGRO,1,5.D,6,"-0,048","-0,010","0,000","-0,026"
9749794,DESPENSA PALERMO,MENDOZA,1,4.C,4,"0,263","0,000","0,000","3,000"
10449047,DESPENSA PATO,MENDOZA,1,N,2,"4,490","1,096","0,000","0,000"
12949191,DESPENSA PERLITA,CHUBUT,1,N,2,"0,918","0,000","0,000","0,000"
12849896,DESPENSA POCHY,SANTIAGO DEL ESTERO,1,5.D,6,"0,250","0,000","0,000","2,000"
6149189,DESPENSA PUCA,JUJUY,1,1.VIP,2,"6,982","0,000","0,000","2,996"
12349038,DESPENSA PUYI,CHACO,1,1.VIP,2,"1,479","0,878","0,000","2,803"
9749733,DESPENSA R.PISON,MENDOZA,1,N,2,"8,057","0,000","0,000","0,000"
12149191,DESPENSA RIVERA,JUJUY,1,N,2,"0,000","0,000","0,000","0,000"
9849309,DESPENSA ROJAS,JUJUY,1,5.D,6,"4,887","0,000","0,000","3,787"
9749316,DESPENSA ROMA,BUENOS AIRES,1,N,2,"2,650","0,000","0,000","0,000"
6149323,DESPENSA ROMI,CORDOBA,1,3.B,4,"-0,302","1,828","0,000","-0,180"
9749899,DESPENSA SALAMANCA,BUENOS AIRES,1,5.D,6,"-0,051","0,000","0,000","-0,026"
9749480,DESPENSA SALEMME,BUENOS AIRES,1,2.A,3,"1,603","0,222","0,000","4,000"
9749466,DESPENSA SAN JORGE,CORDOBA,1,2.A,3,"3,003","0,000","0,000","1,447"
9749580,DESPENSA SAN JOSE,MENDOZA,1,2.A,3,"5,549","0,496","0,000","2,286"
9749227,DESPENSA SAN LUIS,CAPITAL FEDERAL,1,2.A,3,"3,728","0,000","0,000","4,000"
9849185,DESPENSA SAN NICOLAS,SALTA,1,4.C,4,"2,263","1,082","0,000","2,952"
12149014,DESPENSA SAN VICENTE,BUENOS AIRES,1,1.VIP,2,"4,039","2,000","0,000","1,812"
9849236,DESPENSA SANTA ANA,CATAMARCA,1,N,2,"8,488","0,492","0,000","0,000"
9849124,DESPENSA SERAHI,BUENOS AIRES,1,2.A,3,"2,940","0,000","0,000","0,000"
9749491,DESPENSA SOFIA,CORDOBA,1,4.C,4,"-0,221","0,000","0,000","0,624"
9749904,DESPENSA SOLCITO,BUENOS AIRES,1,N,2,"1,826","0,000","0,000","1,664"
9749836,DESPENSA SUR,CATAMARCA,1,3.B,4,"13,170","0,000","0,000","48,000"
9749495,DESPENSA TEEN,SANTA FE,1,N,2,"0,910","0,000","0,000","0,000"
6149411,DESPENSA TOMY,BUENOS AIRES,1,N,2,"0,000","0,000","0,000","0,000"
12449908,DESPENSA VIRGEN DEL ROSARIO,CATAMARCA,1,1.VIP,2,"2,729","1,714","0,000","5,000"
7549963,DESPENSA XIOMARA,TUCUMAN,1,5.D,6,"0,688","0,000","0,000","0,000"
12149145,DESPENSA Y ALMACEN MORELLI,BUENOS AIRES,1,5.D,6,"1,772","0,384","0,000","0,962"
12149193,DESPENSA Y PAGOS SANTA FE,BUENOS AIRES,1,4.C,4,"0,133","0,000","0,000","1,000"
12149106,DESPENSA YAYN,SAN LUIS,1,N,2,"0,803","0,000","0,000","0,000"
9749780,DESPENSA YRIGOYEN,MENDOZA,1,4.C,4,"2,231","0,000","0,000","3,453"
6149499,DESPENSA&FIAMBRERIA NMB,BUENOS AIRES,1,N,2,"2,632","0,286","0,000","0,000"
9749582,DESPESNA CHABELA,MENDOZA,1,3.B,4,"-0,433","-0,012","0,000","3,732"
7649019,DEVI SHAMA,SANTIAGO DEL ESTERO,1,1.VIP,2,"4,418","-0,214","0,000","2,892"
10049047,DEVOTO ONLINE,CAPITAL FEDERAL,1,5.D,6,"5,121","2,139","0,000","3,000"
12949417,DEVOTO ONLINE BOSCH,BUENOS AIRES,1,4.C,4,"2,549","0,830","0,000","17,000"
12949008,DEVOTO ONLINE II,BUENOS AIRES,1,N,2,"2,112","0,000","0,000","2,000"
12749247,DEVOTO ONLINE III,BUENOS AIRES,1,1.VIP,2,"5,734","0,752","0,000","6,410"
12749353,DEVOTO ONLINE IV,CAPITAL FEDERAL,1,1.VIP,2,"4,480","8,243","0,000","3,000"
9749693,DEXTER,CATAMARCA,1,4.C,4,"-0,045","0,738","0,000","4,000"
13049375,DF MINIMARKET,SANTA FE,1,5.D,6,"-0,094","0,000","0,000","1,935"
8149720,DI BELLO SEGUROS,JUJUY,1,5.D,6,"-0,073","0,000","0,000","0,000"
8149729,DI BELLO SEGUROS II,JUJUY,1,5.D,6,"-0,009","0,000","0,000","0,000"
12149244,DIA Y NOCHE,CORDOBA,1,N,2,"0,000","0,000","0,000","0,000"
5449346,DIAMANT HOGAR,BUENOS AIRES,1,5.D,6,"2,596","0,000","0,000","0,000"
5449347,DIAMANT HOGAR II,BUENOS AIRES,1,5.D,6,"-0,032","0,000","0,000","0,000"
6949650,DIAMELA LIBRERIA,LA RIOJA,1,N,2,"0,000","0,000","0,000","0,000"
12149114,DICI-JUL-MAR,SANTA CRUZ,1,4.C,4,"1,709","3,066","0,000","3,886"
10249971,DIEGO MORANTE,CHACO,1,1.VIP,2,"1,121","0,000","0,000","2,805"
11349022,DIETETICA CANELA,MENDOZA,1,2.A,3,"3,554","2,526","0,000","2,369"
11349070,DIETETICA EUSEBIO,CORDOBA,1,5.D,6,"1,108","0,000","0,000","5,000"
11349086,DIETETICA JOEL,SAN LUIS,1,N,2,"-0,033","-0,018","0,000","-0,018"
11349073,DIETETICA PURA VIDA,BUENOS AIRES,1,5.D,6,"4,433","0,000","0,000","4,000"
13049002,DIFERBONA SRL,BUENOS AIRES,1,4.C,4,"4,000","0,000","0,000","6,000"
6949948,DIFUNTA CORREA,LA RIOJA,1,N,2,"5,761","0,000","0,000","4,000"
6349443,DIGITAL PLUS,CHACO,1,2.A,3,"0,783","0,618","0,000","2,867"
6349479,DIGITAL PLUS 2,CHACO,1,4.C,4,"5,707","0,736","0,000","5,000"
11949505,DIMENSION NONO I,CORDOBA,1,1.VIP,2,"4,887","0,000","0,000","2,212"
7449262,DINASTIA 1 LAVALLE 839,SANTIAGO DEL ESTERO,1,5.D,6,"-0,193","0,000","0,000","-0,012"
7449263,DINASTIA 2 A.D.V 794,SANTIAGO DEL ESTERO,1,N,2,"-0,047","0,000","0,000","-0,002"
7449264,DINASTIA 3 P.L.G. 1275,SANTIAGO DEL ESTERO,1,N,2,"-0,048","0,000","0,000","0,000"
10349499,DINASTIA 4 LA BANDA,SANTIAGO DEL ESTERO,1,5.D,6,"-0,103","-0,010","0,000","-0,031"
12849461,DINASTIA DOS (SOLO PEI),CHUBUT,1,N,2,"3,827","0,500","0,000","0,000"
12649792,DIOSA DE LA FORTUNA (SOLO PEI),SALTA,1,N,2,"-0,015","0,000","0,000","-0,028"
8649120,DIPANZ,JUJUY,1,N,2,"38,812","0,000","0,000","0,000"
7449224,DISCOVERY CENTRO,BUENOS AIRES,1,1.VIP,2,"4,571","3,245","0,000","8,027"
12149209,DISFRUTA,SANTA FE,1,5.D,6,"0,427","0,000","0,000","1,000"
5449592,DISMAR CAUCETE,SAN JUAN,1,3.B,4,"0,755","0,000","0,000","1,000"
9749828,DISTRIBUIDORA ESCANUELA,SAN JUAN,1,4.C,4,"2,422","0,000","0,000","6,000"
9749812,DISTRIBUIDORA GOZ,BUENOS AIRES,1,2.A,3,"2,829","0,000","0,000","6,000"
12949171,DISTRIBUIDORA HOZ DEL SUR 1,BUENOS AIRES,1,5.D,6,"3,405","0,000","0,000","0,000"
12949172,DISTRIBUIDORA HOZ DEL SUR 2,BUENOS AIRES,1,N,2,"3,471","0,446","0,000","0,000"
9749805,DISTRIBUIDORA LA ESTRELLA,CORDOBA,1,4.C,4,"1,426","0,000","0,000","7,000"
9749787,DISTRIBUIDORA LCS,CORRIENTES,1,N,2,"0,000","0,000","0,000","0,000"
9749645,DISTRIBUIDORA MTRE,BUENOS AIRES,1,N,2,"3,695","0,350","0,000","0,000"
13049025,DISTRIBUIDORA NASCUE,BUENOS AIRES,1,N,2,"0,000","0,000","0,000","0,000"
13049028,DISTRIBUIDORA NASCUE 2,BUENOS AIRES,1,N,2,"0,000","0,000","0,000","0,000"
9749851,DISTRIBUIDORA ORIZON,CHUBUT,1,4.C,4,"-0,334","0,000","0,000","-0,281"
5349638,DISTRIMAR,JUJUY,1,N,2,"-0,049","-0,002","0,000","-0,014"
6449496,DISTRITO CENTRO,SANTA FE,1,N,2,"0,636","0,000","0,000","3,000"
6449501,DISTRITO CENTRO 2,SANTA FE,1,N,2,"0,992","0,000","0,000","6,000"
6449493,DISTRITO NOROESTE,SANTA FE,1,N,2,"2,469","0,000","0,000","2,000"
6449498,DISTRITO NORTE,SANTA FE,1,N,2,"1,413","0,000","0,000","3,000"
6449492,DISTRITO OESTE,SANTA FE,1,N,2,"1,577","0,000","0,000","2,000"
6449495,DISTRITO SUDOESTE,SANTA FE,1,N,2,"1,174","0,000","0,000","2,000"
6449499,DISTRITO SUR,SANTA FE,1,N,2,"1,939","0,000","0,000","4,000"
12949299,DITA PAGOS,CAPITAL FEDERAL,1,4.C,4,"1,655","0,000","0,000","1,000"
7249156,DIVINIDADES,SANTIAGO DEL ESTERO,1,N,2,"3,327","0,000","0,000","0,000"
12749197,DM SEGUROS,BUENOS AIRES,1,N,2,"1,185","0,492","0,000","0,000"
8249226,DN&N,CAPITAL FEDERAL,1,N,2,"0,000","0,000","0,000","0,000"
7849075,DOBLE A,SALTA,1,N,2,"1,980","1,424","0,000","0,000"
13049840,DOBLE D,TUCUMAN,1,N,2,"-0,016","0,000","0,000","-0,009"
6249109,DOBLE FRAGANCIA,MENDOZA,1,1.VIP,2,"3,668","0,012","0,000","4,154"
12449892,DOBLE IMPACTO,BUENOS AIRES,1,5.D,6,"2,101","1,770","0,000","6,000"
6249153,DOBRILLA E HIJOS,BUENOS AIRES,1,5.D,6,"0,977","0,000","0,000","1,000"
12149217,DOLCE,SANTA FE,1,5.D,6,"5,881","0,000","0,000","4,000"
8949564,DOLCE NEVE 2,SANTIAGO DEL ESTERO,1,4.C,4,"12,515","-0,010","0,000","31,960"
12949643,DOLCE NEVE BOQUERON,SANTIAGO DEL ESTERO,1,N,2,"0,370","0,000","0,000","1,845"
9749939,DOLCE Y SALATO,CORRIENTES,1,N,2,"0,000","-0,010","0,000","0,000"
13049157,DOMINGUITO BY LAS PEQUES,BUENOS AIRES,1,5.D,6,"0,000","0,000","0,000","0,000"
11949269,DOMINO,CAPITAL FEDERAL,1,2.A,3,"4,284","0,000","0,000","5,787"
9849206,DON CARLOS (TIMBUES),SANTA FE,1,N,2,"2,000","0,000","0,000","0,000"
12649345,DON CHICHO,MENDOZA,1,N,2,"3,373","0,500","0,000","0,000"
5349465,DON COCHO,SANTA CRUZ,1,N,2,"1,765","0,532","0,000","0,000"
9749416,DON FELIPE,CORRIENTES,1,5.D,6,"-0,049","0,312","0,000","-0,027"
5349616,DON FELIPE,SANTA FE,1,N,2,"-0,077","0,000","0,000","-0,019"
12149210,DON FELIX,BUENOS AIRES,1,4.C,4,"5,745","0,000","0,000","0,000"
9749686,DON ISIDRO,CHACO,1,N,2,"0,000","0,000","0,000","0,000"
5449586,DON JOSE HOGAR SA,CHUBUT,1,5.D,6,"5,482","0,000","0,000","-0,004"
9749436,DON JUAN,SANTA FE,1,2.A,3,"0,583","0,000","0,000","4,722"
12849013,DON JUSTO,TUCUMAN,1,5.D,6,"0,098","0,484","0,000","1,000"
5449462,DON LIMPIDON,CORDOBA,1,4.C,4,"-0,282","0,000","0,000","2,771"
9849148,DON MANUEL,BUENOS AIRES,1,N,2,"0,000","0,000","0,000","0,000"
12149029,DON RAUL,SALTA,1,4.C,4,"-0,047","0,000","0,000","2,972"
13049436,DONA ALBA MINIMARKET,LA RIOJA,1,N,2,"5,613","0,000","0,000","4,000"
12849494,DONA JULIA,BUENOS AIRES,1,3.B,4,"1,374","3,457","0,000","3,000"
13049849,DONA JULIA,BUENOS AIRES,1,N,2,"-0,259","-0,812","0,000","-0,079"
5449594,DONA LIMPIA,ENTRE RIOS,1,4.C,4,"-0,077","0,000","0,000","-0,025"
10649036,DONA NEGRITA,MENDOZA,1,N,2,"3,960","0,000","0,000","4,679"
11949833,DORIS,BUENOS AIRES,1,2.A,3,"2,848","0,286","0,000","0,000"
8149809,DOS ARROYOS SA,MISIONES,1,N,2,"0,000","0,000","0,000","0,000"
8149841,DOS ARROYOS SA FORMOSA,FORMOSA,1,N,2,"0,000","0,000","0,000","0,000"
8149840,DOS ARROYOS SA IRIGOYEN,MISIONES,1,N,2,"0,000","0,000","0,000","0,000"
12949277,DOS LUNAS,CAPITAL FEDERAL,1,N,2,"3,000","0,000","0,000","0,000"
11049458,DOS+DOS=TRES,SANTA FE,1,5.D,6,"-0,243","0,000","0,000","0,901"
12749397,DOURAT SRL,BUENOS AIRES,1,2.A,3,"3,207","0,000","0,000","12,000"
7149149,DR.COPIA,SANTA FE,1,5.D,6,"-0,237","0,000","0,000","-0,143"
12449776,DRAGSTORE MIX I,BUENOS AIRES,1,2.A,3,"5,028","0,046","0,000","2,897"
12449924,DRAGSTORE MIX II,BUENOS AIRES,1,3.B,4,"-0,459","0,000","0,000","5,697"
5349208,DREOSTI MAYORISTA,SANTIAGO DEL ESTERO,1,3.B,4,"0,068","0,858","0,000","1,000"
12849741,DRUGSTORE 1,CORDOBA,1,N,2,"0,504","5,370","0,000","0,000"
12849264,DRUGSTORE 127,ENTRE RIOS,1,4.C,4,"5,714","0,396","0,000","2,980"
12949577,DRUGSTORE 2 F,TUCUMAN,1,N,2,"0,690","0,000","0,000","2,913"
12849248,DRUGSTORE 237 PIEDRA DEL AGUILA,NEUQUEN,1,4.C,4,"-0,253","2,374","0,000","7,854"
13049296,DRUGSTORE 24 7,MENDOZA,1,5.D,6,"0,000","0,000","0,000","0,000"
13049104,DRUGSTORE 24 7,MISIONES,1,N,2,"5,964","0,000","0,000","0,000"
13049345,DRUGSTORE 24 7 SARMIENTO,MENDOZA,1,5.D,6,"0,000","0,000","0,000","0,000"
12849913,DRUGSTORE 25 I,SANTA FE,1,1.VIP,2,"6,886","1,000","0,000","4,012"
6849018,DRUGSTORE 25 II,SANTA FE,1,1.VIP,2,"5,450","0,000","0,000","4,282"
12649582,DRUGSTORE 25 III,SANTA FE,1,3.B,4,"-0,502","0,000","0,000","1,538"
12149194,DRUGSTORE 25 IV,SANTA FE,1,2.A,3,"2,649","0,000","0,000","2,410"
12849915,DRUGSTORE 25 V,SANTA FE,1,1.VIP,2,"6,519","0,000","0,000","3,000"
13049668,DRUGSTORE 50 + ARCOS,CAPITAL FEDERAL,1,N,2,"-0,033","0,000","0,000","-0,018"
13049502,DRUGSTORE 50 PLAZA OESTE,BUENOS AIRES,1,5.D,6,"3,592","0,000","0,000","8,000"
13049286,DRUGSTORE A.M,ENTRE RIOS,1,5.D,6,"8,392","0,000","0,000","14,000"
13049697,DRUGSTORE AGOSTINA,BUENOS AIRES,1,N,2,"-0,013","0,000","0,000","0,000"
12449388,DRUGSTORE AGUS,BUENOS AIRES,1,1.VIP,2,"4,593","0,000","0,000","1,661"
12449656,DRUGSTORE AGUS 3,BUENOS AIRES,1,1.VIP,2,"1,448","1,000","0,000","3,709"
12849556,DRUGSTORE ATENEA,MENDOZA,1,2.A,3,"5,632","0,760","0,000","5,682"
12449889,DRUGSTORE BATAN,BUENOS AIRES,1,N,2,"0,000","0,000","0,000","0,000"
13049287,DRUGSTORE BUFFALO SOLDIER,SANTIAGO DEL ESTERO,1,4.C,4,"3,967","0,000","0,000","3,795"
7049136,DRUGSTORE CARAMELITO S,BUENOS AIRES,1,1.VIP,2,"8,304","-4,210","0,000","4,196"
13049705,DRUGSTORE CHICHO,RIO NEGRO,1,5.D,6,"10,442","0,000","0,000","7,825"
7549322,DRUGSTORE COSTILLITA,TUCUMAN,1,4.C,4,"1,687","0,000","0,000","1,808"
12849483,DRUGSTORE DE LA PATAGONIA,CHUBUT,1,4.C,4,"1,085","0,410","0,000","5,993"
13049016,DRUGSTORE DE PRIMERA,TUCUMAN,1,2.A,3,"7,013","0,000","0,000","3,000"
7049396,DRUGSTORE DE PRIMERA,TUCUMAN,1,N,2,"5,681","0,000","0,000","0,000"
12849509,DRUGSTORE DOMINGO,BUENOS AIRES,1,4.C,4,"1,418","0,482","0,000","8,904"
12849758,DRUGSTORE EL COLECCIONISTA,RIO NEGRO,1,3.B,4,"0,208","-0,144","0,000","5,882"
12849941,DRUGSTORE EL FLACO,BUENOS AIRES,1,2.A,3,"4,717","0,000","0,000","8,197"
13049267,DRUGSTORE EL PELA,ENTRE RIOS,1,5.D,6,"0,000","0,000","0,000","0,000"
12449251,DRUGSTORE EL SITIO,RIO NEGRO,1,1.VIP,2,"6,901","5,006","0,000","7,924"
12449718,DRUGSTORE EL SITIO II,RIO NEGRO,1,1.VIP,2,"6,605","-0,485","0,000","4,529"
12949412,DRUGSTORE ESTEPA,RIO NEGRO,1,4.C,4,"0,000","0,000","0,000","4,000"
12849522,DRUGSTORE FERIA SAN JUAN,BUENOS AIRES,1,4.C,4,"2,158","0,402","0,000","1,756"
12849308,DRUGSTORE FRANZ I,SANTA FE,1,2.A,3,"3,084","0,380","0,000","1,000"
12449433,DRUGSTORE FREDY,JUJUY,1,1.VIP,2,"2,953","2,057","0,000","1,000"
9749831,DRUGSTORE FUENTES,SALTA,1,4.C,4,"0,000","0,000","0,000","2,000"
12849127,DRUGSTORE GABRIEL,SALTA,1,1.VIP,2,"4,031","0,000","0,000","2,075"
13049698,DRUGSTORE ITUZAINGO,BUENOS AIRES,1,5.D,6,"-0,012","0,000","0,000","0,000"
13049144,DRUGSTORE JUNIN 183,CAPITAL FEDERAL,1,4.C,4,"0,780","0,000","0,000","2,000"
12049992,DRUGSTORE JUSTO AHI,MENDOZA,1,2.A,3,"4,064","1,860","0,000","1,513"
12049747,DRUGSTORE KEVIN,ENTRE RIOS,1,1.VIP,2,"2,710","0,000","0,000","5,635"
12849397,DRUGSTORE KEVIN II,ENTRE RIOS,1,N,2,"1,270","3,830","0,000","0,000"
12849129,DRUGSTORE KING,TUCUMAN,1,N,2,"4,442","0,000","0,000","0,000"
13049237,DRUGSTORE LA 12,SALTA,1,3.B,4,"6,000","0,000","0,000","10,000"
12849295,DRUGSTORE LA 13,TUCUMAN,1,5.D,6,"7,000","0,000","0,000","11,000"
13049709,DRUGSTORE LA 27,SALTA,1,5.D,6,"-0,281","-0,664","0,000","-0,051"
13049607,DRUGSTORE LA COLOMBIA,TUCUMAN,1,N,2,"1,351","0,000","0,000","1,998"
13049265,DRUGSTORE LA NORTE,ENTRE RIOS,1,5.D,6,"0,000","0,000","0,000","0,000"
12849969,DRUGSTORE LA PERGOLA II,BUENOS AIRES,1,2.A,3,"1,790","0,000","0,000","0,000"
6149597,DRUGSTORE LA VIEJA ESQUINA,SAN LUIS,1,4.C,4,"2,288","0,000","0,000","0,000"
13049629,DRUGSTORE LIVERPOOL,CORDOBA,1,5.D,6,"0,000","0,000","0,000","0,000"
12449534,DRUGSTORE LO DE MIRIAM,ENTRE RIOS,1,2.A,3,"3,651","0,000","0,000","1,000"
12449611,DRUGSTORE LUAM,FORMOSA,1,N,2,"0,000","0,000","0,000","0,000"
12449979,DRUGSTORE LUJAN,CORDOBA,1,1.VIP,2,"0,902","1,000","0,000","0,732"
12449106,DRUGSTORE MAGIC FUN CENTER,SANTA FE,1,1.VIP,2,"4,737","0,000","0,000","2,932"
12849257,DRUGSTORE MALAKIAS,ENTRE RIOS,1,2.A,3,"3,985","0,402","0,000","0,000"
12449460,DRUGSTORE MANOTA S,MENDOZA,1,1.VIP,2,"5,039","2,860","0,000","4,802"
12849126,DRUGSTORE MANOTA S II,MENDOZA,1,2.A,3,"4,144","-0,165","0,000","4,333"
13049081,DRUGSTORE MANOTA S III,MENDOZA,1,3.B,4,"2,563","0,000","0,000","1,984"
12849762,DRUGSTORE MARCELA,SALTA,1,5.D,6,"2,798","0,096","0,000","7,000"
9749698,DRUGSTORE MATILDE,SALTA,1,1.VIP,2,"38,108","-0,862","0,000","4,316"
12849914,DRUGSTORE MAX,CORDOBA,1,5.D,6,"1,592","0,000","0,000","2,000"
12049676,DRUGSTORE MECOHUE,NEUQUEN,1,4.C,4,"0,655","0,490","0,000","13,997"
12449614,DRUGSTORE MONKEY,BUENOS AIRES,1,4.C,4,"1,126","0,452","0,000","3,000"
13049024,DRUGSTORE MONROE,CAPITAL FEDERAL,1,N,2,"0,000","0,000","0,000","0,000"
12449679,DRUGSTORE NURIEL,BUENOS AIRES,1,N,2,"0,000","0,000","0,000","0,000"
7549809,DRUGSTORE O BRIEN PLAZA,BUENOS AIRES,1,4.C,4,"-0,129","0,000","0,000","1,968"
13049592,DRUGSTORE PANZA VERDE,ENTRE RIOS,1,N,2,"0,908","0,000","0,000","0,000"
13049618,DRUGSTORE PERLA,JUJUY,1,N,2,"0,588","-0,010","0,000","-0,145"
7049211,DRUGSTORE PILAR,BUENOS AIRES,1,1.VIP,2,"7,406","-1,848","0,000","2,567"
12849812,DRUGSTORE PLAN B,ENTRE RIOS,1,2.A,3,"3,000","0,000","0,000","1,000"
12049964,DRUGSTORE PUNTO 107,BUENOS AIRES,1,1.VIP,2,"7,328","3,000","0,000","4,469"
12449459,DRUGSTORE PUNTO 13,BUENOS AIRES,1,1.VIP,2,"9,358","3,000","0,000","7,062"
90049055,DRUGSTORE PUNTO 309,BUENOS AIRES,1,1.VIP,2,"7,633","0,157","0,000","3,410"
12449387,DRUGSTORE PUNTO 95,BUENOS AIRES,1,1.VIP,2,"9,101","1,766","0,000","6,306"
12849523,DRUGSTORE PUNTO VIEDMA,RIO NEGRO,1,1.VIP,2,"6,938","4,662","0,000","11,293"
12049619,DRUGSTORE RK,CAPITAL FEDERAL,1,2.A,3,"4,505","0,000","0,000","2,000"
11949441,DRUGSTORE RK 2,CAPITAL FEDERAL,1,4.C,4,"-0,304","-0,076","0,000","0,000"
12449375,DRUGSTORE RK 3,CAPITAL FEDERAL,1,4.C,4,"-0,337","0,000","0,000","3,988"
12049420,DRUGSTORE SAN JOSE,SALTA,1,4.C,4,"0,699","0,000","0,000","0,000"
7549912,DRUGSTORE SARMIENTO,SANTA FE,1,1.VIP,2,"1,839","-0,232","0,000","1,260"
12449242,DRUGSTORE SENTIR,SANTA FE,1,5.D,6,"0,701","0,000","0,000","4,000"
13049403,DRUGSTORE SOLANO,BUENOS AIRES,1,5.D,6,"5,620","0,000","0,000","5,884"
13049775,DRUGSTORE SOLANO II,BUENOS AIRES,1,5.D,6,"-0,303","-0,378","0,000","-0,128"
12849995,DRUGSTORE SUR,BUENOS AIRES,1,5.D,6,"0,000","0,000","0,000","0,000"
13049688,DRUGSTORE TOP LINE,BUENOS AIRES,1,5.D,6,"-0,191","0,000","0,000","-0,058"
12049846,DRUGSTORE TUS AMIGOS,ENTRE RIOS,1,3.B,4,"1,460","0,000","0,000","0,834"
12449495,DRUGSTORE URQUIZA,TUCUMAN,1,4.C,4,"2,370","0,406","0,000","1,000"
12849362,DRUGSTORE VALVIR,SANTA FE,1,5.D,6,"2,876","0,500","0,000","1,000"
12449654,DRUGSTORE VEA 7,MENDOZA,1,N,2,"0,000","0,000","0,000","0,000"
7049868,DRUGSTORE VERO,CAPITAL FEDERAL,1,3.B,4,"0,680","0,790","0,000","9,000"
13049500,DRUSTORE 50 + DOT,CAPITAL FEDERAL,1,5.D,6,"2,587","0,000","0,000","4,787"
8149361,DS SEGUROS,MISIONES,1,1.VIP,2,"1,424","1,000","0,000","1,964"
11949944,DSI,BUENOS AIRES,1,5.D,6,"0,310","0,500","0,000","1,000"
12749626,DSI 2,BUENOS AIRES,1,N,2,"0,421","-0,344","0,000","1,721"
11949733,DUBAI,CORRIENTES,1,2.A,3,"9,123","1,044","0,000","1,000"
8149958,DUFOUR E HIJOS,SALTA,1,N,2,"1,398","2,262","0,000","0,000"
8149957,DUFOUR TAFI DEL VALLE,TUCUMAN,1,4.C,4,"-0,370","1,616","0,000","2,793"
8649131,DULCE ESTRELLA,BUENOS AIRES,1,N,2,"0,000","0,000","0,000","0,000"
13049129,DULCE KIOSCO,CORDOBA,1,N,2,"5,766","0,000","0,000","0,000"
7449266,DULCE LA BOCHA,SANTA FE,1,5.D,6,"2,640","0,000","0,000","3,959"
7249204,DULCE LIMON,SANTA FE,1,3.B,4,"0,876","0,000","0,000","2,000"
7249174,DULCE TENTACION - PIEDRA DEL AGUILA,NEUQUEN,1,4.C,4,"-0,230","0,000","0,000","5,773"
9749816,"DULCE, SALADO Y MAS",BUENOS AIRES,1,N,2,"3,896","0,000","0,000","0,000"
12849561,DULCEMANIA,BUENOS AIRES,1,1.VIP,2,"3,791","0,304","0,000","5,000"
13049290,DULCEMANIA 2,SALTA,1,4.C,4,"1,141","0,000","0,000","1,943"
13049492,DULCEMANIA 3,SALTA,1,N,2,"0,872","0,000","0,000","3,923"
8949498,DULCERIAS,SANTA FE,1,1.VIP,2,"3,561","0,000","0,000","1,680"
12449509,DULCES TIEMPOS SH,BUENOS AIRES,1,N,2,"1,822","0,140","0,000","0,000"
6149445,DULCI-NARD,TUCUMAN,1,N,2,"2,040","0,500","0,000","0,000"
6149444,DULCI-NARD II,TUCUMAN,1,N,2,"0,000","0,000","0,000","0,000"
9749792,DULCINEA,CHACO,1,5.D,6,"0,688","0,000","0,000","4,000"
12949406,DUMBBELL SERVICIOS,CAPITAL FEDERAL,1,1.VIP,2,"6,685","0,000","0,000","2,000"
12049013,DVD CLUB,BUENOS AIRES,1,5.D,6,"1,281","0,000","0,000","0,000"
10349289,DYG ARTIGAS,BUENOS AIRES,1,2.A,3,"7,334","1,038","0,000","16,000"
10349395,DYG AVELLANEDA,BUENOS AIRES,1,1.VIP,2,"10,670","0,000","0,000","6,000"
10349299,DYG BILLINGHURST,BUENOS AIRES,1,1.VIP,2,"5,132","0,892","0,000","12,000"
5349556,DYG CHANGOMAS ESTRADA,BUENOS AIRES,1,2.A,3,"4,309","0,000","0,000","10,000"
5349558,DYG CHANGOMAS VERGARA,BUENOS AIRES,1,2.A,3,"5,677","0,000","0,000","4,000"
10349342,DYG COLON,BUENOS AIRES,1,1.VIP,2,"5,137","0,770","0,000","9,000"
13049579,DYG CONSTITUCION,CAPITAL FEDERAL,1,N,2,"1,288","0,000","0,000","3,000"
10349390,DYG CUZCO,CAPITAL FEDERAL,1,2.A,3,"18,299","0,000","0,000","6,000"
10349356,DYG GARIBALDI,BUENOS AIRES,1,1.VIP,2,"9,763","0,000","0,000","9,000"
10349375,DYG GRANADEROS,BUENOS AIRES,1,2.A,3,"6,168","0,000","0,000","19,000"
10349365,DYG HIPOLITO YRIGOYEN,BUENOS AIRES,1,2.A,3,"1,381","0,000","0,000","0,000"
12749638,DYG HOLDING ALSINA,BUENOS AIRES,1,5.D,6,"6,382","0,000","0,000","4,451"
10349473,DYG HOLDING ARTIGAS,BUENOS AIRES,1,4.C,4,"3,347","0,000","0,000","0,410"
10349474,DYG HOLDING AVELLANEDA,BUENOS AIRES,1,4.C,4,"9,194","0,000","0,000","6,055"
10349475,DYG HOLDING BILLINGHURST,BUENOS AIRES,1,4.C,4,"6,399","0,000","0,000","2,116"
13049605,DYG HOLDING BRASIL,CAPITAL FEDERAL,1,4.C,4,"21,497","0,000","0,000","4,933"
12749664,DYG HOLDING BRIGADIER,BUENOS AIRES,1,5.D,6,"-0,656","-1,280","0,000","-0,276"
5349608,DYG HOLDING CHANGOMAS ESTRADA,BUENOS AIRES,1,4.C,4,"3,912","0,000","0,000","0,317"
5349609,DYG HOLDING CHANGOMAS VERGARA,BUENOS AIRES,1,5.D,6,"10,091","0,000","0,000","6,732"
12749603,DYG HOLDING CONSTITUYENTES,BUENOS AIRES,1,5.D,6,"7,922","0,000","0,000","1,292"
12749645,DYG HOLDING DIAGONAL,BUENOS AIRES,1,N,2,"6,462","0,000","0,000","2,940"
10349479,DYG HOLDING GARDENIAS,BUENOS AIRES,1,4.C,4,"8,275","0,000","0,000","4,123"
10349484,DYG HOLDING GRANADEROS,BUENOS AIRES,1,5.D,6,"13,229","0,000","0,000","10,653"
12749607,DYG HOLDING INDEPENDENCIA,BUENOS AIRES,1,5.D,6,"7,082","0,000","0,000","1,402"
12749637,DYG HOLDING INDEPENDENCIA 2,BUENOS AIRES,1,N,2,"2,286","-1,260","0,000","1,418"
10349481,DYG HOLDING JOSE MARIA PAZ,BUENOS AIRES,1,5.D,6,"18,845","0,000","0,000","12,834"
10349477,DYG HOLDING PARANA,BUENOS AIRES,1,4.C,4,"11,036","0,000","0,000","7,363"
12949634,DYG HOLDING PARANA 2,BUENOS AIRES,1,4.C,4,"3,176","0,000","0,000","0,110"
10349478,DYG HOLDING PERON,BUENOS AIRES,1,5.D,6,"10,117","0,000","0,000","7,122"
10349482,DYG HOLDING PLANES,BUENOS AIRES,1,4.C,4,"9,806","0,000","0,000","4,824"
10349472,DYG HOLDING PUEYRREDON,BUENOS AIRES,1,5.D,6,"13,034","0,000","0,000","5,234"
10349480,DYG HOLDING QUINTANA,BUENOS AIRES,1,5.D,6,"12,396","0,000","0,000","7,086"
10349483,DYG HOLDING RIO ATUEL,BUENOS AIRES,1,4.C,4,"4,853","0,000","0,000","-0,538"
12749604,DYG HOLDING RIVADAVIA,CAPITAL FEDERAL,1,5.D,6,"24,771","0,000","0,000","17,808"
12749677,DYG HOLDING ROCA,BUENOS AIRES,1,5.D,6,"-0,844","-0,250","0,000","-0,727"
12749606,DYG HOLDING ROSALES,BUENOS AIRES,1,4.C,4,"9,640","0,000","0,000","5,383"
12749602,DYG HOLDING ROSAS,BUENOS AIRES,1,4.C,4,"6,992","0,000","0,000","-0,641"
10349476,DYG HOLDING SAN LORENZO,BUENOS AIRES,1,5.D,6,"20,921","0,000","0,000","13,573"
12749600,DYG HOLDING SARMIENTO,BUENOS AIRES,1,5.D,6,"16,077","0,000","0,000","5,226"
12149242,DYG HOLDING SUAREZ,BUENOS AIRES,1,5.D,6,"27,000","0,000","0,000","14,000"
12749655,DYG HOLDING UGARTE,BUENOS AIRES,1,N,2,"0,832","-0,222","0,000","0,882"
12749656,DYG HOLDING UGARTE 2,BUENOS AIRES,1,N,2,"0,620","-0,238","0,000","0,688"
12749663,DYG HOLDING VERGARA 2,BUENOS AIRES,1,N,2,"1,308","-0,184","0,000","0,537"
10349361,DYG INDEPENDENCIA,BUENOS AIRES,1,4.C,4,"3,000","0,000","0,000","1,000"
10349368,DYG MARCOS SASTRE,BUENOS AIRES,1,N,2,"1,366","0,000","0,000","0,000"
10349290,DYG PARANA,BUENOS AIRES,1,1.VIP,2,"7,124","2,042","0,000","14,000"
10349411,DYG PERON,BUENOS AIRES,1,2.A,3,"3,355","0,000","0,000","6,000"
10349305,DYG PLANES,BUENOS AIRES,1,1.VIP,2,"5,267","1,251","0,000","8,000"
10349360,DYG PUEYRREDON,BUENOS AIRES,1,1.VIP,2,"7,568","0,000","0,000","10,000"
10349362,DYG QUINTANA,BUENOS AIRES,1,1.VIP,2,"3,146","0,000","0,000","11,000"
10349408,DYG RIO ATUEL,BUENOS AIRES,1,2.A,3,"3,199","0,000","0,000","5,000"
12749502,DYG RIVADAVIA,CAPITAL FEDERAL,1,1.VIP,2,"4,149","0,000","0,000","11,000"
12749559,DYG ROSALES,BUENOS AIRES,1,5.D,6,"23,112","0,000","0,000","34,000"
12749523,DYG ROSAS,BUENOS AIRES,1,3.B,4,"7,356","0,000","0,000","9,000"
10349271,DYG SAN LORENZO,BUENOS AIRES,1,1.VIP,2,"8,084","1,112","0,000","11,000"
6649055,DYG SUAREZ,BUENOS AIRES,1,1.VIP,2,"8,496","4,819","0,000","10,000"
10349353,DYG THOMPSON,BUENOS AIRES,1,1.VIP,2,"2,417","0,000","0,000","12,000"
12849347,DYG VICENTE LOPEZ,BUENOS AIRES,1,1.VIP,2,"8,303","1,272","0,000","19,000"
10349330,DYG VILLEGAS,BUENOS AIRES,1,2.A,3,"2,333","2,718","0,000","7,000"
10349310,DYG VIRREYES,BUENOS AIRES,1,3.B,4,"2,091","1,300","0,000","0,000"
12649264,DYLAN,MISIONES,1,4.C,4,"0,000","1,398","0,000","1,000"
13049189,DZ STORE MICROCENTRO,CAPITAL FEDERAL,1,4.C,4,"5,000","0,000","0,000","1,000"
11449104,E- MAIL SERVICIO TECNICO,SAN LUIS,1,2.A,3,"2,815","0,210","0,000","3,936"
12649230,E Y M,JUJUY,1,1.VIP,2,"2,730","1,367","0,000","1,825"
10349204,E.B. GESTORIA DEL AUTOMOTOR,SANTA FE,1,N,2,"6,684","1,228","0,000","0,000"
9149126,EASY CASH,CORDOBA,1,3.B,4,"1,988","0,000","0,000","7,000"
9149127,EASY CASH,CORDOBA,1,4.C,4,"0,252","0,000","0,000","2,000"
9149128,EASY CASH,CORDOBA,1,4.C,4,"0,000","0,000","0,000","2,000"
5349610,EASY PAY II,SALTA,1,5.D,6,"0,000","0,000","0,000","0,000"
8049405,EB PRODUCTOR DE SEGUROS,TUCUMAN,1,2.A,3,"5,832","1,000","0,000","3,859"
8249077,EBEN EZER VIAJES,CAPITAL FEDERAL,1,N,2,"2,298","8,062","0,000","0,000"
6149308,EBENEZEL,BUENOS AIRES,1,3.B,4,"2,576","0,000","0,000","10,000"
11149072,EC ESTUDIO CONTABLE,ENTRE RIOS,1,4.C,4,"1,665","0,000","0,000","0,964"
13049301,ECCO LIMP,BUENOS AIRES,1,5.D,6,"5,977","0,000","0,000","2,000"
10349169,ECG,CORDOBA,1,3.B,4,"3,381","0,111","0,000","5,000"
5249163,ECHANIZ HERMANOS S.A.,CORDOBA,1,5.D,6,"-0,043","0,000","0,000","0,000"
12949220,ECHEVERRIA PAGOS,CAPITAL FEDERAL,1,2.A,3,"5,611","4,851","0,000","0,000"
6349467,ECLIPSELL TELEFONIA,MISIONES,1,N,2,"3,034","0,000","0,000","0,000"
5321001,ECO 21,BUENOS AIRES,1,N,2,"0,000","0,000","0,000","0,000"
5321002,ECO 8,BUENOS AIRES,1,N,2,"0,000","0,000","0,000","0,000"
5321004,ECO PILARA,BUENOS AIRES,1,N,2,"0,000","0,000","0,000","0,000"
8249170,ECOPAGOS,MISIONES,1,1.VIP,2,"2,253","0,000","0,000","3,752"
5449577,ECP LA TIENDITA,BUENOS AIRES,1,N,2,"0,000","0,000","0,000","0,000"
12649618,ECT  AGENCIA 14,LA RIOJA,1,4.C,4,"1,590","0,000","0,000","1,000"
12649595,ECT - AGENCIA 373,CORDOBA,1,2.A,3,"1,822","0,000","0,000","2,237"
12649535,ECT - AGENCIA 60 SUB AGENCIA 13,TUCUMAN,1,N,2,"2,691","0,000","0,000","0,000"
13049196,ECT - AL RAMMA GRANADEROS,CORDOBA,1,4.C,4,"1,785","0,000","0,000","6,000"
12149214,ECT - AL RAMMA VILLA CABRERA,CORDOBA,1,4.C,4,"1,388","0,000","0,000","3,000"
12749480,ECT  ASESORA DE SEGUROS PARRA PAULA,CHACO,1,5.D,6,"0,000","0,000","0,000","0,000"
10349293,ECT - CENTRO DE PAGOS CAPDEVILA,CORDOBA,1,1.VIP,2,"4,207","1,224","0,000","3,877"
10349292,ECT - CENTRO DE PAGOS LAS MAGNOLIAS,CORDOBA,1,1.VIP,2,"3,470","1,168","0,000","7,000"
12649483,ECT - CENTRO DE PAGOS RANCAGUA,CORDOBA,1,4.C,4,"0,815","2,418","0,000","1,857"
12849871,ECT - CERRO DE LAS ROSAS PF,CORDOBA,1,N,2,"0,000","0,000","0,000","0,000"
12849813,ECT  EL ALMACEN,TUCUMAN,1,N,2,"1,580","0,000","0,000","0,000"
13049631,ECT  KIOSCO HIPOLITO,CORDOBA,1,N,2,"0,712","0,000","0,000","0,914"
12649611,ECT - LOS HERMANOS,CORDOBA,1,1.VIP,2,"1,120","0,000","0,000","6,272"
12849489,ECT - MAXIKIOSCO HOLA,CORDOBA,1,N,2,"1,648","0,476","0,000","0,000"
12849506,ECT - MAXIKIOSCO LA ESQUINA,CORDOBA,1,N,2,"3,053","0,420","0,000","0,000"
6149572,ECT - ONDALACTEA,CORDOBA,1,3.B,4,"0,823","-0,010","0,000","2,641"
12849504,ECT - PAGO FORNERO,CORDOBA,1,1.VIP,2,"8,045","0,000","0,000","4,471"
5249145,ECT  PAGOS DE BONA,RIO NEGRO,1,N,2,"4,292","0,500","0,000","0,000"
12849902,ECT  POLIRUBRO SAN ANTONIO,TUCUMAN,1,N,2,"10,503","0,000","0,000","0,000"
11749077,ECT - PUNTO PAGO COLON 1,CORDOBA,1,1.VIP,2,"9,005","0,000","0,000","8,000"
11149091,ECT  SALAS CRESPO - GESTION DE COBRANZA,TUCUMAN,1,3.B,4,"5,033","0,906","0,000","11,000"
12849660,ECT - SHOP 24HS,CORDOBA,1,N,2,"0,431","0,000","0,000","0,000"
12849811,ECT ACUARELA,NEUQUEN,1,4.C,4,"-0,244","0,000","0,000","0,939"
12849931,ECT AGBL BLANCANIEVES,NEUQUEN,1,5.D,6,"1,707","0,000","0,000","2,000"
20135,ECT AGBL KIOSCO EL PAPU,NEUQUEN,1,N,2,"0,000","0,000","0,000","0,000"
12849944,ECT AGBL MAXIKIOSCO BAUTI,SANTA FE,1,4.C,4,"0,156","0,000","0,000","3,000"
12649647,ECT AGENCIA 1170,CORDOBA,1,3.B,4,"2,581","0,000","0,000","5,563"
12649643,ECT AGENCIA 256 RINCON DE LOS SAUCES,NEUQUEN,1,5.D,6,"-0,095","0,000","0,000","0,919"
12649631,ECT AGENCIA 266,CORDOBA,1,4.C,4,"0,141","0,000","0,000","1,738"
12649650,ECT AGENCIA DON CHEJ,CHACO,1,4.C,4,"0,103","0,000","0,000","0,000"
12649561,ECT AGENCIA DONES SUR,BUENOS AIRES,1,4.C,4,"4,451","0,000","0,000","10,000"
12949205,ECT AGENCIA ECUADOR,CAPITAL FEDERAL,1,1.VIP,2,"3,630","2,402","0,000","1,000"
13049036,ECT AGENCIA GUEVARA,CORDOBA,1,4.C,4,"2,637","0,000","0,000","4,000"
12649632,ECT AGENCIA OFICIAL 226,CORRIENTES,1,N,2,"0,873","0,000","0,000","0,000"
12949132,ECT AGENCIA PELLEGRINI,CAPITAL FEDERAL,1,N,2,"1,830","10,024","0,000","1,000"
12949131,ECT AGENCIA PERU,CAPITAL FEDERAL,1,N,2,"1,672","11,950","0,000","0,000"
12949350,ECT AGENCIA PUEYRREDON,CAPITAL FEDERAL,1,1.VIP,2,"3,701","0,000","0,000","1,000"
12849846,ECT AGENCIA START,BUENOS AIRES,1,2.A,3,"0,000","0,000","0,000","0,000"
12649317,ECT AGENCIA THIANA I,CAPITAL FEDERAL,1,2.A,3,"3,343","2,752","0,000","0,000"
12949045,ECT AGENCIA VIRREY,CAPITAL FEDERAL,1,3.B,4,"2,193","0,000","0,000","2,000"
12849599,ECT AGROFER,MISIONES,1,4.C,4,"0,179","2,094","0,000","1,938"
6949835,ECT AGUS LIBRERIA,CORDOBA,1,3.B,4,"2,725","0,000","0,000","1,512"
5449556,ECT ALFA SERVICIOS,CORRIENTES,1,4.C,4,"0,279","0,476","0,000","2,647"
9749696,ECT ALMACENES JEAR VIII,SANTA FE,1,2.A,3,"5,841","3,616","0,000","0,000"
6449483,ECT AMERICANO MUT. Y SOC. II,SANTA FE,1,5.D,6,"4,093","0,000","0,000","1,945"
7149112,ECT ARGENPER AV. LA PLATA,CAPITAL FEDERAL,1,2.A,3,"4,220","0,368","0,000","5,000"
12849691,ECT ARNALDO SERVICIO TECNICO,BUENOS AIRES,1,N,2,"1,426","1,574","0,000","1,000"
9749813,ECT AROMATICA ALBERTO,LA RIOJA,1,2.A,3,"1,889","0,000","0,000","2,000"
13049409,ECT ARTICULOS MELY KUYEN,BUENOS AIRES,1,3.B,4,"15,843","0,000","0,000","3,765"
7249208,ECT ARTUSA PAGOS,CAPITAL FEDERAL,1,N,2,"6,365","1,472","0,000","3,000"
6449455,ECT ASOC MUT DEL TEODELINA FOO,SANTA FE,1,4.C,4,"-0,198","0,000","0,000","0,000"
6449445,ECT ASOC MUTUAL METROP. CANADA DE GOMEZ,SANTA FE,1,N,2,"39,992","0,000","0,000","0,000"
6449446,ECT ASOC MUTUAL METROP. CORRAL DE BUSTOS,CORDOBA,1,N,2,"7,678","0,000","0,000","3,000"
6449447,ECT ASOC MUTUAL METROP. LAS PAREJAS,SANTA FE,1,N,2,"38,525","0,000","0,000","1,000"
6149618,ECT AUTOSERVICE CLARAZ,BUENOS AIRES,1,5.D,6,"0,000","0,000","0,000","0,000"
9849270,ECT AUTOSERVICIO AGUS,LA PAMPA,1,3.B,4,"0,078","0,000","0,000","5,740"
13049597,ECT AUTOSERVICIO FIONA,CORDOBA,1,N,2,"0,564","0,000","0,000","1,776"
9849250,ECT AUTOSERVICIO ROKO- VILLA TRAFUL,NEUQUEN,1,5.D,6,"2,339","0,478","0,000","0,000"
12749200,ECT AV CASEROS,CAPITAL FEDERAL,1,3.B,4,"0,655","-0,254","0,000","5,651"
12749198,ECT AVELLANEDA,CAPITAL FEDERAL,1,3.B,4,"4,885","0,996","0,000","2,999"
6249145,ECT AVON EXPRES 2,MENDOZA,1,4.C,4,"8,734","1,222","0,000","5,000"
12849724,ECT AYACUCHO,CAPITAL FEDERAL,1,N,2,"0,000","0,000","0,000","0,000"
11349059,ECT BAJO CERO,CORDOBA,1,3.B,4,"1,849","0,000","0,000","9,625"
7249205,ECT BAZAR LA FLORIDA,BUENOS AIRES,1,N,2,"0,000","0,000","0,000","0,000"
7449233,ECT BENDITA TU ERES,CORDOBA,1,N,2,"0,000","0,000","0,000","0,000"
9949039,ECT BIP EXPRESS,BUENOS AIRES,1,2.A,3,"3,259","0,000","0,000","8,639"
10149024,ECT BISA ALMAFUERTE,CORDOBA,1,4.C,4,"1,000","0,000","0,000","1,000"
9049072,ECT BLANQUERIA YOLY,LA PAMPA,1,N,2,"0,000","0,000","0,000","0,000"
12649484,ECT BOLA 8,BUENOS AIRES,1,N,2,"1,834","0,000","0,000","0,000"
9749841,ECT BOMBERS STORE,MENDOZA,1,4.C,4,"1,568","0,000","0,000","2,000"
10349334,ECT BOULOGNE PAGOS,BUENOS AIRES,1,N,2,"0,000","0,000","0,000","0,000"
6349508,ECT BRELECTRONIC,BUENOS AIRES,1,1.VIP,2,"3,975","-0,245","0,000","3,535"
6949809,ECT BRISAS REGALERIA,MENDOZA,1,4.C,4,"-0,416","0,000","0,000","2,725"
12949423,ECT BUENA QUIMICA,SANTA FE,1,1.VIP,2,"3,385","0,000","0,000","13,751"
13049759,ECT CANDY,BUENOS AIRES,1,5.D,6,"3,610","0,000","0,000","3,670"
12849715,ECT CANDY HOUSE,BUENOS AIRES,1,2.A,3,"3,667","-0,020","0,000","3,845"
12849895,ECT CANDY SHOP,FORMOSA,1,N,2,"3,349","0,000","0,000","0,000"
12949376,ECT CANELA ROUGE,CHUBUT,1,4.C,4,"-0,369","0,000","0,000","2,819"
12849964,ECT CARLOS,BUENOS AIRES,1,N,2,"3,021","2,070","0,000","0,000"
12749491,ECT CARRIZO ANGEL MARIO PROD DE SEGUROS,SANTIAGO DEL ESTERO,1,4.C,4,"-0,101","0,000","0,000","0,983"
13049309,ECT CARUSITA,CORDOBA,1,4.C,4,"0,000","0,000","0,000","2,000"
12649732,ECT CASA GRANDE SOCIEDAD SIMPLE,ENTRE RIOS,1,5.D,6,"14,540","0,000","0,000","31,000"
11549015,ECT CASA TONE,ENTRE RIOS,1,4.C,4,"13,304","0,000","0,000","27,000"
7149100,ECT CASTRO BARROS,BUENOS AIRES,1,1.VIP,2,"5,983","-0,852","0,000","4,783"
6949785,ECT CELESTE Y BLANCA,CORDOBA,1,4.C,4,"0,000","0,928","0,000","6,000"
6349524,ECT CELULARES ACCESORIZATE,BUENOS AIRES,1,3.B,4,"2,578","0,000","0,000","5,680"
7849099,ECT CENTRO COM IND Y DE LA PROP DE BRINK,CORDOBA,1,4.C,4,"1,396","0,000","0,000","5,731"
12949410,ECT CENTRO DE COBRO AV DE MAYO 471,BUENOS AIRES,1,2.A,3,"6,866","0,000","0,000","9,000"
12949346,ECT CENTRO DE COBRO LA LORE,BUENOS AIRES,1,4.C,4,"-0,185","0,000","0,000","0,949"
12949353,ECT CENTRO DE COBRO MONTEGRANDE,BUENOS AIRES,1,2.A,3,"2,237","0,000","0,000","3,000"
12949366,ECT CENTRO DE COBRO PARANA 540,CAPITAL FEDERAL,1,1.VIP,2,"8,289","0,000","0,000","5,441"
12749485,ECT CENTRO DE COBRO RAMOS MEJIAS,BUENOS AIRES,1,1.VIP,2,"3,919","0,000","0,000","16,904"
12949396,ECT CENTRO DE COBRO SAN MARTIN,BUENOS AIRES,1,2.A,3,"1,866","0,000","0,000","5,000"
12949343,ECT CENTRO DE COBROS LANUS,BUENOS AIRES,1,1.VIP,2,"12,794","0,000","0,000","3,000"
13049203,ECT CENTRO DE COBROS QUINTANA,BUENOS AIRES,1,2.A,3,"4,185","0,000","0,000","11,000"
12749259,ECT CENTRO DE PAGOS ESMERALDA,RIO NEGRO,1,N,2,"3,714","0,464","0,000","0,000"
6249166,ECT CENTRO DE SERVICIOS DESAMPARADOS,SAN JUAN,1,4.C,4,"-1,021","-0,034","0,000","-1,215"
12949345,ECT CENTRO JACK,CAPITAL FEDERAL,1,5.D,6,"3,199","0,000","0,000","0,000"
7149095,ECT CENTRO PAGOS LANUS,BUENOS AIRES,1,N,2,"2,979","0,484","0,000","0,000"
12949274,ECT CHAUCHA Y PALITO,CORDOBA,1,4.C,4,"0,412","0,000","0,000","1,863"
12849696,ECT CIBERTEL 67,BUENOS AIRES,1,3.B,4,"3,342","0,000","0,000","7,000"
10349379,ECT COBRANZAS RAPIDAS,MENDOZA,1,3.B,4,"3,036","0,000","0,000","11,762"
7149115,ECT COBRO DE SERVICIOS,SANTA FE,1,N,2,"2,629","0,840","0,000","0,000"
7449236,ECT COBROS BANCARIO,MENDOZA,1,4.C,4,"5,772","0,000","0,000","15,378"
12749550,ECT COBROS GIOTTA,FORMOSA,1,5.D,6,"1,924","0,000","0,000","6,000"
12749544,ECT COBROS GIOTTA AV. KIRCHNER,FORMOSA,1,5.D,6,"0,000","0,000","0,000","0,000"
12749551,ECT COBROS GIOTTA CIRC. 5,FORMOSA,1,5.D,6,"0,000","0,000","0,000","0,000"
12749547,ECT COBROS GIOTTA CLORINDA,FORMOSA,1,5.D,6,"0,000","0,000","0,000","0,000"
12749545,ECT COBROS GIOTTA CORRIENTES,CORRIENTES,1,5.D,6,"0,000","0,000","0,000","0,000"
12749549,ECT COBROS GIOTTA IBARRETA,FORMOSA,1,5.D,6,"0,000","0,000","0,000","0,000"
12749548,ECT COBROS GIOTTA LAGUNA BLANCA,FORMOSA,1,5.D,6,"0,000","0,000","0,000","0,000"
12749546,ECT COBROS GIOTTA LAS LOMITAS,FORMOSA,1,5.D,6,"0,000","0,000","0,000","0,000"
12649531,ECT COBROS MARTINA,ENTRE RIOS,1,N,2,"3,905","0,468","0,000","0,000"
12849553,ECT COMERCIAL V III,BUENOS AIRES,1,4.C,4,"1,995","0,058","0,000","3,989"
10349335,ECT COMERCIALIZADORA S&S OLMEDO,MENDOZA,1,2.A,3,"5,436","0,612","0,000","83,411"
11449154,ECT COMPUTECH,FORMOSA,1,4.C,4,"4,088","0,000","0,000","4,000"
12949369,ECT COMSERVI,CHACO,1,3.B,4,"0,286","0,000","0,000","3,838"
7849106,ECT CONSULTORA INMOBILIARIA,CORDOBA,1,5.D,6,"-0,144","0,000","0,000","-0,108"
6949918,ECT COTILLON LIMON,CORDOBA,1,5.D,6,"-0,045","0,000","0,000","-0,052"
12849883,ECT COYOTE MAXIKIOSCO,MENDOZA,1,4.C,4,"2,248","0,000","0,000","4,000"
12949420,ECT CTRO DE COBRO DIAG 74 NRO 2488 LP,BUENOS AIRES,1,1.VIP,2,"3,940","0,000","0,000","5,000"
13049184,ECT DANDY EXPRESS,CORDOBA,1,2.A,3,"6,679","0,000","0,000","16,000"
13049141,ECT DE TODO COMO EN BOTICA,BUENOS AIRES,1,3.B,4,"5,870","0,000","0,000","10,000"
13049047,ECT DE TODO UN POCO MELINA,BUENOS AIRES,1,N,2,"1,000","0,000","0,000","1,000"
13049243,ECT DEL 73,BUENOS AIRES,1,4.C,4,"0,000","0,000","0,000","0,000"
12849917,ECT DEL 73,BUENOS AIRES,1,N,2,"0,000","0,000","0,000","0,000"
9749566,ECT DESPENSA CHAVEZ,JUJUY,1,2.A,3,"2,523","-0,010","0,000","11,592"
7249184,ECT DESPENSA DYM - LO DE OPI,CORRIENTES,1,N,2,"6,283","0,452","0,000","0,000"
13049262,ECT DESPENSA FANTASIA,CORDOBA,1,4.C,4,"-0,304","0,000","0,000","3,799"
12849573,ECT DESPENSA JIREH,MISIONES,1,5.D,6,"1,844","-0,020","0,000","0,000"
9749797,ECT DESPENSA LA CANCHA,BUENOS AIRES,1,4.C,4,"1,150","0,000","0,000","2,937"
12949218,ECT DESPENSA TITI,BUENOS AIRES,1,5.D,6,"-0,123","0,478","0,000","0,978"
12649605,ECT DIBAO LUBAC,MISIONES,1,5.D,6,"4,996","0,000","0,000","0,000"
6149590,ECT DISTRIBUIDORA EL PATO,MENDOZA,1,2.A,3,"0,642","0,000","0,000","0,000"
9849261,ECT DON JUSTO,TUCUMAN,1,N,2,"0,615","0,000","0,000","0,000"
9849262,ECT DON JUSTO II,TUCUMAN,1,N,2,"1,205","0,000","0,000","0,000"
12949027,ECT DON PACO,CAPITAL FEDERAL,1,N,2,"3,607","1,272","0,000","0,000"
12949167,ECT DRAGO,CAPITAL FEDERAL,1,N,2,"0,000","0,000","0,000","0,000"
12849889,ECT DRUGSTORE MAR LUC,BUENOS AIRES,1,3.B,4,"1,949","0,000","0,000","4,537"
12949338,ECT DRUGSTORE PAYSANDU 1684,CAPITAL FEDERAL,1,1.VIP,2,"4,846","0,000","0,000","2,163"
11849362,ECT EAS,CORRIENTES,1,4.C,4,"0,854","0,424","0,000","3,857"
12649717,ECT EL BICHITO DE LUZ,ENTRE RIOS,1,3.B,4,"3,675","0,000","0,000","2,593"
13049139,ECT EL BUEN GUSTO EX RAPI SAN MARTIN,CHACO,1,3.B,4,"7,422","0,000","0,000","2,491"
12949324,ECT EL CAMBIO,SANTA FE,1,N,2,"11,993","0,000","0,000","0,000"
7249210,ECT EL CAMBIO,SANTA FE,1,N,2,"0,000","0,000","0,000","0,000"
12849481,ECT EL CHINO,CAPITAL FEDERAL,1,2.A,3,"3,139","1,000","0,000","4,000"
12649593,ECT EL GREGO,TIERRA DEL FUEGO,1,3.B,4,"-0,140","0,000","0,000","5,872"
12849772,ECT EL PARADOR,MENDOZA,1,4.C,4,"1,352","0,000","0,000","3,000"
12649597,ECT EL PATRON DE LA SUERTE 2,CHACO,1,4.C,4,"1,255","0,000","0,000","5,886"
12849926,ECT EL PROFE 2,CHACO,1,3.B,4,"1,099","0,000","0,000","3,864"
12649573,ECT EL REY DE LA SUERTE,SAN JUAN,1,4.C,4,"-0,071","0,000","0,000","0,952"
10049092,ECT EL TAJA,CORDOBA,1,1.VIP,2,"3,026","0,000","0,000","1,894"
12849968,ECT EL UNIVERSO DEL DULCE,BUENOS AIRES,1,2.A,3,"5,116","0,000","0,000","9,706"
10849079,ECT EMANUEL REPUESTOS,CORDOBA,1,5.D,6,"2,058","0,000","0,000","3,801"
12749277,ECT EMSYS SEGUROS,SANTA FE,1,4.C,4,"-0,011","0,644","0,000","4,902"
12949698,ECT ENCANTO´S,SANTA FE,1,N,2,"0,604","-0,024","0,000","-0,042"
12949341,ECT ENSEMBLE,SANTA FE,1,4.C,4,"0,728","0,000","0,000","1,939"
8249190,ECT ESTACION VIAJES,CORDOBA,1,3.B,4,"8,000","3,232","0,000","13,000"
8249196,ECT ESTETUR PALMIRA,MENDOZA,1,N,2,"2,554","0,000","0,000","0,000"
12849873,ECT EVC KIOSCO Y SERVICIOS,SANTA CRUZ,1,2.A,3,"2,708","0,000","0,000","0,000"
12949224,ECT EXCLUSIVO LOPE DE VEGA,CAPITAL FEDERAL,1,1.VIP,2,"3,139","0,000","0,000","3,267"
12949230,ECT EXCLUSIVO MARIANO ACOSTA,CAPITAL FEDERAL,1,5.D,6,"0,785","0,912","0,000","0,000"
6949816,ECT EXCLUSIVO PAGOS PLOTTIER,NEUQUEN,1,2.A,3,"6,506","0,000","0,000","7,000"
12949222,ECT EXCLUSIVO PEDERNERA,CAPITAL FEDERAL,1,1.VIP,2,"4,902","4,582","0,000","3,476"
12949269,ECT FARIAS SILVIA ADRIANA,CAPITAL FEDERAL,1,1.VIP,2,"1,591","0,000","0,000","6,709"
11849386,ECT FARMA PATAGONIA,TIERRA DEL FUEGO,1,N,2,"1,079","0,000","0,000","0,000"
11849385,ECT FARMACIA BOSIO SCORTICHINI,CORDOBA,1,2.A,3,"2,323","0,000","0,000","3,086"
11849397,ECT FARMACIA D ONOFRIO,BUENOS AIRES,1,2.A,3,"6,859","0,000","0,000","13,000"
11849364,ECT FARMACIA FARMAGRANA I,BUENOS AIRES,1,4.C,4,"1,549","0,000","0,000","5,000"
6749215,ECT FERRETERIA CHANO,MENDOZA,1,N,2,"15,166","0,000","0,000","12,000"
6749211,ECT FERRETERIA J&F,LA PAMPA,1,1.VIP,2,"3,146","0,000","0,000","4,016"
6749216,ECT FERRETERIA MELITON,MENDOZA,1,N,2,"1,874","0,000","0,000","3,000"
9749728,ECT FIAMBRERIA CHIJRA,JUJUY,1,5.D,6,"0,842","0,000","0,000","3,000"
12849983,ECT FLOKY II,SANTA FE,1,1.VIP,2,"3,800","0,000","0,000","2,799"
6949818,ECT FLOR DE LIS,CORDOBA,1,3.B,4,"0,149","0,000","0,000","3,717"
19173,ECT FORRAJERIA RAIHUE,NEUQUEN,1,N,2,"0,000","0,000","0,000","0,000"
12949307,ECT GIROS ARIEL,BUENOS AIRES,1,1.VIP,2,"4,500","0,000","0,000","2,840"
10849076,ECT GMG,BUENOS AIRES,1,2.A,3,"7,634","0,000","0,000","10,000"
12949730,ECT GRUPO TURE,MENDOZA,1,N,2,"1,405","-0,054","0,000","1,599"
12949175,ECT HALLOWEEN,BUENOS AIRES,1,4.C,4,"0,237","0,000","0,000","5,000"
6949753,ECT HIPATIA,CHUBUT,1,N,2,"12,294","0,498","0,000","0,000"
12949519,ECT HOMECINEMAVIDEO,BUENOS AIRES,1,4.C,4,"4,939","0,000","0,000","4,000"
8249165,ECT HOMERO III,BUENOS AIRES,1,1.VIP,2,"2,425","0,000","0,000","4,000"
8249162,ECT HOMERO IV,BUENOS AIRES,1,1.VIP,2,"3,116","1,842","0,000","1,246"
12849596,ECT HOMERO VI,BUENOS AIRES,1,2.A,3,"2,121","0,926","0,000","2,000"
9449055,ECT IMPRENTA GRAFILUX,SANTA FE,1,4.C,4,"0,000","0,000","0,000","0,000"
7149125,ECT IMPRENTA ROSITA Y BRAHIAN,LA RIOJA,1,4.C,4,"0,073","0,000","0,000","0,960"
7149122,ECT INCONE LIBRERIA,FORMOSA,1,4.C,4,"1,000","0,000","0,000","2,000"
9849273,ECT ISLAS MALVINAS,SANTA CRUZ,1,1.VIP,2,"2,150","0,000","0,000","7,131"
9749781,ECT ISLAS MALVINAS II,SANTA CRUZ,1,3.B,4,"2,186","0,000","0,000","6,000"
6249142,ECT ITATI,BUENOS AIRES,1,2.A,3,"7,474","3,000","0,000","1,471"
12949076,ECT JORMAR PAGOS,CAPITAL FEDERAL,1,4.C,4,"0,000","4,438","0,000","4,000"
12149174,ECT JR DISTRIBUCIONES,MISIONES,1,N,2,"3,914","0,500","0,000","0,000"
8349031,ECT JUGUETERIA JUJU JAJA,BUENOS AIRES,1,2.A,3,"2,182","0,000","0,000","2,000"
12849541,ECT KIOS LA SUERTE,BUENOS AIRES,1,N,2,"0,882","0,426","0,000","0,000"
12849963,ECT KIOSC FLAMA AGEN COBRANZAS,BUENOS AIRES,1,1.VIP,2,"2,201","0,000","0,000","3,300"
9749809,ECT KIOSCO AMEGUIDO,BUENOS AIRES,1,3.B,4,"4,234","0,000","0,000","5,219"
12849703,ECT KIOSCO BELGRANO,BUENOS AIRES,1,2.A,3,"3,530","0,674","0,000","0,000"
12849417,ECT KIOSCO BITTERSWEET,BUENOS AIRES,1,2.A,3,"4,184","0,000","0,000","3,219"
12849907,ECT KIOSCO CITY,LA PAMPA,1,4.C,4,"0,000","0,000","0,000","2,000"
13049091,ECT KIOSCO DESPENSA EL SUENO,CORDOBA,1,4.C,4,"-0,280","0,000","0,000","1,778"
13049191,ECT KIOSCO EL NEGRO,LA PAMPA,1,4.C,4,"1,367","0,000","0,000","3,884"
13049121,ECT KIOSCO EXPRESS 24HS,CHACO,1,5.D,6,"1,929","0,000","0,000","0,000"
13049167,ECT KIOSCO HAYDEE,BUENOS AIRES,1,4.C,4,"3,278","0,000","0,000","3,558"
12849909,ECT KIOSCO HOSPITAL,LA PAMPA,1,4.C,4,"-0,227","0,000","0,000","6,731"
12849477,ECT KIOSCO HUINCA,NEUQUEN,1,1.VIP,2,"2,434","2,339","0,000","0,972"
12849535,ECT KIOSCO KARIM,CORDOBA,1,N,2,"3,102","0,500","0,000","0,000"
13049822,ECT KIOSCO L Y G,BUENOS AIRES,1,N,2,"5,927","-0,010","0,000","3,936"
13049180,ECT KIOSCO LA ESQ.AMPLIACION SAN PABLO,CORDOBA,1,2.A,3,"6,153","0,488","0,000","11,000"
12849943,ECT KIOSCO LOS TRES HERMANOS,BUENOS AIRES,1,2.A,3,"4,569","0,000","0,000","3,523"
12949402,ECT KIOSCO LUCY,NEUQUEN,1,5.D,6,"0,000","0,000","0,000","2,000"
13049022,ECT KIOSCO LULY,BUENOS AIRES,1,1.VIP,2,"3,636","0,656","0,000","5,363"
12849949,ECT KIOSCO MAIPU,MENDOZA,1,N,2,"80,000","0,000","0,000","0,000"
13049614,ECT KIOSCO MARCO,CORDOBA,1,N,2,"2,200","0,000","0,000","1,193"
12949403,ECT KIOSCO OKEL,NEUQUEN,1,4.C,4,"1,408","0,000","0,000","3,000"
13049292,ECT KIOSCO SAN CAYETANO,LA PAMPA,1,3.B,4,"2,767","0,000","0,000","8,046"
12849908,ECT KIOSCO SUPER LITO,LA PAMPA,1,2.A,3,"3,591","0,000","0,000","3,165"
12849760,ECT KIOSCO THEO,NEUQUEN,1,1.VIP,2,"0,892","0,000","0,000","2,741"
12849485,ECT KIOSCO VIBRA POSITIVA  II,RIO NEGRO,1,N,2,"5,343","1,504","0,000","0,000"
6949774,ECT L&B LIBRERIA,SANTA FE,1,1.VIP,2,"2,371","0,232","0,000","1,182"
12649590,ECT LA BUENA SUERTE,CORDOBA,1,4.C,4,"0,367","0,000","0,000","2,000"
12949183,ECT LA CHACRA,LA PAMPA,1,3.B,4,"-0,158","0,000","0,000","1,742"
12649566,ECT LA FORTUNA,CAPITAL FEDERAL,1,N,2,"0,000","0,000","0,000","0,000"
13049100,ECT LA GITANA,SANTA FE,1,N,2,"0,793","0,000","0,000","1,000"
12849831,ECT LA MOSCA,SALTA,1,1.VIP,2,"4,060","0,400","0,000","5,000"
12849879,ECT LA SALADA,CORRIENTES,1,3.B,4,"2,082","0,000","0,000","5,000"
13049681,ECT LA TIENDITA,BUENOS AIRES,1,N,2,"6,003","0,000","0,000","7,000"
6949848,ECT LAPIZ LAPICERA LIBRERIA,SANTA FE,1,4.C,4,"1,593","0,000","0,000","3,000"
12949365,ECT LAS BRUJAS,BUENOS AIRES,1,N,2,"2,367","0,000","0,000","0,000"
5449597,ECT LASER HOGAR Y MUEBLES,CORDOBA,1,4.C,4,"3,399","0,000","0,000","-0,135"
6949827,ECT LIBRERIA ACUARELA,CORDOBA,1,4.C,4,"0,607","0,000","0,000","1,000"
12949287,ECT LIBRERIA ALEXIS,SANTA FE,1,2.A,3,"2,506","0,000","0,000","0,000"
6949800,ECT LIBRERIA ALMA 1,FORMOSA,1,N,2,"0,000","0,000","0,000","0,000"
6949801,ECT LIBRERIA ALMA 2,FORMOSA,1,5.D,6,"0,823","0,000","0,000","3,000"
6949824,ECT LIBRERIA MIGUEL ANGEL,CORDOBA,1,4.C,4,"-0,183","0,000","0,000","-0,079"
12849671,ECT LO DE MARIA,BUENOS AIRES,1,4.C,4,"1,395","0,000","0,000","3,969"
12849817,ECT LO DE OPI,CORRIENTES,1,N,2,"2,037","0,000","0,000","0,000"
9749735,ECT LO DE OPI RIACHUELO,CORRIENTES,1,N,2,"4,441","0,000","0,000","0,000"
12949070,ECT LO DE ROJAS,JUJUY,1,1.VIP,2,"4,065","0,140","0,000","21,440"
13049072,ECT LOCUTORIO TAPALQUE,BUENOS AIRES,1,N,2,"7,884","0,000","0,000","0,000"
12649470,ECT LOPBA AGENCIA,BUENOS AIRES,1,N,2,"4,411","0,000","0,000","0,000"
12649423,ECT LOPBA AGENCIA 202,BUENOS AIRES,1,3.B,4,"4,853","0,950","0,000","7,000"
12649419,ECT LOPBA AGENCIA AVELLANEDA 4,BUENOS AIRES,1,4.C,4,"3,376","0,878","0,000","4,000"
12649384,ECT LOPBA AGENCIA EL ENCUENTRO,BUENOS AIRES,1,N,2,"3,948","0,088","0,000","0,000"
12649474,ECT LOPBA AGENCIA LA RUTA,BUENOS AIRES,1,N,2,"0,051","0,026","0,000","0,000"
12649468,ECT LOPBA AGENCIA LA SUERTUDA DE G.BELL,BUENOS AIRES,1,N,2,"1,422","0,950","0,000","0,000"
12649467,ECT LOPBA AGENCIA LA SUERTUDA GNECCO,BUENOS AIRES,1,N,2,"2,382","0,500","0,000","0,000"
12649473,ECT LOPBA AGENCIA LOS AMIGOS,BUENOS AIRES,1,2.A,3,"2,598","0,332","0,000","0,000"
12749138,ECT LOPBA AGENCIA REY FLEMING,BUENOS AIRES,1,N,2,"2,351","1,500","0,000","0,000"
12649422,ECT LOPBA AGENCIA RICARDO ROJAS,BUENOS AIRES,1,4.C,4,"0,613","0,980","0,000","4,892"
12649469,ECT LOPBA AGENCIA RUTA,BUENOS AIRES,1,N,2,"2,384","0,500","0,000","0,000"
12649471,ECT LOPBA AGENCIA SIGA LA RACHA,BUENOS AIRES,1,2.A,3,"2,181","0,500","0,000","0,000"
12649529,ECT LOPBA REY REGUERA,BUENOS AIRES,1,2.A,3,"2,596","0,000","0,000","0,000"
12649666,ECT LOS 3 CHIFLADOS,CAPITAL FEDERAL,1,1.VIP,2,"8,621","0,000","0,000","14,000"
12849776,ECT LOS CHOLITOS,BUENOS AIRES,1,N,2,"6,020","0,000","0,000","0,000"
12949181,ECT LOS HERMANITOS,ENTRE RIOS,1,3.B,4,"2,007","0,000","0,000","2,792"
9749834,ECT LYB,SALTA,1,4.C,4,"1,685","0,000","0,000","4,000"
12949441,ECT M Y A 2,SANTIAGO DEL ESTERO,1,2.A,3,"4,553","0,000","0,000","1,838"
12749367,ECT MACAN GROUP,BUENOS AIRES,1,N,2,"0,000","1,548","0,000","0,000"
12949440,ECT MACHETE,CAPITAL FEDERAL,1,N,2,"0,000","0,000","0,000","0,000"
9149131,ECT MAJO,CORDOBA,1,2.A,3,"1,312","0,000","0,000","3,595"
13049049,ECT MAXI KIOSCO COLON,BUENOS AIRES,1,4.C,4,"-0,392","0,000","0,000","3,592"
13049017,ECT MAXI KIOSCO MERCURY,LA PAMPA,1,3.B,4,"4,179","0,000","0,000","9,000"
13049120,ECT MAXIKIOSCO APOLO,CORDOBA,1,4.C,4,"-0,182","0,000","0,000","5,802"
13049205,ECT MAXIKIOSCO AVENIDA,BUENOS AIRES,1,4.C,4,"3,801","0,024","0,000","2,804"
12849490,ECT MAXIKIOSCO AVENIDA,NEUQUEN,1,4.C,4,"3,389","3,476","0,000","5,000"
12849877,ECT MAXIKIOSCO CENTRO,BUENOS AIRES,1,3.B,4,"-0,311","0,000","0,000","1,790"
11949905,ECT MAXIKIOSCO JOSE LEON SUAREZ,CAPITAL FEDERAL,1,5.D,6,"0,000","0,580","0,000","1,000"
13049084,ECT MAXIKIOSCO MEM,BUENOS AIRES,1,3.B,4,"-0,165","0,000","0,000","0,000"
13049214,ECT MAXIKIOSCO OPEN 365,BUENOS AIRES,1,2.A,3,"10,976","0,000","0,000","17,000"
13049556,ECT MAXIKIOSCO PILAR,CORDOBA,1,N,2,"0,000","0,000","0,000","0,000"
12849746,ECT MAXIKIOSKO LOLA,CORRIENTES,1,1.VIP,2,"3,856","0,762","0,000","3,052"
13049122,ECT MAXIKIOSKO OPEN 24,CHACO,1,5.D,6,"0,000","0,000","0,000","0,000"
12849891,ECT MAXISEBI,BUENOS AIRES,1,2.A,3,"2,000","0,000","0,000","3,000"
12749448,ECT MB PROD. ASESO. DE SEGUROS,CORDOBA,1,4.C,4,"0,942","0,000","0,000","2,000"
13049185,ECT MC KIO LV JUNIN 107,TUCUMAN,1,2.A,3,"4,864","0,000","0,000","2,388"
12849788,ECT MC KIO XL MUNECAS 381,TUCUMAN,1,3.B,4,"2,775","0,084","0,000","4,480"
12849780,ECT MC KIO XLI 25 DE MAYO 444,TUCUMAN,1,4.C,4,"3,888","0,000","0,000","12,000"
12849790,ECT MC KIO XLII SAN LORENZO,TUCUMAN,1,3.B,4,"6,065","0,680","0,000","12,000"
12849783,ECT MC KIO XLIII CORDOBA 710,TUCUMAN,1,2.A,3,"5,832","0,000","0,000","3,380"
12849784,ECT MC KIO XLIV BAIRES 146,TUCUMAN,1,3.B,4,"2,110","0,000","0,000","5,373"
12849791,ECT MC KIO XLV MENDOZA Y MONTEAGUDO,TUCUMAN,1,4.C,4,"3,169","0,000","0,000","2,519"
12849782,ECT MC KIO XLVI CRISOSTOMO 632,TUCUMAN,1,4.C,4,"1,272","2,028","0,000","1,572"
12849785,ECT MC KIO XXXIX EJERCITO 2680,TUCUMAN,1,3.B,4,"10,326","0,000","0,000","6,195"
12849786,ECT MC KIO XXXVIII COLON 259,TUCUMAN,1,2.A,3,"7,447","0,404","0,000","2,997"
7449261,ECT MDE,ENTRE RIOS,1,N,2,"2,431","0,000","0,000","1,353"
12849470,ECT MELODY,BUENOS AIRES,1,N,2,"0,668","0,300","0,000","0,000"
12949641,ECT MENTA CHOCOLATE,CORDOBA,1,N,2,"1,597","0,000","0,000","3,000"
6149567,ECT MERCADITO LUCERO,TUCUMAN,1,4.C,4,"1,556","0,000","0,000","0,826"
9849265,ECT MERCADITO VALENTINA,MENDOZA,1,2.A,3,"5,746","1,094","0,000","12,751"
13049154,ECT MI DULZURA MURATURE 2216 FIORITO,BUENOS AIRES,1,1.VIP,2,"7,931","0,000","0,000","2,000"
13049155,ECT MI DULZURA TAGLE 3929 CARAZA,BUENOS AIRES,1,1.VIP,2,"9,960","0,000","0,000","3,000"
12749428,ECT MILONE SERVICIOS,SAN LUIS,1,4.C,4,"1,344","0,000","0,000","3,898"
12949330,ECT MINI MERCADO DEL VALLE,CORDOBA,1,4.C,4,"1,725","0,000","0,000","2,863"
9749759,ECT MINI MERCADO DEL VALLE,CORDOBA,1,5.D,6,"0,000","0,000","0,000","0,000"
13049407,ECT MINIMARKET DEXTER,SANTA FE,1,4.C,4,"3,274","0,000","0,000","2,326"
9849288,ECT MINIMERCADO CAROHAY,BUENOS AIRES,1,3.B,4,"5,269","0,000","0,000","16,000"
6149522,ECT MINIMERCADO CASA BLANCA,NEUQUEN,1,N,2,"2,785","0,396","0,000","0,000"
9849271,ECT MINIMERCADO LO DE TORETTO,NEUQUEN,1,N,2,"0,000","0,000","0,000","0,000"
7249195,ECT MIS SUENOS,JUJUY,1,3.B,4,"3,010","-0,026","0,000","3,520"
5449564,ECT MOD EN CASA I,BUENOS AIRES,1,4.C,4,"0,744","0,000","0,000","4,000"
12749481,ECT MONEY MAKING PAGOS Y SERVICIOS,CAPITAL FEDERAL,1,5.D,6,"0,380","0,000","0,000","0,000"
6149565,ECT MORENA,BUENOS AIRES,1,N,2,"0,416","0,000","0,000","0,000"
6949792,ECT MOTIVOS,SANTA CRUZ,1,2.A,3,"1,719","0,000","0,000","3,785"
10849074,ECT MOTOPARTES TATO,CORDOBA,1,2.A,3,"1,337","0,556","0,000","7,000"
10049088,ECT MULTICELL,BUENOS AIRES,1,4.C,4,"2,801","0,000","0,000","4,000"
11449144,ECT MULTIVENTAS ELEONORA,SANTA FE,1,1.VIP,2,"3,712","0,104","0,000","3,706"
9749895,ECT MUNDO MASCOTA,CORDOBA,1,N,2,"0,546","0,000","0,000","2,000"
6449463,ECT MUTUAL DE SOC DEL SPORTIVO FUT CLUB,SANTA FE,1,4.C,4,"-0,273","0,000","0,000","2,830"
12749286,ECT NG PRODUCTORA ASESORA DE SEGUROS,ENTRE RIOS,1,4.C,4,"1,286","0,464","0,000","1,929"
9949031,ECT NL-SERVICE I,SANTA CRUZ,1,1.VIP,2,"3,039","0,000","0,000","1,618"
9949030,ECT NL-SERVICE II,SANTA CRUZ,1,N,2,"1,000","1,000","0,000","0,000"
12649458,ECT NUEVA CHARCAS,CAPITAL FEDERAL,1,1.VIP,2,"3,001","0,000","0,000","5,622"
12949057,ECT NUEVO PAGO 1,CAPITAL FEDERAL,1,N,2,"0,599","0,488","0,000","0,000"
12949058,ECT NUEVO PAGO 2,CAPITAL FEDERAL,1,N,2,"0,000","0,000","0,000","0,000"
12949059,ECT NUEVO PAGO 3,CAPITAL FEDERAL,1,N,2,"3,541","0,432","0,000","0,000"
12849875,ECT OCTUBRE,SANTA FE,1,N,2,"1,506","0,000","0,000","0,000"
12949174,ECT OFI GI,BUENOS AIRES,1,4.C,4,"1,716","0,624","0,000","3,000"
12749492,ECT OFICINA DE SEGUROS,SANTIAGO DEL ESTERO,1,4.C,4,"-0,156","0,000","0,000","0,930"
9749662,ECT OHANA,CORDOBA,1,2.A,3,"4,252","0,510","0,000","7,000"
11449161,ECT ON LINE,ENTRE RIOS,1,1.VIP,2,"6,256","0,000","0,000","35,931"
12749282,ECT ORGANIZACION PORCHIETTO,SANTA FE,1,5.D,6,"0,498","0,000","0,000","2,000"
7449241,ECT PAGO ESTRADA,BUENOS AIRES,1,N,2,"0,000","0,000","0,000","0,000"
9149130,ECT PAGO FACIL ROSARIO,CAPITAL FEDERAL,1,3.B,4,"3,498","0,000","0,000","0,395"
12949170,ECT PAGOS  BELL,BUENOS AIRES,1,N,2,"0,841","0,000","0,000","0,000"
10349283,ECT PAGOS ANELO,NEUQUEN,1,4.C,4,"-0,189","-0,216","0,000","2,879"
12849905,ECT PAGOS BIEN TARDE,BUENOS AIRES,1,N,2,"0,000","0,000","0,000","0,000"
10349273,ECT PAGOS CAMIOLO,BUENOS AIRES,1,N,2,"1,718","0,000","0,000","0,000"
11649378,ECT PAGOS CAMIOLO III,BUENOS AIRES,1,N,2,"3,431","0,490","0,000","0,000"
13049004,ECT PAGOS CESAR,BUENOS AIRES,1,N,2,"0,000","0,000","0,000","0,000"
7449205,ECT PAGOS CRISOL,BUENOS AIRES,1,N,2,"7,066","0,470","0,000","0,000"
12849456,ECT PAGOS II,BUENOS AIRES,1,N,2,"3,179","0,500","0,000","0,000"
12849701,ECT PAGOS LATORRE,BUENOS AIRES,1,N,2,"2,469","0,454","0,000","0,000"
12949095,ECT PAGOS LAVALLE,BUENOS AIRES,1,3.B,4,"1,454","0,000","0,000","6,000"
12849157,ECT PAGOS LOMAS,BUENOS AIRES,1,3.B,4,"3,988","0,904","0,000","8,867"
12849158,ECT PAGOS LOMAS II,BUENOS AIRES,1,3.B,4,"3,375","0,000","0,000","12,812"
12949079,ECT PAGOS LOMAS III,BUENOS AIRES,1,3.B,4,"4,130","0,828","0,000","4,899"
12849480,ECT PAGOS SERGIO V,BUENOS AIRES,1,2.A,3,"2,030","0,708","0,000","2,000"
12849628,ECT PALU,BUENOS AIRES,1,N,2,"6,011","0,574","0,000","0,000"
12849912,ECT PALU II,BUENOS AIRES,1,N,2,"0,852","0,000","0,000","0,000"
9749762,ECT PAN. DULZURAS ENTREMASAS,CORDOBA,1,5.D,6,"1,526","0,000","0,000","2,000"
12949431,ECT PANALERA JUPITER,BUENOS AIRES,1,4.C,4,"1,728","0,000","0,000","0,000"
12849761,ECT PAPELERA RP,BUENOS AIRES,1,1.VIP,2,"4,744","0,000","0,000","24,439"
13049441,ECT PAPER PLANET,BUENOS AIRES,1,N,2,"2,787","0,000","0,000","5,000"
13049064,ECT PAQUITO,RIO NEGRO,1,2.A,3,"3,366","0,000","0,000","7,832"
12949318,ECT PARADA DEL VIAJERO,CORDOBA,1,2.A,3,"2,528","0,000","0,000","2,460"
5349570,ECT PAYMENT 1,SANTA FE,1,N,2,"1,757","0,000","0,000","0,000"
12949375,ECT PAYMENT 2,SANTA FE,1,N,2,"0,000","0,000","0,000","0,000"
6749209,ECT PEDRAZA MARIA SOLEDAD,CAPITAL FEDERAL,1,3.B,4,"-0,291","0,000","0,000","3,695"
6949815,ECT PEQUES SENILLOSA,NEUQUEN,1,4.C,4,"-0,602","0,000","0,000","3,595"
6949829,ECT PIEDRALIBRE,SANTA FE,1,4.C,4,"0,490","0,000","0,000","2,698"
10049087,ECT PIOVANO TECH,CORDOBA,1,4.C,4,"-0,196","1,792","0,000","2,884"
12949473,ECT PLASTIPACK,SANTA FE,1,2.A,3,"2,820","0,000","0,000","5,000"
7649035,ECT PLAZA DE SUENOS,CORDOBA,1,N,2,"0,800","0,000","0,000","1,000"
13049240,ECT POLIRRUBRO LIBERTAD,BUENOS AIRES,1,2.A,3,"1,787","0,000","0,000","2,440"
12949537,ECT POLIRUBRO ALQUIMIA,BUENOS AIRES,1,4.C,4,"4,624","0,000","0,000","3,050"
12949373,ECT POLIRUBRO ARCO IRIS,BUENOS AIRES,1,3.B,4,"2,106","0,000","0,000","0,374"
12949344,ECT POLIRUBRO BIP STORE,BUENOS AIRES,1,N,2,"0,000","0,000","0,000","0,000"
12949342,ECT POLIRUBRO GUEMES,SAN LUIS,1,2.A,3,"4,110","1,846","0,000","5,648"
12949383,ECT POLIRUBRO LAS 12 HORAS,BUENOS AIRES,1,N,2,"0,000","0,000","0,000","0,000"
12849583,ECT POLIRUBRO MELANY,CAPITAL FEDERAL,1,2.A,3,"2,277","0,500","0,000","6,786"
12949250,ECT POLIRUBROS 2,CAPITAL FEDERAL,1,N,2,"0,912","0,910","0,000","0,000"
12949261,ECT POLIRUBROS 3,CAPITAL FEDERAL,1,2.A,3,"3,785","0,000","0,000","0,000"
12949256,ECT POLIRUBROS 7,CAPITAL FEDERAL,1,N,2,"1,025","0,646","0,000","0,000"
12949262,ECT POLIRUBROS 8,CAPITAL FEDERAL,1,N,2,"5,865","0,000","0,000","0,000"
12949221,ECT POLIRUBROS I,CAPITAL FEDERAL,1,2.A,3,"10,176","2,002","0,000","0,000"
10449067,ECT PROVEDURIA CASA BLANCA,NEUQUEN,1,N,2,"2,163","0,492","0,000","0,000"
10349281,ECT QUIMICA QUIROX,BUENOS AIRES,1,2.A,3,"5,631","0,870","0,000","6,326"
12649641,ECT QUINIELA LA SUERTE,CHACO,1,4.C,4,"-0,255","0,000","0,000","3,820"
12649648,ECT QUINIELA TIGER,CORDOBA,1,3.B,4,"0,652","0,000","0,000","2,637"
12649541,ECT RAGAZZI PAGOS,CAPITAL FEDERAL,1,1.VIP,2,"1,687","-1,112","0,000","5,251"
10349323,ECT RAMACAS,BUENOS AIRES,1,N,2,"5,965","0,842","0,000","0,000"
12949602,ECT REGALERIA MERCURIO,CORDOBA,1,5.D,6,"4,319","0,000","0,000","7,403"
6949804,ECT RENA-SERES,SANTA FE,1,2.A,3,"4,924","0,000","0,000","5,325"
12749321,ECT REY AV DE MAYO,BUENOS AIRES,1,N,2,"2,280","0,500","0,000","0,000"
12749333,ECT REY AV SAN MARTIN,BUENOS AIRES,1,N,2,"1,000","0,000","0,000","0,000"
12749319,ECT REY BELGRANO,BUENOS AIRES,1,N,2,"4,137","0,496","0,000","0,000"
12749318,ECT REY CEBALLOS,BUENOS AIRES,1,N,2,"4,594","0,500","0,000","0,000"
12749327,ECT REY EVA PERON,BUENOS AIRES,1,N,2,"0,854","0,000","0,000","0,000"
12749324,ECT REY FLORIDA,BUENOS AIRES,1,N,2,"2,375","0,496","0,000","0,000"
12749329,ECT REY IRIGOYEN,BUENOS AIRES,1,N,2,"4,380","0,500","0,000","0,000"
12749328,ECT REY MARQUEZ,BUENOS AIRES,1,N,2,"3,145","0,000","0,000","0,000"
12749325,ECT REY MATHEU,BUENOS AIRES,1,N,2,"4,528","0,432","0,000","0,000"
12749330,ECT REY OHIGGINS,BUENOS AIRES,1,N,2,"3,291","0,500","0,000","0,000"
12649530,ECT REY PARAGUAY,CAPITAL FEDERAL,1,N,2,"3,174","0,500","0,000","0,000"
12749326,ECT REY PENNA,BUENOS AIRES,1,N,2,"0,983","0,000","0,000","0,000"
12749322,ECT REY RIVADAVIA,BUENOS AIRES,1,N,2,"0,920","0,000","0,000","0,000"
12749323,ECT REY ROLON,BUENOS AIRES,1,2.A,3,"1,776","0,000","0,000","0,000"
12749320,ECT REY SAAVEDRA,BUENOS AIRES,1,N,2,"0,589","0,000","0,000","0,000"
12749331,ECT REY SAN MARTIN,BUENOS AIRES,1,N,2,"2,447","0,500","0,000","0,000"
12749336,ECT REY SERRANO,CAPITAL FEDERAL,1,N,2,"0,905","0,000","0,000","0,000"
12749335,ECT REY UGARTE 1,BUENOS AIRES,1,N,2,"0,620","0,000","0,000","0,000"
12749334,ECT REY UGARTE 2,BUENOS AIRES,1,N,2,"3,939","0,500","0,000","0,000"
11449173,ECT RINCON SMART,ENTRE RIOS,1,N,2,"0,000","0,000","0,000","0,000"
12649542,ECT SAMA II,BUENOS AIRES,1,2.A,3,"2,463","1,476","0,000","0,000"
12949209,ECT SAN CONO,RIO NEGRO,1,N,2,"2,719","0,000","0,000","2,000"
12649510,ECT SAN JORGE PET IX,BUENOS AIRES,1,4.C,4,"2,142","0,494","0,000","0,000"
8249175,ECT SAN JORGE PET VII,CAPITAL FEDERAL,1,1.VIP,2,"5,288","-0,518","0,000","3,678"
12649508,ECT SAN JORGE PET VIII,CAPITAL FEDERAL,1,N,2,"7,050","1,550","0,000","0,000"
12649509,ECT SAN JORGE PET X,BUENOS AIRES,1,3.B,4,"6,696","0,094","0,000","2,000"
11249039,ECT SAN JOSE MATERIALES Y,SANTA FE,1,3.B,4,"1,017","0,000","0,000","2,000"
7149123,ECT SANTA CRUZ COPIAS,SANTA CRUZ,1,1.VIP,2,"5,240","0,000","0,000","5,000"
11949956,ECT SANTA FE PAGOS,CAPITAL FEDERAL,1,N,2,"1,760","0,500","0,000","0,000"
10949066,ECT SANTARELLI SEGUROS GENERALES,MISIONES,1,N,2,"1,091","0,000","0,000","0,000"
12749202,ECT SEGUROS FALOTTICO,CAPITAL FEDERAL,1,N,2,"0,462","0,500","0,000","0,000"
9749745,ECT SERVICIOS ASESORIAS CARINA,MISIONES,1,5.D,6,"38,965","0,000","0,000","4,000"
12749176,ECT SERVICIOS BENAVIDEZ,BUENOS AIRES,1,2.A,3,"1,381","1,000","0,000","3,000"
12649420,ECT SERVICIOS CONSTITUYENTES,BUENOS AIRES,1,3.B,4,"1,210","0,000","0,000","1,000"
12749178,ECT SERVICIOS EL PALOMAR,BUENOS AIRES,1,2.A,3,"0,947","0,942","0,000","2,000"
7149116,ECT SERVICIOS EL TRIUNFO,CAPITAL FEDERAL,1,1.VIP,2,"7,833","0,000","0,000","2,874"
12949215,ECT SERVICIOS FRANCO,BUENOS AIRES,1,N,2,"2,993","1,156","0,000","1,000"
12849656,ECT SERVICIOS MITRE,MENDOZA,1,2.A,3,"4,125","0,760","0,000","13,541"
12749183,ECT SERVICIOS POINT,BUENOS AIRES,1,1.VIP,2,"4,780","2,326","0,000","0,467"
12849487,ECT SERVICIOS QUINTA SECCION,MENDOZA,1,N,2,"3,596","4,802","0,000","7,000"
7149101,ECT SERVICIOS SANTA ROSA POLA,CAPITAL FEDERAL,1,3.B,4,"2,834","10,782","0,000","2,928"
6749192,ECT SHOPPINGS MANIA,CHUBUT,1,4.C,4,"0,279","0,000","0,000","0,996"
12849991,ECT SIERRA,SALTA,1,N,2,"7,889","0,000","0,000","0,000"
12749490,ECT SOLUCIONES CAMPOS,BUENOS AIRES,1,1.VIP,2,"3,299","0,000","0,000","2,166"
12149199,ECT SOSPEL,SAN LUIS,1,2.A,3,"12,277","0,630","0,000","9,000"
12849728,ECT SR. KIOSQUERO 12 DE OCTUBRE,BUENOS AIRES,1,N,2,"4,560","0,000","0,000","0,000"
12849729,ECT SR. KIOSQUERO ALBERTI,BUENOS AIRES,1,N,2,"6,022","0,000","0,000","0,000"
12849736,ECT SR. KIOSQUERO COLON 2,BUENOS AIRES,1,N,2,"0,849","0,000","0,000","0,000"
12849731,ECT SR. KIOSQUERO CONSTITUCION,BUENOS AIRES,1,N,2,"0,341","0,000","0,000","0,000"
12849738,ECT SR. KIOSQUERO EDISON 1,BUENOS AIRES,1,N,2,"2,069","0,000","0,000","0,000"
13049079,ECT SR. KIOSQUERO FRANQ. FRAPEZA,BUENOS AIRES,1,N,2,"0,000","0,000","0,000","0,000"
12849990,ECT SR. KIOSQUERO FRANQ. TOMABU 1,BUENOS AIRES,1,N,2,"0,000","0,000","0,000","0,000"
12849989,ECT SR. KIOSQUERO FRANQ. TOMABU 2,BUENOS AIRES,1,N,2,"0,000","0,000","0,000","0,000"
12849732,ECT SR. KIOSQUERO GUEMES 1,BUENOS AIRES,1,N,2,"1,251","0,000","0,000","0,000"
12849730,ECT SR. KIOSQUERO GUEMES 2,BUENOS AIRES,1,N,2,"0,267","0,000","0,000","0,000"
12849734,ECT SR. KIOSQUERO INDEPENDENCIA,BUENOS AIRES,1,N,2,"0,418","0,000","0,000","0,000"
12849737,ECT SR. KIOSQUERO INDEPENDENCIA 2,BUENOS AIRES,1,N,2,"2,206","0,000","0,000","0,000"
12849727,ECT SR. KIOSQUERO OLAVARRIA 1,BUENOS AIRES,1,N,2,"0,218","0,000","0,000","0,000"
12849735,ECT SR. KIOSQUERO RIVADAVIA 3,BUENOS AIRES,1,N,2,"0,000","0,000","0,000","0,000"
12849739,ECT SR. KIOSQUERO RIVADAVIA 4,BUENOS AIRES,1,N,2,"0,000","0,000","0,000","0,000"
12649786,ECT SUBAGENCIA NEHUEN,MENDOZA,1,N,2,"1,613","-0,032","0,000","0,771"
12649667,ECT SUI AGENCIA 511,CAPITAL FEDERAL,1,1.VIP,2,"4,398","0,000","0,000","93,681"
9749710,ECT SUPER CARLITOS,CHUBUT,1,1.VIP,2,"1,775","-0,167","0,000","9,865"
12849835,ECT SUPER KIOSCO EPA,SANTA FE,1,N,2,"3,361","0,000","0,000","0,000"
5349605,ECT SUPERMERCADO MILI,SANTA FE,1,N,2,"1,389","0,000","0,000","3,000"
12849763,ECT SWEET GAIA,BUENOS AIRES,1,2.A,3,"3,611","0,848","0,000","0,000"
6349525,ECT TELECENTRO LA CALERA,CORDOBA,1,4.C,4,"0,883","0,000","0,000","1,000"
13049093,ECT TELECENTRO LAS LILAS,BUENOS AIRES,1,3.B,4,"0,391","0,000","0,000","13,748"
8949573,ECT TELECENTRO PEREZ,SANTA FE,1,2.A,3,"4,168","0,000","0,000","1,443"
12349072,ECT TELECENTRO TERMINAL,LA RIOJA,1,4.C,4,"0,169","0,000","0,000","0,000"
12849957,ECT TRU-LA KASCOTE,SANTA CRUZ,1,1.VIP,2,"2,049","0,000","0,000","1,637"
12949364,ECT UKRA BODOQUE 2,CAPITAL FEDERAL,1,N,2,"1,336","0,000","0,000","0,000"
6249123,ECT UNIVERSO II,BUENOS AIRES,1,N,2,"1,705","0,000","0,000","0,000"
12849713,ECT UP,TUCUMAN,1,N,2,"7,118","0,000","0,000","3,000"
12949313,ECT URKUPINA,CAPITAL FEDERAL,1,N,2,"0,000","0,848","0,000","0,000"
12749199,ECT USPALLATA,CAPITAL FEDERAL,1,4.C,4,"-0,262","-0,080","0,000","0,000"
12849514,ECT VENI Y PAGA I,BUENOS AIRES,1,1.VIP,2,"8,226","0,000","0,000","2,132"
5449576,ECT YO TE CIELO,ENTRE RIOS,1,2.A,3,"2,903","0,000","0,000","5,618"
12649557,ECT YOGSINA,CORDOBA,1,N,2,"0,000","0,000","0,000","0,000"
13049711,ECT ZONA VIRTUAL,BUENOS AIRES,1,5.D,6,"-0,253","-0,036","0,000","-0,145"
11749030,ECT-MUN PUNTO PAGO COLON 1,CORDOBA,1,N,2,"5,147","0,000","0,000","0,000"
8049411,EDEN,SANTIAGO DEL ESTERO,1,1.VIP,2,"1,739","-0,052","0,000","2,932"
12949165,EDRUGSTORE,CAPITAL FEDERAL,1,N,2,"3,174","0,250","0,000","0,000"
12949193,EDRUGSTORE INCAS,CAPITAL FEDERAL,1,N,2,"0,000","0,000","0,000","0,000"
12749520,EFECTIVO RAPIDO,NEUQUEN,1,5.D,6,"5,880","0,000","0,000","2,000"
8249218,EGUZKILORE,SANTA FE,1,5.D,6,"0,804","0,000","0,000","0,000"
5310000,EKI CASA CENTRAL,CAPITAL FEDERAL,1,N,2,"0,000","0,000","0,000","0,000"
12649287,EL 17,CHACO,1,N,2,"0,000","0,500","0,000","1,000"
12649115,EL 22,CORDOBA,1,4.C,4,"0,000","0,000","0,000","0,000"
12449991,EL 24,CORDOBA,1,4.C,4,"1,028","0,500","0,000","1,953"
13049042,EL ACHERAL,BUENOS AIRES,1,2.A,3,"8,003","0,000","0,000","3,371"
12049241,EL AGUANTE,CAPITAL FEDERAL,1,1.VIP,2,"10,576","3,272","0,000","3,984"
7249112,EL ALMACEN,BUENOS AIRES,1,N,2,"0,000","0,000","0,000","0,000"
12849959,EL ALMACEN,CORDOBA,1,3.B,4,"3,660","0,000","0,000","2,631"
9749945,EL ALMACEN DE PITA,ENTRE RIOS,1,5.D,6,"-0,008","0,000","0,000","-0,001"
12749518,EL AMIGO PAGOS,BUENOS AIRES,1,4.C,4,"1,293","0,000","0,000","2,000"
11949011,EL ANGEL,BUENOS AIRES,1,N,2,"0,000","0,000","0,000","0,000"
11949055,EL ANGEL DORADO,BUENOS AIRES,1,3.B,4,"4,252","0,404","0,000","13,000"
13049529,EL ARCANGEL,CORDOBA,1,N,2,"0,000","0,000","0,000","0,000"
12149279,EL ARCO (SOLO PEI),NEUQUEN,1,N,2,"-0,014","0,000","0,000","-0,026"
9749451,EL ARTESANO,SANTA CRUZ,1,4.C,4,"0,954","0,990","0,000","2,996"
13049434,EL ARTISTA,BUENOS AIRES,1,N,2,"1,121","0,000","0,000","2,861"
6949820,EL ATENEO,SANTA FE,1,2.A,3,"6,311","0,000","0,000","0,000"
12649734,EL AZAR AGENCIA,CHACO,1,N,2,"0,000","0,000","0,000","0,000"
6149535,EL BALCON I,CORDOBA,1,4.C,4,"1,350","1,000","0,000","2,000"
7249222,EL BAZAR DE LA NONA,JUJUY,1,5.D,6,"0,000","0,000","0,000","0,000"
11949480,EL BOCHI,BUENOS AIRES,1,2.A,3,"4,491","0,337","0,000","1,328"
12149251,EL BODEGON DE LA QUINTA,CORDOBA,1,N,2,"-0,045","0,000","0,000","-0,031"
12149276,EL BOYERO (SOLO PEI),LA PAMPA,1,N,2,"-0,079","0,000","0,000","0,846"
12149070,EL BUEN GUSTO,CHACO,1,N,2,"0,889","0,000","0,000","0,000"
6149682,EL BUEN SABOR,SANTA FE,1,5.D,6,"0,000","0,000","0,000","0,000"
11949950,EL BUNKER,BUENOS AIRES,1,2.A,3,"2,493","0,568","0,000","1,000"
12649699,EL CABURE,NEUQUEN,1,4.C,4,"3,511","0,000","0,000","6,000"
12049956,EL CAFE DE LAS ESTRELLAS,CORDOBA,1,N,2,"1,000","0,000","0,000","0,000"
B3436,EL CALDEN TURISMO,BUENOS AIRES,1,5.D,6,"1,812","0,000","0,000","0,000"
20515,EL CALLAO WALLET,CAPITAL FEDERAL,1,N,2,"0,000","0,000","0,000","0,000"
9749717,EL CAPATAZ,SANTA FE,1,N,2,"1,073","0,000","0,000","0,000"
13049616,EL CAPITAN MARKET,SANTA FE,1,N,2,"0,987","0,000","0,000","0,000"
12449335,EL CAPU,BUENOS AIRES,1,3.B,4,"9,459","0,000","0,000","2,424"
13049069,EL CARA,SANTA FE,1,3.B,4,"2,258","0,000","0,000","5,000"
6949696,EL CARACOL,CORDOBA,1,4.C,4,"0,049","0,080","0,000","5,793"
12949139,EL CARRITO DE LA LIMPIEZA,MENDOZA,1,3.B,4,"5,346","0,496","0,000","2,082"
12449033,EL CATA,CORDOBA,1,4.C,4,"1,848","0,000","0,000","2,821"
13049815,EL CHANGO,BUENOS AIRES,1,N,2,"0,705","0,000","0,000","0,000"
13049816,EL CHANGO 2,BUENOS AIRES,1,N,2,"-0,185","-0,010","0,000","-0,087"
12649267,EL CHINGOLO,CORDOBA,1,4.C,4,"0,420","0,000","0,000","7,758"
12649513,EL CHINO DE LA SUERTE,SANTA FE,1,N,2,"2,069","0,178","0,000","0,000"
10449052,EL CHOIQUE,BUENOS AIRES,1,N,2,"0,000","0,000","0,000","0,000"
12649700,EL CHUECO DE LA SUERTE,CORDOBA,1,5.D,6,"10,598","0,000","0,000","3,278"
12949743,EL CHUECO DE LA SUERTE COMMODO VEA,CORDOBA,1,5.D,6,"7,806","-1,236","0,000","6,020"
9849214,EL CLUB DE MASCOTAS,CATAMARCA,1,4.C,4,"0,000","0,000","0,000","1,000"
12949186,EL CLUB DEL PRECIO,RIO NEGRO,1,4.C,4,"1,710","0,000","0,000","0,919"
12449391,EL CODO DE KUANIP,TIERRA DEL FUEGO,1,3.B,4,"0,321","1,921","0,000","3,000"
9849311,EL COLO,FORMOSA,1,5.D,6,"0,000","0,000","0,000","0,000"
12649668,EL COLO 22,CORDOBA,1,5.D,6,"-0,050","0,000","0,000","-0,010"
12949501,EL CONDOR,SAN LUIS,1,5.D,6,"0,971","1,000","0,000","1,000"
8649112,EL CORDOBE PANADERIAS,CAPITAL FEDERAL,1,N,2,"3,849","0,420","0,000","0,000"
12949510,EL CRACK MAXIKIOSCO,CAPITAL FEDERAL,1,4.C,4,"-0,263","1,561","0,000","2,894"
9749177,EL CRIOLLO ALMACEN,NEUQUEN,1,2.A,3,"2,976","1,534","0,000","5,598"
13049625,EL CUMPA 1,CORRIENTES,1,N,2,"2,854","0,000","0,000","0,000"
13049623,EL CUMPA 2,CORRIENTES,1,5.D,6,"0,000","0,000","0,000","0,000"
13049624,EL CUMPA 3,CORRIENTES,1,5.D,6,"0,000","0,000","0,000","0,000"
8249225,EL DORADO TRAVEL WAY,CAPITAL FEDERAL,1,5.D,6,"6,114","0,000","0,000","12,718"
12949717,EL DORADO TRAVEL WAY 2,CAPITAL FEDERAL,1,N,2,"1,214","-0,625","0,000","1,726"
13049725,EL DRUGSTORE,ENTRE RIOS,1,N,2,"-0,071","-0,050","0,000","-0,003"
6949654,EL ENEMIGO PAGOS,BUENOS AIRES,1,N,2,"2,297","1,434","0,000","8,000"
12649690,EL ESCOLAZO,CORDOBA,1,5.D,6,"0,000","0,000","0,000","1,000"
6949603,EL ESTUDIANTE,FORMOSA,1,2.A,3,"0,630","-0,080","0,000","2,880"
13049098,EL ESTUDIANTE,SANTA CRUZ,1,4.C,4,"1,293","0,000","0,000","4,777"
6949569,EL ESTUDIANTE RIO MAYO,CHUBUT,1,4.C,4,"-0,309","0,798","0,000","0,828"
9749478,EL FARO,CORDOBA,1,4.C,4,"1,284","0,888","0,000","6,000"
12849997,EL FAROLITO,BUENOS AIRES,1,N,2,"4,505","0,000","0,000","0,000"
6949780,EL FLACO JULIO,SAN LUIS,1,3.B,4,"1,194","-0,022","0,000","3,879"
6149540,EL FONDO,MENDOZA,1,N,2,"11,000","2,986","0,000","0,000"
7949088,EL FRANCES HELADERIA,MISIONES,1,4.C,4,"1,454","0,000","0,000","3,936"
11949672,EL GALLO CLAUDIO,CAPITAL FEDERAL,1,1.VIP,2,"4,049","1,098","0,000","2,652"
6949784,EL GALLO CLAUDIO II,BUENOS AIRES,1,2.A,3,"4,000","0,574","0,000","3,070"
7749032,EL GALPON DE JUANA,CHUBUT,1,5.D,6,"-0,070","0,000","0,000","-0,028"
12649755,EL GANADOR II,SAN JUAN,1,N,2,"-0,063","0,000","0,000","-0,040"
12849317,EL GARAGE,BUENOS AIRES,1,4.C,4,"-0,484","1,000","0,000","4,789"
6149702,EL GARAGE AUTOSERVICIO,MISIONES,1,5.D,6,"0,000","0,000","0,000","0,000"
9749531,EL GARAGE DE FRIDA,BUENOS AIRES,1,4.C,4,"1,381","0,000","0,000","2,833"
7449047,EL GARAGE PEHUAJO,BUENOS AIRES,1,N,2,"0,000","0,000","0,000","0,000"
12649265,EL GATO QUINIELA,CORDOBA,1,2.A,3,"2,762","1,000","0,000","4,496"
12649720,EL GAUCHITO,SANTA FE,1,2.A,3,"9,118","0,000","0,000","6,116"
12449913,EL GAUCHO II,SALTA,1,3.B,4,"-0,291","0,000","0,000","3,864"
5349561,EL GIGANTE DEL SAN MARTIN,CORDOBA,1,N,2,"38,914","0,000","0,000","0,000"
9749700,EL GRINGO,CHACO,1,2.A,3,"0,997","0,700","0,000","0,866"
6949877,EL GRINGO,CORRIENTES,1,4.C,4,"-0,141","0,000","0,000","1,899"
6149424,EL GRINGO 1,CORRIENTES,1,N,2,"0,651","0,000","0,000","0,000"
12649657,EL GRINGO II,CHACO,1,4.C,4,"0,000","0,000","0,000","0,000"
12749463,EL GRINGUITO,CHACO,1,5.D,6,"0,000","0,000","0,000","1,000"
12449309,EL HACHERITO,SANTIAGO DEL ESTERO,1,2.A,3,"1,519","-0,038","0,000","4,640"
13049268,EL HIJO DE PEDRO,BUENOS AIRES,1,4.C,4,"-0,441","0,000","0,000","2,643"
8649118,EL HORNITO REPOSTELERO,MENDOZA,1,2.A,3,"3,385","0,000","0,000","15,000"
8449008,EL JARDIN CELESTE,CORDOBA,1,2.A,3,"6,345","0,000","0,000","5,811"
13049490,EL KIOSCO DE FELIPA,CAPITAL FEDERAL,1,N,2,"1,028","0,000","0,000","2,955"
12049932,EL KIOSCO DE SILVIA,BUENOS AIRES,1,N,2,"0,887","0,000","0,000","0,000"
9749370,EL LECHON SONRIENTE,BUENOS AIRES,1,4.C,4,"0,636","0,704","0,000","4,596"
12949037,EL LIBANES,TUCUMAN,1,N,2,"4,706","0,500","0,000","1,000"
12449876,EL LOCAL,ENTRE RIOS,1,N,2,"0,000","0,000","0,000","0,000"
12949707,EL LOCO DE LA LIMPIEZA,CORDOBA,1,5.D,6,"-0,103","-0,022","0,000","-0,111"
12649219,EL MAGO,SAN LUIS,1,1.VIP,2,"9,422","0,616","0,000","8,000"
12849183,EL MAGO 2,SAN LUIS,1,N,2,"1,461","1,010","0,000","1,000"
12649149,EL MAGO DE LA SUERTE,CORDOBA,1,2.A,3,"3,475","0,000","0,000","7,360"
13049295,EL MERCADITO,BUENOS AIRES,1,5.D,6,"5,947","0,000","0,000","2,000"
9749692,EL MERCADITO DE PAULI,SANTA FE,1,N,2,"4,510","0,000","0,000","0,000"
12949751,EL MERCADO,CAPITAL FEDERAL,1,N,2,"-0,071","-0,190","0,000","-0,009"
7549841,EL MEXICANITO,RIO NEGRO,1,N,2,"1,084","0,480","0,000","0,000"
10349135,EL MEXICANITO II,RIO NEGRO,1,2.A,3,"9,544","0,072","0,000","0,000"
12849462,EL MEXICANITO III,RIO NEGRO,1,N,2,"22,155","0,224","0,000","0,000"
12649775,EL MILAGRO,JUJUY,1,5.D,6,"5,027","0,000","0,000","4,273"
12649455,EL MILAGRO DE EL MOJON,SANTIAGO DEL ESTERO,1,3.B,4,"-0,095","1,000","0,000","5,689"
12149170,EL MILENIO II,BUENOS AIRES,1,4.C,4,"-0,050","0,366","0,000","1,000"
7849077,EL MILO,CORDOBA,1,4.C,4,"-0,332","-0,016","0,000","7,681"
10349436,EL MONUMENTAL,CAPITAL FEDERAL,1,5.D,6,"3,000","0,000","0,000","4,000"
12849450,EL NARANJO,CORDOBA,1,1.VIP,2,"7,095","0,402","0,000","27,141"
11949153,EL NAVEGANTE,CHACO,1,2.A,3,"0,913","0,242","0,000","2,961"
8249071,EL NAZARENO,SALTA,1,1.VIP,2,"4,582","1,052","0,000","4,828"
9749443,EL NEGRITO,CORDOBA,1,N,2,"0,000","0,000","0,000","0,000"
12649357,EL NEGRO,CHACO,1,N,2,"0,179","0,500","0,000","1,000"
8749316,EL NINJA,SALTA,1,3.B,4,"3,098","2,658","0,000","1,000"
11949151,EL NONO,SANTA FE,1,1.VIP,2,"2,850","0,322","0,000","1,316"
9749596,EL NUEVO ALMACEN,BUENOS AIRES,1,N,2,"3,057","0,492","0,000","0,000"
12649408,EL NUMERAZO,BUENOS AIRES,1,3.B,4,"3,537","1,000","0,000","3,000"
13049097,EL OBRERO,SANTA CRUZ,1,N,2,"0,000","0,000","0,000","0,000"
13049655,EL OLIVO,SAN JUAN,1,N,2,"0,000","0,000","0,000","0,000"
12649708,EL PACHA,SAN LUIS,1,1.VIP,2,"9,577","0,000","0,000","4,217"
12949755,EL PAGO LA PRIDA,BUENOS AIRES,1,N,2,"5,900","-0,020","0,000","3,942"
13049826,EL PAIS DE LAS GALLETITAS,BUENOS AIRES,1,N,2,"-0,346","-0,026","0,000","-0,293"
9749357,EL PAISA,BUENOS AIRES,1,5.D,6,"0,239","0,438","0,000","0,000"
12649507,EL PALPITO II,CAPITAL FEDERAL,1,N,2,"0,218","0,438","0,000","0,000"
13049159,EL PARADOR,BUENOS AIRES,1,2.A,3,"5,420","0,000","0,000","3,597"
8249087,EL PARQUE,BUENOS AIRES,1,2.A,3,"4,845","0,000","0,000","3,698"
12849434,EL PASEO REGALERIA,BUENOS AIRES,1,N,2,"0,291","0,270","0,000","0,000"
12649273,EL PASO,SANTA FE,1,N,2,"2,824","0,500","0,000","0,000"
12849717,EL PATO,BUENOS AIRES,1,N,2,"1,815","0,938","0,000","0,000"
13049843,EL PATO,BUENOS AIRES,1,N,2,"-0,001","-0,010","0,000","0,000"
12649580,EL PATRON DE LA SUERTE,CHACO,1,1.VIP,2,"2,408","0,000","0,000","4,720"
12649685,EL PATRON DE LA SUERTE 3,CHACO,1,4.C,4,"4,034","-0,161","0,000","6,586"
12649800,EL PATRON DE LA SUERTE 4,CHACO,1,5.D,6,"-0,043","-0,028","0,000","-0,012"
9749360,EL PEYUCO,MENDOZA,1,4.C,4,"-0,309","0,000","0,000","-0,189"
12849682,EL PIONERO,BUENOS AIRES,1,1.VIP,2,"3,439","11,058","0,000","1,000"
9749625,EL PLUMERITO,ENTRE RIOS,1,2.A,3,"1,638","-0,016","0,000","11,643"
12149219,EL PLUMERITO II,ENTRE RIOS,1,4.C,4,"1,183","0,000","0,000","1,857"
6349521,EL POINT,BUENOS AIRES,1,5.D,6,"0,000","0,000","0,000","0,000"
12449826,EL POINT,BUENOS AIRES,1,N,2,"0,261","0,000","0,000","0,000"
9749699,EL POLACO,SALTA,1,1.VIP,2,"2,937","-0,204","0,000","2,101"
12949502,EL POLIRRUBRO,ENTRE RIOS,1,4.C,4,"-0,070","0,000","0,000","-0,012"
7249099,EL PORTAL,BUENOS AIRES,1,4.C,4,"2,438","0,000","0,000","1,000"
13049447,EL PORTAL,CORDOBA,1,N,2,"-0,055","0,000","0,000","1,952"
11449113,EL PORTAL INFORMATICA,BUENOS AIRES,1,2.A,3,"2,443","-0,012","0,000","1,454"
7449210,EL POTRERO INDUMENTARIA,BUENOS AIRES,1,N,2,"2,074","0,384","0,000","0,000"
12849640,EL PRECIO JUSTO (SOLO PEI),NEUQUEN,1,N,2,"3,954","0,500","0,000","0,000"
12849887,EL PRINCIPITO,BUENOS AIRES,1,1.VIP,2,"6,784","0,000","0,000","6,000"
12949543,EL PRINCIPITO POLIRRUBRO,SANTA FE,1,5.D,6,"-0,124","0,000","0,000","-0,139"
12849829,EL PROFE,CHACO,1,1.VIP,2,"2,809","0,000","0,000","0,482"
5249113,EL PROGRESO,BUENOS AIRES,1,3.B,4,"3,038","0,404","0,000","7,000"
9949032,EL PUMA,BUENOS AIRES,1,2.A,3,"1,818","0,974","0,000","0,000"
13049175,EL PUMA 2,BUENOS AIRES,1,N,2,"5,964","0,000","0,000","0,000"
13049677,EL PUNTO (SOLO PEI),CHUBUT,1,5.D,6,"0,000","0,000","0,000","0,000"
12649737,EL QUERUBIN,CORDOBA,1,N,2,"0,560","0,000","0,000","2,000"
12849542,EL RAFA,FORMOSA,1,N,2,"3,926","0,500","0,000","0,000"
11949933,EL RAFA,MISIONES,1,2.A,3,"1,347","0,170","0,000","1,652"
13049834,EL RANCHO (SOLO PEI),SALTA,1,N,2,"-0,025","0,000","0,000","-0,020"
7649029,EL RANCHO ARTESANIAS,ENTRE RIOS,1,4.C,4,"2,731","0,000","0,000","3,000"
12049194,EL REFUGIO PLAY,SANTIAGO DEL ESTERO,1,1.VIP,2,"4,557","1,274","0,000","1,274"
12049711,EL REGALON,NEUQUEN,1,4.C,4,"-0,368","0,000","0,000","9,644"
12449984,EL RENUEVO,MENDOZA,1,N,2,"0,669","0,000","0,000","0,000"
12949115,EL REY DAVID,BUENOS AIRES,1,2.A,3,"4,542","0,000","0,000","5,676"
10249688,EL REY DE LA SUERTE 12,BUENOS AIRES,1,2.A,3,"2,450","1,155","0,000","0,000"
6149377,EL REY MATIENZO,CAPITAL FEDERAL,1,N,2,"0,000","3,115","0,000","0,000"
12149233,EL RINCON,JUJUY,1,N,2,"0,000","0,000","0,000","2,000"
5549040,EL RINCON DE CATALINA,FORMOSA,1,5.D,6,"1,593","-0,246","0,000","0,000"
9749116,EL RINCON DEL DUENDE II,SANTA FE,1,N,2,"0,000","0,000","0,000","0,000"
7649034,EL RINCONCITO DE JAZMIN,FORMOSA,1,5.D,6,"-0,039","0,000","0,000","0,000"
12649744,EL RINCONCITO DE MARIEL,CORDOBA,1,5.D,6,"-0,081","0,000","0,000","-0,040"
7449175,EL ROPERITO DE INDI,SANTIAGO DEL ESTERO,1,4.C,4,"0,376","-0,010","0,000","4,927"
11949522,EL SHOPPING DE LA LIMPIEZA,CORDOBA,1,2.A,3,"2,123","0,000","0,000","2,367"
12849407,EL SHUK,SANTA FE,1,N,2,"2,703","1,572","0,000","0,000"
12749623,EL SIGLO,RIO NEGRO,1,5.D,6,"5,775","0,000","0,000","3,901"
7049773,EL SITIO DE PUEYRREDON,CAPITAL FEDERAL,1,3.B,4,"2,247","-0,050","0,000","1,524"
9749468,EL SOL,CORDOBA,1,N,2,"0,000","0,000","0,000","0,000"
12449101,EL SOL,CORRIENTES,1,1.VIP,2,"3,662","3,198","0,000","3,494"
12649154,EL SUENO,CHACO,1,4.C,4,"0,463","0,000","0,000","4,000"
12949520,EL SULTAN,CAPITAL FEDERAL,1,3.B,4,"7,712","2,000","0,000","9,000"
12949521,EL SULTAN II,BUENOS AIRES,1,4.C,4,"10,651","0,000","0,000","13,371"
12949588,EL SULTAN III,BUENOS AIRES,1,5.D,6,"11,546","0,000","0,000","56,000"
9749869,EL SUPER DE LAS GOLOSINAS,CORRIENTES,1,5.D,6,"0,000","0,000","0,000","0,000"
13049586,EL TATA,SANTIAGO DEL ESTERO,1,N,2,"0,872","0,000","0,000","0,000"
12649221,EL TATANE,CHACO,1,4.C,4,"5,489","0,000","0,000","2,000"
13049225,EL TERKITO,ENTRE RIOS,1,5.D,6,"0,000","0,000","0,000","0,000"
9749355,EL TONEL,RIO NEGRO,1,4.C,4,"2,545","0,634","0,000","4,703"
12649752,EL TORITO,CHACO,1,5.D,6,"-0,096","0,000","0,000","0,000"
12649794,EL TREBOL,CORDOBA,1,N,2,"5,774","0,000","0,000","3,938"
12149270,EL TREBOL,RIO NEGRO,1,5.D,6,"10,458","-0,098","0,000","6,501"
12649579,EL TREBOL 7,CAPITAL FEDERAL,1,3.B,4,"0,137","3,890","0,000","0,000"
12649307,EL TREBOL DE LA SUERTE,CATAMARCA,1,4.C,4,"1,134","0,500","0,000","4,923"
11649396,EL TREN DE LA AVENTURA,BUENOS AIRES,1,5.D,6,"0,000","0,000","0,000","0,000"
12649760,EL TROPEZON,SANTA FE,1,5.D,6,"-0,203","0,000","0,000","-0,089"
6949552,EL TUCU,BUENOS AIRES,1,5.D,6,"-0,118","0,000","0,000","-0,013"
12849091,EL TUNEL,BUENOS AIRES,1,N,2,"3,582","1,506","0,000","2,000"
6649044,EL TURCO,SANTA CRUZ,1,N,2,"0,940","0,000","0,000","0,000"
13049522,EL TURCO 2,CORDOBA,1,N,2,"1,041","0,000","0,000","2,727"
13049730,EL TURCO 24 HS,CORDOBA,1,N,2,"0,373","-0,016","0,000","1,816"
6649051,EL TURCO 28 DE NOVIEMBRE,SANTA CRUZ,1,5.D,6,"0,174","0,960","0,000","1,000"
6649050,EL TURCO RIO TURBIO,SANTA CRUZ,1,5.D,6,"0,841","0,872","0,000","0,000"
12949727,EL TURCO VERDULERIA,CORDOBA,1,5.D,6,"-0,300","-0,042","0,000","-0,253"
13049679,EL ZORZAL(SOLO PEI),RIO NEGRO,1,N,2,"-0,001","0,000","0,000","-0,001"
6149696,ELASKAR AUTOSERVICIO,MENDOZA,1,5.D,6,"2,017","0,000","0,000","2,000"
8149668,ELDAHUK & ASOCIADOS,RIO NEGRO,1,5.D,6,"0,732","0,000","0,000","3,863"
6949717,ELDIS,BUENOS AIRES,1,N,2,"0,000","0,000","0,000","0,000"
13049350,ELDO III,MISIONES,1,5.D,6,"-0,039","0,000","0,000","-0,037"
5449488,ELECTRICA BELGRANO,LA PAMPA,1,N,2,"1,379","0,000","0,000","0,000"
10049063,ELECTRICIDAD Y PLOMERIA JOSE C PAZ,BUENOS AIRES,1,2.A,3,"5,521","0,618","0,000","6,000"
11449171,ELECTRO CELL,MENDOZA,1,5.D,6,"1,612","0,000","0,000","3,797"
11449172,ELECTRO CELL II,MENDOZA,1,N,2,"0,062","0,000","0,000","2,880"
11449178,ELECTRO CELL III,MENDOZA,1,5.D,6,"-0,124","0,000","0,000","-0,070"
10049096,ELECTRO CITY,CORDOBA,1,5.D,6,"0,827","0,000","0,000","2,000"
11249037,ELECTRO EMPALME,CORDOBA,1,3.B,4,"11,770","0,000","0,000","10,572"
5449612,ELECTRO HOGAR CHACO,CHACO,1,N,2,"-0,033","-0,026","0,000","-0,013"
5449610,ELECTRO HOGAR ITATI,FORMOSA,1,5.D,6,"-0,088","0,000","0,000","0,000"
6749099,ELECTRO PLAST,CORDOBA,1,4.C,4,"-0,123","0,000","0,000","0,892"
10049132,ELECTRO SHOP 1,CHACO,1,5.D,6,"-0,051","0,000","0,000","0,000"
10049133,ELECTRO SHOP 2,CHACO,1,5.D,6,"0,000","0,000","0,000","0,000"
10049146,ELECTRO ZONA,LA RIOJA,1,N,2,"5,848","-0,012","0,000","3,982"
10049054,ELECTROBELGRANO,ENTRE RIOS,1,N,2,"2,395","2,092","0,000","0,000"
11949658,ELECTROCOM,FORMOSA,1,4.C,4,"-0,265","0,000","0,000","0,807"
10349470,ELECTROFEDE,CAPITAL FEDERAL,1,N,2,"0,000","0,000","0,000","0,000"
10049114,ELECTROFEM,CAPITAL FEDERAL,1,N,2,"0,000","0,000","0,000","0,000"
10049033,ELECTROILUMINACION DEL SUR,RIO NEGRO,1,2.A,3,"5,067","0,565","0,000","6,000"
11549007,ELECTRONICO,ENTRE RIOS,1,1.VIP,2,"3,402","2,070","1,000","3,150"
11549005,ELECTROTOTAL,CAPITAL FEDERAL,1,N,2,"0,012","0,000","0,000","0,000"
11649398,ELEVEN TECNOLOGIA,BUENOS AIRES,1,5.D,6,"-0,072","-0,040","0,000","-0,030"
6349514,ELEVEN TECNOLOGIA,BUENOS AIRES,1,N,2,"1,675","0,000","0,000","0,000"
12949488,ELIGER,SAN JUAN,1,4.C,4,"0,000","0,000","0,000","0,000"
12749152,ELIMAR,BUENOS AIRES,1,N,2,"0,000","0,000","0,000","0,000"
7049988,ELLIANE,CAPITAL FEDERAL,1,1.VIP,2,"2,441","1,000","0,000","0,449"
7149094,ELORZA Y LAS VIAS,SANTA FE,1,N,2,"0,000","0,000","0,000","0,000"
11949202,EMA PC,ENTRE RIOS,1,4.C,4,"-0,053","1,525","0,000","2,927"
12449878,EMANUEL,SALTA,1,2.A,3,"1,804","0,000","0,000","2,651"
10849081,EMBRAGUES SUR,BUENOS AIRES,1,N,2,"0,000","0,000","0,000","1,000"
12349028,EMILIO CASTRO,CAPITAL FEDERAL,1,1.VIP,2,"11,306","1,578","0,000","6,000"
10049112,EMPALME LEE,SANTA FE,1,4.C,4,"-0,219","0,000","0,000","0,938"
8749170,EMPALME LEE,SANTA FE,1,N,2,"0,567","0,000","0,000","0,000"
10049086,ENCENDIDO RIVADAVIA,CORRIENTES,1,N,2,"0,000","0,000","0,000","0,000"
10049038,ENCHULATE ACCESORIOS,CORDOBA,1,3.B,4,"-0,144","0,752","0,000","2,561"
12849263,ENCHULATE ACCESORIOS II,CORDOBA,1,4.C,4,"-0,102","0,000","0,000","2,701"
9949044,ENCOLEPAC,BUENOS AIRES,1,3.B,4,"2,269","0,000","0,000","10,000"
12649651,ENGLER PAGOS,CAPITAL FEDERAL,1,N,2,"0,000","0,000","0,000","0,000"
12649652,ENGLER PAGOS II,CAPITAL FEDERAL,1,N,2,"0,000","0,000","0,000","0,000"
12649653,ENGLER PAGOS III,CAPITAL FEDERAL,1,4.C,4,"0,000","0,000","0,000","4,000"
10449074,ENRIQUE MAZO VENTA Y ASESORAMIENTO,CHACO,1,4.C,4,"3,857","0,000","0,000","0,989"
7449253,ENSUENOS,BUENOS AIRES,1,4.C,4,"8,838","0,000","0,000","6,667"
12949164,ENTERPRISE SOLUCIONES TECNOLOGICAS,BUENOS AIRES,1,N,2,"3,000","0,000","0,000","0,000"
12949525,ENVIARG,CAPITAL FEDERAL,1,3.B,4,"-0,410","0,000","0,000","-0,051"
12949526,ENVIARG II,CAPITAL FEDERAL,1,5.D,6,"0,000","0,000","0,000","0,000"
12949527,ENVIARG III,CAPITAL FEDERAL,1,4.C,4,"4,190","0,000","0,000","14,674"
12949560,ENVIARG IV,CAPITAL FEDERAL,1,4.C,4,"5,344","0,000","0,000","3,372"
12949712,ENVIARG ROSARIO,SANTA FE,1,5.D,6,"-0,028","0,000","0,000","0,000"
9749613,EPN ALMACEN GUSTAVO,BUENOS AIRES,1,3.B,4,"4,589","0,280","0,000","11,000"
5349501,EPN AUTOSERVICIO EL GORDO,BUENOS AIRES,1,5.D,6,"2,459","0,476","0,000","3,864"
6449465,EPN CAMARA COM E IND TRISTAN SUAREZ,BUENOS AIRES,1,4.C,4,"0,931","0,000","0,000","1,949"
7749021,EPN CAMARA DE COMERCIO DE JOSE M. EZEIZA,BUENOS AIRES,1,2.A,3,"0,913","0,000","0,000","3,000"
12849309,EPN CASA JUANCITO,BUENOS AIRES,1,2.A,3,"3,837","-0,471","0,000","1,341"
6949797,EPN CENTRO DE COBRO KRONOS,BUENOS AIRES,1,1.VIP,2,"4,416","0,000","0,000","2,190"
12949014,EPN DOBLE CLICK,BUENOS AIRES,1,4.C,4,"1,462","0,860","0,000","5,894"
12949245,EPN EL BOSQUE,BUENOS AIRES,1,N,2,"0,849","0,418","0,000","0,000"
12249244,EPN E-RING,BUENOS AIRES,1,4.C,4,"3,842","0,394","0,000","7,000"
11149093,EPN ESTUDIO JURIDICO MS,BUENOS AIRES,1,2.A,3,"23,543","0,000","0,000","25,164"
11149094,EPN ESTUDIO JURIDICO MS II,BUENOS AIRES,1,3.B,4,"2,618","0,000","0,000","0,512"
9149111,EPN EUROPAGOS,CAPITAL FEDERAL,1,1.VIP,2,"2,033","2,541","0,000","1,460"
12249229,EPN EVE ZONA PC,BUENOS AIRES,1,2.A,3,"3,994","1,522","0,000","0,000"
8249159,EPN F A VIAJES,BUENOS AIRES,1,N,2,"2,658","0,468","0,000","0,000"
11949981,EPN GEMY,BUENOS AIRES,1,4.C,4,"-0,276","-0,018","0,000","3,658"
9449051,EPN GRAFICA DEL OESTE,BUENOS AIRES,1,N,2,"0,499","0,000","0,000","0,000"
7149111,EPN GRUPO AERONET,BUENOS AIRES,1,N,2,"9,208","1,906","0,000","0,000"
12949238,EPN KIOSCO GALILEO,BUENOS AIRES,1,N,2,"0,000","0,000","0,000","0,000"
12949294,EPN KIOSCO VALABY,BUENOS AIRES,1,1.VIP,2,"2,906","0,000","0,000","18,332"
12949439,EPN KIOSCO VIOLETA,BUENOS AIRES,1,4.C,4,"-0,052","0,000","0,000","3,612"
12649348,EPN LA SONADORA II,BUENOS AIRES,1,N,2,"5,712","0,578","0,000","0,000"
12649351,EPN LA SONADORA III,BUENOS AIRES,1,N,2,"4,234","0,492","0,000","0,000"
6949887,EPN LIBRERIA COPY AR,BUENOS AIRES,1,4.C,4,"7,422","0,000","0,000","2,000"
12949077,EPN LIBRERIA MARIA LAURA,BUENOS AIRES,1,4.C,4,"-0,184","0,500","0,000","1,970"
6949710,EPN LIBRERIA YAMAL,BUENOS AIRES,1,4.C,4,"2,508","0,710","0,000","0,000"
12949162,EPN LOS HERMANOS,BUENOS AIRES,1,N,2,"1,848","0,000","0,000","0,000"
11149081,EPN M Y G,BUENOS AIRES,1,5.D,6,"1,719","0,410","0,000","-0,010"
10349254,EPN MARIO BRAVO,BUENOS AIRES,1,2.A,3,"5,029","1,933","0,000","5,895"
12849438,EPN MAXIKIOSCO SERVICIOS 3,BUENOS AIRES,1,N,2,"0,889","0,295","0,000","0,000"
10449072,EPN MERCADITO LA VIVI,BUENOS AIRES,1,2.A,3,"1,404","-0,044","0,000","11,174"
9849234,EPN MINIMERCADO CHICHO QUILMES,BUENOS AIRES,1,1.VIP,2,"3,250","0,000","0,000","2,728"
12749130,EPN NORTH CASH 1,BUENOS AIRES,1,5.D,6,"0,000","0,740","0,000","4,000"
12749129,EPN NORTH CASH 2,BUENOS AIRES,1,4.C,4,"0,686","0,686","0,000","4,000"
12749131,EPN NORTH CASH 3,BUENOS AIRES,1,5.D,6,"1,804","2,036","0,000","0,863"
7849088,EPN PAGOS MILO,BUENOS AIRES,1,1.VIP,2,"4,504","-0,034","0,000","49,644"
11949969,EPN PAGOS SAN VICENTE,BUENOS AIRES,1,N,2,"4,132","1,002","0,000","0,000"
12949009,EPN PAGOS TIMOTEO,BUENOS AIRES,1,N,2,"3,985","0,500","0,000","0,000"
12149154,EPN PANALERA ACATOY,BUENOS AIRES,1,2.A,3,"2,497","0,000","0,000","3,011"
6949927,EPN PASEO DEL COLEGIO,BUENOS AIRES,1,N,2,"0,904","-0,010","0,000","1,894"
10149021,EPN PLAYKOLOR,BUENOS AIRES,1,5.D,6,"-0,107","0,618","0,000","0,982"
12949034,EPN POLIRUBRO LA ESLAVA,BUENOS AIRES,1,5.D,6,"0,873","0,000","0,000","5,971"
12749113,EPN SEGUROS PABLO LOPEZ,BUENOS AIRES,1,N,2,"2,981","0,500","0,000","0,000"
6449440,EPN SERCOB CAMARA AYACUCHO,BUENOS AIRES,1,1.VIP,2,"4,825","-0,030","0,000","5,254"
9149115,EPN SERVICIOS POLVORINES 3,BUENOS AIRES,1,N,2,"0,505","1,744","0,000","0,000"
12849261,EPN TAMY,BUENOS AIRES,1,N,2,"2,951","0,500","0,000","0,000"
12649361,EPN TIO OTTO 2,BUENOS AIRES,1,2.A,3,"2,272","0,398","0,000","6,573"
10349252,EPN YA GANASTE LIBERTAD,BUENOS AIRES,1,N,2,"5,109","0,876","0,000","0,000"
12649346,EPN-AGENCIA POR MAS II,BUENOS AIRES,1,1.VIP,2,"3,354","1,364","0,000","2,809"
5949080,EPN-CALIFORNIA VIDEO,CAPITAL FEDERAL,1,N,2,"2,272","1,228","0,000","0,000"
9149114,EPN-NAZARRE PAGOS,CAPITAL FEDERAL,1,3.B,4,"3,578","3,509","0,000","2,000"
6949448,ERASE UNA VEZ LIBRERIA,BUENOS AIRES,1,3.B,4,"0,464","-0,434","0,000","3,468"
8249156,ERMAN TOUR,CAPITAL FEDERAL,1,N,2,"2,257","0,436","0,000","0,000"
10449015,ES LO QUE HAY,BUENOS AIRES,1,4.C,4,"-0,089","0,000","0,000","1,982"
12949656,ESCALADA PAGOS,BUENOS AIRES,1,N,2,"1,794","0,000","0,000","0,000"
9749806,ESCALZER ANGELICA BEATRIZ,BUENOS AIRES,1,4.C,4,"-0,035","0,000","0,000","3,983"
12949177,ESO TILIN,CORDOBA,1,N,2,"0,000","0,000","0,000","0,000"
8549005,ESPACIO ANGELINA,CORDOBA,1,N,2,"2,307","0,000","0,000","3,000"
5449524,ESPACIOS BUNGE,BUENOS AIRES,1,4.C,4,"2,221","0,000","0,000","6,000"
10449064,ESPARCIMIENTOS THIAGO,LA PAMPA,1,N,2,"2,840","1,456","0,000","0,000"
12149218,ESPERANZA,SANTA FE,1,5.D,6,"5,675","0,000","0,000","2,000"
9749789,ESQUINATOP,SANTA FE,1,N,2,"0,000","0,000","0,000","0,000"
5249068,ESSA S.R.L,ENTRE RIOS,1,1.VIP,2,"2,982","0,000","0,000","4,604"
5208024,ESSO SERVICENTRO TAMBOR DE TACUARI,MISIONES,1,1.VIP,2,"2,791","0,000","0,000","1,642"
11949997,ESTACION 229,CAPITAL FEDERAL,1,N,2,"3,818","2,606","0,000","0,000"
12449416,ESTACION 24,MISIONES,1,1.VIP,2,"1,665","0,000","0,000","1,979"
5249165,ESTACION AMEGA,MENDOZA,1,4.C,4,"2,489","0,958","0,000","9,000"
12949553,ESTACION CALLAO,CAPITAL FEDERAL,1,5.D,6,"0,000","0,000","0,000","0,000"
10449075,ESTACION DE MASCOTAS,SANTA FE,1,N,2,"0,000","0,000","0,000","1,000"
5249112,ESTACION DE SERVICIO 5 BOCAS,ENTRE RIOS,1,5.D,6,"-0,041","0,000","0,000","0,000"
5249067,ESTACION DE SERVICIO COLONIA SERE,BUENOS AIRES,1,N,2,"0,000","0,000","0,000","0,000"
5249027,ESTACION DE SERVICIO EL TRIANGULO,LA RIOJA,1,N,2,"0,097","0,000","0,000","0,000"
5249032,ESTACION DE SERVICIO ESER RIVADAVIA,CORDOBA,1,4.C,4,"1,962","0,000","0,000","1,803"
5249002,ESTACION DE SERVICIO HUDSON,BUENOS AIRES,1,N,2,"4,101","0,000","0,000","0,000"
5249131,ESTACION DE SERVICIO LA HUELLA,BUENOS AIRES,1,N,2,"0,493","0,500","0,000","0,000"
5249120,ESTACION DE SERVICIO LA VILLA,MENDOZA,1,4.C,4,"-0,366","0,000","0,000","4,717"
5249123,ESTACION DE SERVICIO OLIVARES,LA RIOJA,1,N,2,"0,000","0,000","0,000","0,000"
5208030,ESTACION DE SERVICIO SERVICENTRO ESSO,CORRIENTES,1,3.B,4,"0,777","0,000","0,000","9,000"
5249023,ESTACION DE SERVICIO SHELL 2001,TUCUMAN,1,4.C,4,"8,312","0,792","0,000","25,000"
5249124,ESTACION DE SERVICIO UTN,LA RIOJA,1,N,2,"0,000","0,000","0,000","0,000"
5249093,ESTACION DEL OESTE,CATAMARCA,1,4.C,4,"1,762","-0,146","0,000","2,526"
9749767,ESTACION ENERGIA 5.0,CORDOBA,1,5.D,6,"-0,001","0,000","0,000","0,000"
5249118,ESTACION FETTER LAURA,CHACO,1,1.VIP,2,"1,688","-0,093","0,000","1,505"
5249164,ESTACION GULF IDIART,BUENOS AIRES,1,5.D,6,"-0,094","0,000","0,000","0,950"
5249166,ESTACION MARTINS,SANTA FE,1,4.C,4,"0,000","0,000","0,000","1,000"
12849689,ESTACION MORON II,BUENOS AIRES,1,1.VIP,2,"14,493","0,000","0,000","4,000"
6149689,ESTACION QUICK OIL ( SOLO PEI ),BUENOS AIRES,1,5.D,6,"0,000","0,000","0,000","0,000"
7549255,ESTACION VILLA RETIRO,CORDOBA,1,N,2,"3,415","0,000","0,000","0,000"
9749725,ESTAMPA MARKET,JUJUY,1,N,2,"0,478","0,000","0,000","0,000"
12949060,ESTAR AL DIA,BUENOS AIRES,1,2.A,3,"3,596","0,470","0,000","1,349"
12749047,ESTAR SEGURO,RIO NEGRO,1,N,2,"1,611","1,514","0,000","0,000"
11849424,ESTETICA MAVI,BUENOS AIRES,1,5.D,6,"0,979","0,000","0,000","1,000"
10649034,ESTETICA Y PELUQUERIA PELO ESTUDIO,SALTA,1,N,2,"-0,032","0,000","0,000","0,000"
11149006,ESTUDIO ANTONIO ANGIO,BUENOS AIRES,1,N,2,"0,000","0,000","0,000","0,000"
11149050,ESTUDIO AZCONA,RIO NEGRO,1,N,2,"0,772","0,000","0,000","0,000"
11149029,ESTUDIO BENITEZ TRINCHERO,BUENOS AIRES,1,5.D,6,"-0,024","0,000","0,000","0,000"
11149051,ESTUDIO CARRAU HERMANAS,BUENOS AIRES,1,N,2,"0,150","0,000","0,000","0,000"
11149043,ESTUDIO CONTABLE GUILLERMO BUJAD,SALTA,1,1.VIP,2,"2,351","0,000","0,000","1,890"
11149096,ESTUDIO CONTABLE HEPPNER,MISIONES,1,5.D,6,"-0,048","0,000","0,000","-0,011"
11149062,ESTUDIO CONTABLE IMAMURA,MISIONES,1,3.B,4,"21,000","0,000","0,000","21,000"
11149039,ESTUDIO CONTABLE J B,CORDOBA,1,4.C,4,"0,258","0,000","0,000","3,780"
11149095,ESTUDIO CONTABLE JEREZ,TUCUMAN,1,3.B,4,"8,113","0,000","0,000","6,000"
11149055,ESTUDIO CONTABLE JORDAN,SAN JUAN,1,N,2,"0,000","0,000","0,000","0,000"
12949513,ESTUDIO CONTABLE MARINO,BUENOS AIRES,1,5.D,6,"4,512","0,000","0,000","2,000"
11149049,ESTUDIO CONTABLE MEB,MISIONES,1,1.VIP,2,"1,114","0,692","0,000","3,782"
11149087,ESTUDIO CONTABLE VELAZQUEZ,SALTA,1,3.B,4,"1,957","1,928","0,000","4,000"
11149031,ESTUDIO DALLOSTA,SANTA FE,1,3.B,4,"-0,392","0,000","0,000","6,689"
11149069,ESTUDIO ELVIO GUBLER Y ASOCIADOS,CORDOBA,1,N,2,"2,073","0,666","0,000","0,000"
11149080,ESTUDIO ELVIO GUBLER Y ASOCIADOS II,CORDOBA,1,N,2,"3,461","0,500","0,000","0,000"
8149201,ESTUDIO INTEGRAL,SANTA FE,1,4.C,4,"-0,141","0,000","0,000","1,894"
11149084,ESTUDIO INTEGRAL CGT,BUENOS AIRES,1,N,2,"6,639","0,392","0,000","0,000"
12749543,ESTUDIO INTEGRAL SCHIRATO,BUENOS AIRES,1,5.D,6,"-0,050","0,000","0,000","-0,035"
11149099,ESTUDIO JURIDICO - CONTABLE,TUCUMAN,1,5.D,6,"-0,219","0,000","0,000","-0,065"
11149048,ESTUDIO JURIDICO CIALCETA Y ASOCIADOS,NEUQUEN,1,N,2,"1,375","0,000","0,000","0,000"
12749179,ESTUDIO MAP II,BUENOS AIRES,1,N,2,"2,603","0,500","0,000","0,000"
8149470,ESTUDIO MAREGA Y ASOCIADOS,SANTA FE,1,2.A,3,"5,271","-0,231","0,000","5,618"
11149028,ESTUDIO POLICREDITO,CAPITAL FEDERAL,1,5.D,6,"-0,016","0,000","0,000","0,000"
8149859,ESTUDIO PRINOS,TIERRA DEL FUEGO,1,2.A,3,"7,225","0,682","0,000","1,836"
8149771,ESTUDIO RUTA 3,BUENOS AIRES,1,N,2,"0,779","0,000","0,000","0,000"
11149085,ESTUDIO SAN ISIDRO,BUENOS AIRES,1,5.D,6,"0,400","0,500","0,000","0,000"
10349222,ESTUDIO SAN JORGE,BUENOS AIRES,1,N,2,"0,000","0,000","0,000","0,000"
11149054,ESTUDIO SANCHEZ Y ASOC,BUENOS AIRES,1,N,2,"0,000","0,000","0,000","0,000"
6449210,ESTUDIO SCOTTA,SANTA FE,1,4.C,4,"-0,084","0,500","0,000","0,000"
11149097,ESTUDIO SKALSKI,MISIONES,1,5.D,6,"-0,007","0,000","0,000","-0,010"
7849069,ESTUDIO VAZQUEZ,MISIONES,1,2.A,3,"1,492","0,276","0,000","0,931"
11149000,ESTUDIOS RIO EDI,CAPITAL FEDERAL,1,N,2,"0,000","0,000","0,000","0,000"
6349326,ESYN COMUNICACIONES,ENTRE RIOS,1,2.A,3,"5,452","0,096","0,000","3,203"
12849708,ETC ¿Y TE ACORDAS?,CHUBUT,1,1.VIP,2,"1,712","0,000","0,000","10,000"
12849865,ETC AGBL KIOSCO POCHI,RIO NEGRO,1,N,2,"0,000","0,000","0,000","0,000"
13049796,ETC C Y M FIAMBRERIA,LA PAMPA,1,5.D,6,"-0,305","-0,006","0,000","-0,205"
10149022,ETC CASA OSTOICH,CHUBUT,1,N,2,"16,053","0,000","0,000","0,000"
9749708,ETC FRAN-JE,SANTA CRUZ,1,2.A,3,"1,527","0,000","0,000","1,860"
5449562,ETC GUPER,BUENOS AIRES,1,4.C,4,"-0,132","0,000","0,000","-0,172"
7249233,ETC HOMERO VII,BUENOS AIRES,1,N,2,"3,000","0,000","0,000","2,000"
13049206,ETC KIOSCO ALSINA,RIO NEGRO,1,3.B,4,"2,168","0,000","0,000","4,000"
12849794,ETC KIOSCO TEA,LA PAMPA,1,N,2,"0,398","0,000","0,000","0,000"
6949781,ETC LIBRERIA ALUMINE,RIO NEGRO,1,4.C,4,"2,192","-0,062","0,000","2,751"
9749707,ETC MATE,SANTA CRUZ,1,N,2,"0,000","0,000","0,000","0,000"
12849960,ETC MC KIO L CHACABUCO,TUCUMAN,1,2.A,3,"6,288","0,000","0,000","6,741"
12849945,ETC MC KIO LI SANTIAGO 455,TUCUMAN,1,2.A,3,"6,928","0,000","0,000","12,537"
12849961,ETC MC KIO LII PARQUE 9 DE JULIO,TUCUMAN,1,4.C,4,"6,093","0,000","0,000","3,658"
12949310,ETC MERCADO DEL PROGRESO I,CAPITAL FEDERAL,1,3.B,4,"-0,523","0,000","0,000","25,440"
6149563,ETC MI VILLANO,SANTA CRUZ,1,N,2,"0,000","0,000","0,000","0,000"
13049812,ETC MIS AMORES NUEVO,BUENOS AIRES,1,5.D,6,"-0,122","0,000","0,000","-0,026"
12849767,ETC OFICINA DE PAGOS SAO,RIO NEGRO,1,1.VIP,2,"3,123","3,476","0,000","7,000"
9749742,ETC OFICINA DE PAGOS SAO II,RIO NEGRO,1,2.A,3,"2,832","0,000","0,000","7,000"
6149600,ETC OFICINA DE PAGOS SAO III,RIO NEGRO,1,5.D,6,"7,160","0,000","0,000","0,000"
6149599,ETC OFICINA DE PAGOS SAO IV,RIO NEGRO,1,1.VIP,2,"6,560","0,000","0,000","15,000"
12949308,ETC SUENOS MULTIRUBRO,SANTA FE,1,4.C,4,"0,000","0,000","0,000","0,000"
12849685,ETC SUR B DRUGSTORE 24,RIO NEGRO,1,N,2,"0,000","0,000","0,000","0,000"
5349572,ETC TAGUS XIII  EL PUESTO AV. B. ARAOZ,TUCUMAN,1,2.A,3,"8,171","0,000","0,000","7,000"
12849805,ETC TRU-LA LINA,SANTA CRUZ,1,1.VIP,2,"3,260","1,000","0,000","2,027"
9749709,ETC YENU,SANTA CRUZ,1,3.B,4,"0,934","0,000","0,000","5,000"
6949345,ETCETERA,SANTA FE,1,3.B,4,"1,679","1,000","0,000","3,000"
12049966,ETERNO,SANTIAGO DEL ESTERO,1,1.VIP,2,"3,861","0,398","0,000","1,263"
12849287,ETERNO 2,SANTIAGO DEL ESTERO,1,2.A,3,"1,431","0,500","0,000","3,881"
12949392,ETERNO 3,SANTIAGO DEL ESTERO,1,2.A,3,"2,017","0,000","0,000","13,718"
13049453,ETERNO 4 SAN MARTIN,SANTIAGO DEL ESTERO,1,N,2,"-0,026","0,000","0,000","0,995"
11849272,EUNOIA,CORDOBA,1,5.D,6,"0,558","0,488","0,000","0,000"
12749395,EUROCRED CHASCOMUS,BUENOS AIRES,1,N,2,"0,000","0,000","0,000","0,000"
12749394,EUROCRED LA PLATA,BUENOS AIRES,1,N,2,"2,462","0,660","0,000","0,000"
10349454,EVARISANTI,SAN JUAN,1,N,2,"1,521","0,000","0,000","3,000"
7849181,EXBMR AGBL CASTAGNINO,SANTA FE,1,N,2,"-0,052","0,000","0,000","0,961"
7849167,EXBMR AGBL COLAUTTI,SANTA FE,1,5.D,6,"-0,019","0,000","0,000","-0,089"
7849168,EXBMR AGBL DUSSO GERMAN ANGEL,SANTA FE,1,N,2,"0,000","0,000","0,000","1,000"
7849177,EXBMR AGBL FARINA,SANTA FE,1,N,2,"0,000","0,000","0,000","0,000"
7849170,EXBMR AGBL GRAZIANI,SANTA FE,1,5.D,6,"-0,028","0,000","0,000","-0,125"
7849174,EXBMR AGBL PODESTA,SANTA FE,1,5.D,6,"-0,206","0,000","0,000","-0,964"
7849173,EXBMR AGBL PROMAR INMOBILIARIA,SANTA FE,1,N,2,"0,000","0,000","0,000","0,000"
7849171,EXBMR AGBL RIVAS,SANTA FE,1,N,2,"-0,008","0,000","0,000","-0,018"
7849175,EXBMR AGBL TELLERIA,SANTA FE,1,5.D,6,"1,700","0,000","0,000","9,530"
6449519,EXBMR ASOC. MUT C. A. ARG. FUENTES,SANTA FE,1,5.D,6,"-0,021","0,000","0,000","-0,012"
7849176,EXBMR CONSTRUYENDO ASOC. MUT.,SANTA FE,1,N,2,"0,567","0,000","0,000","0,813"
7849164,EXBMR RCS INMOBILIARIA,SANTA FE,1,5.D,6,"0,000","0,000","0,000","0,000"
12849371,EXCEL HERMANOS,BUENOS AIRES,1,N,2,"3,302","0,702","0,000","0,000"
12849552,EXCEL HERMANOS II,BUENOS AIRES,1,N,2,"5,075","0,368","0,000","0,000"
9149108,EXCHANGE CONSULTING,CAPITAL FEDERAL,1,4.C,4,"-0,295","0,518","0,000","6,697"
9149109,EXCHANGE CONSULTING II,BUENOS AIRES,1,5.D,6,"1,938","0,500","0,000","1,890"
12949273,EXCLUSIVO BOYACA,CAPITAL FEDERAL,1,4.C,4,"1,631","0,000","0,000","1,867"
13049199,EXCLUSIVO CARAPACHAY,BUENOS AIRES,1,4.C,4,"5,466","0,000","0,000","10,000"
8749359,EXCLUSIVO EL BOLSON,RIO NEGRO,1,2.A,3,"1,897","-0,370","0,000","2,965"
12949161,EXCLUSIVO FLORES,CAPITAL FEDERAL,1,2.A,3,"0,000","0,000","0,000","0,000"
12949259,EXCLUSIVO GALERIA BOYACA,CAPITAL FEDERAL,1,4.C,4,"0,612","0,000","0,000","5,597"
12949208,EXCLUSIVO GAONA,CAPITAL FEDERAL,1,2.A,3,"0,000","0,000","0,000","0,000"
7149043,EXCLUSIVO L Y O,CORDOBA,1,N,2,"1,924","2,000","0,000","0,000"
12949359,EXCLUSIVO PAGOS DEL CENTRO,RIO NEGRO,1,1.VIP,2,"6,269","0,000","0,000","6,446"
6949931,EXCLUSIVO PAGOS PLOTTIER,NEUQUEN,1,N,2,"1,652","-0,312","0,000","3,550"
13049462,EXCLUSIVO SANTA ROSA,LA PAMPA,1,N,2,"1,017","0,000","0,000","1,520"
6349499,EXCLUSIVO TRELEW,CHUBUT,1,1.VIP,2,"14,231","-0,194","0,000","14,341"
19987,EXCLUSIVO WU PLOTTIER,NEUQUEN,1,N,2,"0,000","0,000","0,000","0,000"
11449109,EXIT COMPUTACION,SANTA FE,1,2.A,3,"3,880","0,814","0,000","1,000"
7849172,EXMNR AGBL MASSOUD,SANTA FE,1,N,2,"-0,019","0,000","0,000","0,000"
7249144,EXPO REGALOS,RIO NEGRO,1,N,2,"3,234","0,760","0,000","14,000"
9949045,EXPRESO BRIO,SANTA FE,1,4.C,4,"1,758","0,000","0,000","11,000"
8249122,EXPRESO SINGER BOLETERIA 27,SANTA FE,1,1.VIP,2,"0,850","0,000","0,000","4,000"
9749658,EXPRESS,MENDOZA,1,4.C,4,"0,000","0,832","0,000","2,000"
10349259,EXPRESS,TUCUMAN,1,3.B,4,"5,647","-0,012","0,000","6,099"
10349288,EXPRESS II,TUCUMAN,1,3.B,4,"1,963","0,302","0,000","7,551"
10349374,EXPRESS IV,TUCUMAN,1,2.A,3,"3,385","0,000","0,000","7,369"
8849002,EXPRESS TELEFONOS PUBLICOS,BUENOS AIRES,1,N,2,"0,000","0,000","0,000","0,000"
8249180,EXPRESSCOIN,CAPITAL FEDERAL,1,2.A,3,"3,835","2,000","0,000","2,000"
11649387,EXTEL INTERNET,MENDOZA,1,5.D,6,"2,604","0,000","0,000","1,995"
10049137,EXTREME DEPORTES,MISIONES,1,N,2,"0,894","0,000","0,000","-0,023"
12849700,EYM,CORDOBA,1,1.VIP,2,"6,086","-0,063","0,000","6,582"
7249240,EYM SOFIA,CORDOBA,1,N,2,"0,404","-0,054","0,000","0,629"
12849903,F Y B ALIMENTOS,SALTA,1,4.C,4,"5,716","0,000","0,000","3,916"
12749204,F Y M SEGUROS,BUENOS AIRES,1,4.C,4,"1,246","0,472","0,000","0,789"
12649599,F&A,CORDOBA,1,4.C,4,"0,081","0,000","0,000","1,927"
6949857,F&B LIBRERIA,FORMOSA,1,5.D,6,"0,000","0,000","0,000","0,000"
9349035,F.E.E.R SPORTS,LA RIOJA,1,1.VIP,2,"1,479","0,000","0,000","8,711"
5449558,FA - BEL INFORMATICA,CHACO,1,N,2,"3,788","0,498","0,000","0,000"
12649660,FABI,SALTA,1,4.C,4,"3,797","0,000","0,000","1,000"
10249927,FADER I,CORDOBA,1,2.A,3,"3,286","1,798","0,000","6,934"
11949755,FALUCHO II,BUENOS AIRES,1,N,2,"9,262","1,200","0,000","0,000"
8149881,FAMA,CORRIENTES,1,4.C,4,"1,937","0,000","0,000","2,000"
12149195,FAMILIA 5,CORDOBA,1,N,2,"38,132","0,000","0,000","0,000"
8849141,FAMILY,BUENOS AIRES,1,N,2,"9,298","0,000","0,000","0,000"
11849266,FARMA YA,CORDOBA,1,4.C,4,"-0,514","0,956","0,000","0,363"
11849017,FARMACIA ACCESO NORTE II,BUENOS AIRES,1,N,2,"0,501","0,412","0,000","0,000"
11849270,FARMACIA ADONAI FARMA,TUCUMAN,1,4.C,4,"3,477","0,000","0,000","7,000"
11849333,FARMACIA ALBERDI,CORDOBA,1,4.C,4,"-0,101","0,500","0,000","1,957"
5149518,FARMACIA ALTOS DE MORENO,BUENOS AIRES,1,N,2,"0,000","0,000","0,000","0,000"
11849159,FARMACIA ANELE,BUENOS AIRES,1,4.C,4,"-0,411","0,000","0,000","10,000"
11849049,FARMACIA ANTA,CORDOBA,1,N,2,"1,898","0,000","0,000","0,000"
5149300,FARMACIA ANTIGUA CHARCAS,CAPITAL FEDERAL,1,5.D,6,"0,548","0,000","0,000","0,978"
5149254,FARMACIA AUTHIER,BUENOS AIRES,1,5.D,6,"-0,018","0,000","0,000","0,000"
12749223,FARMACIA AVENIDA,BUENOS AIRES,1,N,2,"2,639","0,144","0,000","0,000"
11849442,FARMACIA BALCARCE,SALTA,1,N,2,"0,473","-0,150","0,000","1,864"
11849265,FARMACIA BARCELO,BUENOS AIRES,1,4.C,4,"-0,158","0,000","0,000","2,787"
11849204,FARMACIA BARRIENTOS,BUENOS AIRES,1,5.D,6,"0,896","0,000","0,000","0,000"
11849380,FARMACIA BARRIO ESTACION,CORRIENTES,1,4.C,4,"0,000","0,000","0,000","0,000"
11849438,FARMACIA BEFFA LAMADRID,BUENOS AIRES,1,5.D,6,"1,322","0,000","0,000","1,000"
11849329,FARMACIA BELGRANO,LA PAMPA,1,4.C,4,"1,829","0,448","0,000","0,659"
11849139,FARMACIA BERTINI,BUENOS AIRES,1,2.A,3,"7,690","0,649","0,000","4,000"
11849278,FARMACIA BERTINI II,BUENOS AIRES,1,2.A,3,"2,908","0,678","0,000","2,000"
5149571,FARMACIA BIOFARM,MISIONES,1,N,2,"0,696","0,000","0,000","0,000"
5149954,FARMACIA BLANCO FARMA,BUENOS AIRES,1,4.C,4,"2,445","1,000","0,000","5,755"
11849111,FARMACIA BOGLIOLO,BUENOS AIRES,1,N,2,"0,999","1,000","0,000","0,000"
11849361,FARMACIA BOTIQUIN SAGRADO CORAZON JESUS,CATAMARCA,1,N,2,"1,073","0,430","0,000","0,000"
5149824,FARMACIA BULNES,CAPITAL FEDERAL,1,3.B,4,"0,934","0,000","0,000","6,455"
11849293,FARMACIA BULNES,CORDOBA,1,4.C,4,"1,803","0,866","0,000","-0,017"
5149451,FARMACIA BUSTAMANTE,BUENOS AIRES,1,2.A,3,"4,732","0,000","0,000","3,719"
11849445,FARMACIA BUTALO,LA PAMPA,1,N,2,"-0,116","0,000","0,000","-0,076"
11849402,FARMACIA CAPPA,BUENOS AIRES,1,5.D,6,"1,598","0,000","0,000","1,969"
11849276,FARMACIA CATANIA,BUENOS AIRES,1,4.C,4,"0,483","0,000","0,000","2,734"
11849340,FARMACIA CENTRAL,MISIONES,1,2.A,3,"2,785","-0,130","0,000","3,874"
11849092,FARMACIA CENTRAL GAONA,BUENOS AIRES,1,4.C,4,"0,000","0,825","0,000","0,000"
11849357,FARMACIA CHACO DE QUIMILI,SANTIAGO DEL ESTERO,1,4.C,4,"1,909","0,308","0,000","1,992"
11849356,FARMACIA CIENTIFICA SASTRE,BUENOS AIRES,1,4.C,4,"2,308","0,000","0,000","5,000"
11849208,FARMACIA CIMERMAN,BUENOS AIRES,1,N,2,"0,931","0,000","0,000","0,000"
11849426,FARMACIA CLARET,CORDOBA,1,5.D,6,"4,119","0,000","0,000","6,086"
5149043,FARMACIA COGHLAN,CAPITAL FEDERAL,1,4.C,4,"2,248","0,000","0,000","0,000"
11849084,FARMACIA CRUCESITA SCS,BUENOS AIRES,1,5.D,6,"0,535","0,000","0,000","0,000"
11849419,FARMACIA DE LA ESTANCIA,CORDOBA,1,5.D,6,"0,000","0,000","0,000","2,000"
11849189,FARMACIA DE LA NUEVA ESQUINA,BUENOS AIRES,1,5.D,6,"1,293","0,000","0,000","2,000"
5149492,FARMACIA DE LA RUTA,BUENOS AIRES,1,5.D,6,"0,011","0,000","0,000","0,000"
11849354,FARMACIA DEL CENTRO,CHUBUT,1,4.C,4,"0,906","1,290","0,000","11,000"
11849085,FARMACIA DEL ESTE,BUENOS AIRES,1,5.D,6,"0,871","0,000","0,000","2,000"
11849235,FARMACIA DEL PASEO,CORDOBA,1,3.B,4,"4,750","-0,144","0,000","3,556"
5149831,FARMACIA DEL PILAR,BUENOS AIRES,1,5.D,6,"1,633","0,000","0,000","4,000"
11849292,FARMACIA DEL PUEBLO,BUENOS AIRES,1,N,2,"0,918","0,000","0,000","0,000"
11849400,FARMACIA DEL PUEBLO,CHACO,1,4.C,4,"0,328","0,000","0,000","1,000"
5149743,FARMACIA DEL PUEBLO CBA,CORDOBA,1,2.A,3,"3,841","0,154","0,000","2,460"
11849302,FARMACIA DEL TRABAJO,BUENOS AIRES,1,N,2,"2,814","0,002","0,000","0,000"
11849332,FARMACIA DI LAURO,BUENOS AIRES,1,N,2,"1,033","0,500","0,000","0,000"
11849394,FARMACIA DI NELLA,BUENOS AIRES,1,4.C,4,"2,539","0,000","0,000","7,000"
11849135,FARMACIA DIAMANTY,BUENOS AIRES,1,N,2,"0,976","0,000","0,000","0,000"
11849271,FARMACIA DOBLER,SANTA FE,1,N,2,"0,228","0,000","0,000","0,000"
11849392,FARMACIA DON BOSCO,BUENOS AIRES,1,1.VIP,2,"3,988","0,000","0,000","2,870"
5149981,FARMACIA DOSIS,CHACO,1,1.VIP,2,"2,188","0,856","0,000","3,573"
11849262,FARMACIA DUCA,BUENOS AIRES,1,4.C,4,"1,440","0,000","0,000","1,696"
11849434,FARMACIA ECOFARMA,MISIONES,1,N,2,"0,000","0,000","0,000","1,000"
5149735,FARMACIA EZPELETA,BUENOS AIRES,1,4.C,4,"0,447","0,000","0,000","5,000"
11849229,FARMACIA EZPELETA II,BUENOS AIRES,1,5.D,6,"1,755","0,000","0,000","1,000"
11849241,FARMACIA EZPELETA III,BUENOS AIRES,1,4.C,4,"1,276","0,000","0,000","4,867"
11849233,FARMACIA FARMADIEZZ,RIO NEGRO,1,3.B,4,"8,750","1,924","0,000","4,417"
11849363,FARMACIA FARMAGRANA,BUENOS AIRES,1,4.C,4,"1,019","1,766","0,000","1,000"
11849404,FARMACIA FARMAGRANA III,BUENOS AIRES,1,4.C,4,"2,129","0,000","0,000","2,827"
11849142,FARMACIA FARMANELE,BUENOS AIRES,1,4.C,4,"-0,316","0,000","0,000","1,974"
5149733,FARMACIA FERNANDEZ CBA,CORDOBA,1,2.A,3,"1,949","0,000","0,000","1,351"
5149066,FARMACIA FRANCO SUIZA,CAPITAL FEDERAL,1,5.D,6,"0,742","0,752","0,000","0,000"
11849072,FARMACIA FRANZI,SAN LUIS,1,4.C,4,"0,000","0,000","0,000","5,000"
11849047,FARMACIA FRIZZO,CORDOBA,1,4.C,4,"0,211","0,000","0,000","0,000"
11849428,FARMACIA FRIZZO ASCASUBI,CORDOBA,1,5.D,6,"1,740","0,000","0,000","6,672"
11849431,FARMACIA FRIZZO COLONIA ALMADA,CORDOBA,1,5.D,6,"-0,090","0,000","0,000","-0,076"
11849430,FARMACIA FRIZZO TANCACHA,CORDOBA,1,5.D,6,"-0,001","0,000","0,000","0,000"
11849403,FARMACIA GALDANA SCS,BUENOS AIRES,1,4.C,4,"1,268","0,000","0,000","2,848"
11849437,FARMACIA GARRONE,BUENOS AIRES,1,N,2,"0,717","0,000","0,000","1,795"
5101049,FARMACIA GIL,BUENOS AIRES,1,3.B,4,"4,801","0,000","0,000","3,000"
5149493,FARMACIA GOLDIN,BUENOS AIRES,1,2.A,3,"2,973","0,000","0,000","2,417"
11849185,FARMACIA GONZALEZ,BUENOS AIRES,1,3.B,4,"1,411","1,000","0,000","13,681"
11849290,FARMACIA GRAN CONGRESO 2,CAPITAL FEDERAL,1,1.VIP,2,"3,341","1,425","0,000","4,537"
5149612,FARMACIA GRAN SARMIENTO,BUENOS AIRES,1,4.C,4,"6,276","0,000","0,000","7,456"
11849267,FARMACIA HEREDIA,BUENOS AIRES,1,4.C,4,"6,152","0,000","0,000","3,537"
11849316,FARMACIA HERNANDEZ 2,BUENOS AIRES,1,2.A,3,"4,907","1,374","0,000","3,252"
11849334,FARMACIA HERNANDEZ 3,BUENOS AIRES,1,3.B,4,"9,444","0,000","0,000","3,000"
5149552,FARMACIA ILIADA,CAPITAL FEDERAL,1,2.A,3,"8,111","0,000","0,000","23,833"
5149144,FARMACIA IRRAZABAL,BUENOS AIRES,1,2.A,3,"4,350","0,000","0,000","11,829"
11849243,FARMACIA JESUS,FORMOSA,1,1.VIP,2,"1,130","0,858","0,000","2,916"
11849393,FARMACIA KALAUEN,BUENOS AIRES,1,2.A,3,"6,861","0,000","0,000","10,000"
11849234,FARMACIA LA BOTICA,LA PAMPA,1,5.D,6,"-0,050","0,000","0,000","2,857"
11849432,FARMACIA LA BOTICA,MENDOZA,1,N,2,"2,622","0,000","0,000","3,527"
11849247,FARMACIA LA COLONIA,LA PAMPA,1,2.A,3,"1,980","-0,006","0,000","4,495"
11849384,FARMACIA LA COLONIA,MENDOZA,1,1.VIP,2,"3,525","1,282","0,000","1,195"
11849379,FARMACIA LA MERCED,CATAMARCA,1,N,2,"0,000","0,000","0,000","0,000"
11849122,FARMACIA LA PRIMAVERA,MENDOZA,1,2.A,3,"5,228","2,058","0,000","6,000"
5149177,FARMACIA LACARRA,BUENOS AIRES,1,4.C,4,"3,196","0,000","0,000","3,309"
11849427,FARMACIA LAS 2 NINAS,TUCUMAN,1,5.D,6,"2,635","0,000","0,000","7,000"
11849136,FARMACIA LAS CANAS,MENDOZA,1,N,2,"1,600","0,000","0,000","0,000"
11849289,FARMACIA LIBERTAD,BUENOS AIRES,1,N,2,"0,000","0,000","0,000","0,000"
11849422,FARMACIA LOS AROMOS,CORDOBA,1,5.D,6,"1,291","0,000","0,000","3,929"
11849242,FARMACIA LUCYMAR,FORMOSA,1,2.A,3,"1,741","0,000","0,000","3,901"
11849149,FARMACIA MAGA BERNAL,BUENOS AIRES,1,N,2,"0,000","0,000","0,000","0,000"
11849190,FARMACIA MAGA NUEVA ERA QUILMES,BUENOS AIRES,1,5.D,6,"0,888","0,000","0,000","0,000"
5149670,FARMACIA MAGA SHOP AMERICANA,BUENOS AIRES,1,5.D,6,"0,286","0,000","0,000","0,000"
5149393,FARMACIA MAGA SHOP ARGENTINA,BUENOS AIRES,1,N,2,"0,150","0,000","0,000","0,000"
11849093,FARMACIA MAGA SHOP AVELLANEDA,BUENOS AIRES,1,5.D,6,"0,000","0,000","0,000","1,000"
5101087,FARMACIA MAGA SHOP BELGRANO,BUENOS AIRES,1,N,2,"0,540","0,000","0,000","0,000"
5149512,FARMACIA MAGA SHOP BERNAL,BUENOS AIRES,1,5.D,6,"1,794","0,000","0,000","4,000"
5149713,FARMACIA MAGA SHOP DE LAS FLORES,BUENOS AIRES,1,N,2,"3,114","0,000","0,000","0,000"
5101088,FARMACIA MAGA SHOP DOMINICO,BUENOS AIRES,1,5.D,6,"1,594","2,000","0,000","3,928"
5149689,FARMACIA MAGA SHOP EL ALTO A,BUENOS AIRES,1,N,2,"0,356","0,000","0,000","0,000"
5149505,FARMACIA MAGA SHOP II,BUENOS AIRES,1,5.D,6,"1,818","0,000","0,000","0,000"
11849150,FARMACIA MAGA SHOP LA RECOVA,CAPITAL FEDERAL,1,N,2,"0,457","0,000","0,000","0,000"
5149927,FARMACIA MAGA SHOP MALY,BUENOS AIRES,1,5.D,6,"2,838","0,000","0,000","0,000"
5149423,FARMACIA MAGA SHOP MEGA SOL,BUENOS AIRES,1,N,2,"2,617","0,000","0,000","0,000"
11849073,FARMACIA MAGA SHOP MORENO,BUENOS AIRES,1,5.D,6,"2,462","0,000","0,000","0,000"
5149521,FARMACIA MAGA SHOP QUILMES,BUENOS AIRES,1,N,2,"0,000","0,000","0,000","0,000"
5149641,FARMACIA MAGA SHOP SANAR,BUENOS AIRES,1,N,2,"0,560","0,000","0,000","0,000"
11849176,FARMACIA MAGA SHOP SANAR 10,BUENOS AIRES,1,N,2,"2,802","0,000","0,000","0,000"
11849023,FARMACIA MAGA SHOP SANAR 11,BUENOS AIRES,1,N,2,"0,000","0,000","0,000","0,000"
5149653,FARMACIA MAGA SHOP SANAR 2,BUENOS AIRES,1,N,2,"1,557","0,000","0,000","0,000"
5149823,FARMACIA MAGA SHOP SANAR 4,BUENOS AIRES,1,N,2,"0,080","0,000","0,000","0,000"
5149931,FARMACIA MAGA SHOP SANAR 5,BUENOS AIRES,1,N,2,"0,093","0,000","0,000","0,000"
5149959,FARMACIA MAGA SHOP SANAR 7,BUENOS AIRES,1,N,2,"0,000","0,000","0,000","0,000"
5149976,FARMACIA MAGA SHOP SANAR 8,BUENOS AIRES,1,N,2,"0,946","0,000","0,000","0,000"
5149989,FARMACIA MAGA SHOP SANAR 9,BUENOS AIRES,1,N,2,"1,148","0,000","0,000","0,000"
5149724,FARMACIA MAGA SHOP SANAR TRES,BUENOS AIRES,1,N,2,"0,000","2,000","0,000","0,000"
5149517,FARMACIA MAGA SHOP SARANDI,BUENOS AIRES,1,5.D,6,"0,668","0,000","0,000","2,000"
5149452,FARMACIA MAGA SHOP SOL - WILDE,BUENOS AIRES,1,N,2,"1,636","0,000","0,000","0,000"
5149683,FARMACIA MAGA SHOP SOL BERAZATEGUI,BUENOS AIRES,1,N,2,"0,637","0,000","0,000","0,000"
11849175,FARMACIA MAGA SHOP SOY LUNA,BUENOS AIRES,1,N,2,"1,758","0,000","0,000","0,000"
11849174,FARMACIA MAGA SHOP SPY FAR ARGENTINA,BUENOS AIRES,1,N,2,"1,356","0,000","0,000","0,000"
11849080,FARMACIA MAGA SHOP VARELA,BUENOS AIRES,1,5.D,6,"2,460","0,000","0,000","0,000"
5149572,FARMACIA MANZONI,BUENOS AIRES,1,N,2,"5,254","0,000","0,000","0,000"
11849322,FARMACIA MARASCO,BUENOS AIRES,1,5.D,6,"-0,042","0,000","0,000","0,936"
5149945,FARMACIA MFM,BUENOS AIRES,1,N,2,"0,000","0,000","0,000","0,000"
11849387,FARMACIA MGM,BUENOS AIRES,1,5.D,6,"-0,144","0,000","0,000","2,000"
11849199,FARMACIA MILAYA II,BUENOS AIRES,1,4.C,4,"0,178","0,000","0,000","0,000"
5149630,FARMACIA MOLINA (CB),CHUBUT,1,N,2,"0,472","0,000","0,000","0,000"
5149397,FARMACIA MONES,BUENOS AIRES,1,4.C,4,"0,195","0,000","0,000","11,771"
5149791,FARMACIA MORANDINI,CORRIENTES,1,1.VIP,2,"2,747","-0,324","0,000","2,723"
11849179,FARMACIA MORANDINI II,CORRIENTES,1,2.A,3,"2,530","0,000","0,000","7,216"
5149167,FARMACIA MORRIS,BUENOS AIRES,1,N,2,"5,852","0,000","0,000","0,000"
11849263,FARMACIA MUTUAL DUCILO,BUENOS AIRES,1,N,2,"3,068","0,000","0,000","0,000"
5149861,FARMACIA NACIF I,CORDOBA,1,N,2,"1,242","0,000","0,000","0,000"
11849339,FARMACIA NAISIUS,SANTA FE,1,4.C,4,"-0,157","0,412","0,000","0,948"
5149730,FARMACIA NATAL I,MENDOZA,1,2.A,3,"3,497","-0,216","0,000","14,415"
5149729,FARMACIA NATAL II,MENDOZA,1,3.B,4,"0,482","-0,050","0,000","15,947"
5149694,FARMACIA NATAL III,MENDOZA,1,2.A,3,"3,762","-0,089","0,000","29,618"
5149695,FARMACIA NATAL IV,MENDOZA,1,2.A,3,"3,092","0,182","0,000","8,943"
5149838,FARMACIA NATAL V,MENDOZA,1,2.A,3,"4,817","0,000","0,000","5,394"
11849230,FARMACIA NATAL VI,MENDOZA,1,2.A,3,"3,252","1,672","0,000","12,467"
11849353,FARMACIA NATAL VII,MENDOZA,1,2.A,3,"3,990","-0,172","0,000","10,916"
11849370,FARMACIA NOVA RENZI,BUENOS AIRES,1,4.C,4,"1,938","0,000","0,000","5,946"
5149760,FARMACIA NUEVA ERA,CAPITAL FEDERAL,1,N,2,"0,421","0,000","0,000","0,000"
11849417,FARMACIA NUEVA MAGADAM,BUENOS AIRES,1,4.C,4,"1,914","0,000","0,000","2,758"
11849418,FARMACIA NUEVA ZITWA,BUENOS AIRES,1,5.D,6,"-0,043","0,000","0,000","-0,087"
11849119,FARMACIA ODONEL,BUENOS AIRES,1,4.C,4,"2,281","0,000","0,000","5,666"
5149389,FARMACIA ORONO,BUENOS AIRES,1,N,2,"1,695","0,000","0,000","0,000"
11849433,FARMACIA PASOS,BUENOS AIRES,1,N,2,"0,794","0,000","0,000","1,941"
11849032,FARMACIA PHARMAB,MISIONES,1,1.VIP,2,"10,093","0,000","0,000","2,691"
11849057,FARMACIA PRIMO,CORDOBA,1,4.C,4,"-0,157","0,000","0,000","1,870"
11849134,FARMACIA QUILMES OESTE,BUENOS AIRES,1,N,2,"10,728","0,000","0,000","0,000"
11849444,FARMACIA RINCON SALUD,BUENOS AIRES,1,N,2,"-0,088","0,000","0,000","-0,033"
11849296,FARMACIA ROIS,BUENOS AIRES,1,4.C,4,"-0,508","0,000","0,000","5,633"
11849082,FARMACIA ROMANO,SANTA FE,1,4.C,4,"-0,130","0,000","0,000","1,000"
11849369,FARMACIA ROTONDA S.C.S,BUENOS AIRES,1,5.D,6,"0,833","0,000","0,000","0,000"
11849358,FARMACIA ROTTARIS CABANILLAS,SALTA,1,1.VIP,2,"5,841","0,706","0,000","3,000"
11849440,FARMACIA SAN BLAS,MISIONES,1,N,2,"-0,108","-0,012","0,000","-0,053"
11849429,FARMACIA SAN EXPEDITO,CORDOBA,1,5.D,6,"4,088","0,000","0,000","5,000"
11849409,FARMACIA SAN MARTIN,BUENOS AIRES,1,4.C,4,"5,203","0,000","0,000","2,299"
11849401,FARMACIA SAN MARTIN,CHUBUT,1,4.C,4,"9,657","0,000","0,000","19,000"
5149516,FARMACIA SANTA CATALINA,BUENOS AIRES,1,N,2,"1,348","0,000","0,000","0,000"
11849408,FARMACIA SANTA ELVIRA,MENDOZA,1,4.C,4,"3,627","0,000","0,000","8,021"
5149530,FARMACIA SANTA ROSA (CF),CAPITAL FEDERAL,1,2.A,3,"4,382","-0,183","0,000","3,834"
5149946,FARMACIA SANTA ROSA (SF),SANTA FE,1,N,2,"2,418","0,472","0,000","0,000"
11849321,FARMACIA SANTORO,BUENOS AIRES,1,4.C,4,"0,669","0,000","0,000","5,000"
12949771,FARMACIA SARKARINO,CAPITAL FEDERAL,1,N,2,"-0,003","0,000","0,000","0,000"
11849376,FARMACIA SARMIENTO 3222,BUENOS AIRES,1,5.D,6,"2,427","0,000","0,000","2,986"
5149932,FARMACIA SELECTA,TUCUMAN,1,5.D,6,"7,487","0,054","0,000","0,000"
11849324,FARMACIA SEPP,BUENOS AIRES,1,5.D,6,"1,353","0,000","0,000","1,749"
5149606,FARMACIA SIGMA,RIO NEGRO,1,4.C,4,"2,342","0,000","0,000","1,608"
11849335,FARMACIA SOMALE,CORDOBA,1,4.C,4,"4,384","0,500","0,000","3,666"
11849352,FARMACIA SOMALE 2,CORDOBA,1,4.C,4,"3,683","0,500","0,000","2,869"
11849187,FARMACIA SORIA Y CHAVES,BUENOS AIRES,1,4.C,4,"1,943","0,000","0,000","2,601"
11849197,FARMACIA SOY CASEROS,BUENOS AIRES,1,N,2,"0,002","0,000","0,000","0,000"
11849196,FARMACIA SOY DEL SOL,BUENOS AIRES,1,N,2,"1,203","0,000","0,000","0,000"
11849090,FARMACIA SOY MAGA SOY FARMA,CAPITAL FEDERAL,1,N,2,"2,924","0,000","0,000","0,000"
11849198,FARMACIA SOY VARELA,BUENOS AIRES,1,N,2,"3,577","0,000","0,000","0,000"
11849068,FARMACIA STELLA MARIS,LA PAMPA,1,5.D,6,"4,474","0,000","0,000","2,000"
11849448,FARMACIA STELLA MARIS (SOLO PEI),LA PAMPA,1,5.D,6,"5,947","0,000","0,000","3,847"
5149489,FARMACIA TIRONE,BUENOS AIRES,1,1.VIP,2,"2,346","-0,096","0,000","2,981"
5149128,FARMACIA TOSCANO,BUENOS AIRES,1,2.A,3,"2,832","0,000","0,000","1,427"
11849425,FARMACIA TU FARMACIA 2,CHACO,1,5.D,6,"3,381","0,000","0,000","1,000"
11849375,FARMACIA TUCUMAN 2210,BUENOS AIRES,1,5.D,6,"0,151","0,000","0,000","0,000"
11849012,FARMACIA UEKADO,BUENOS AIRES,1,3.B,4,"-0,147","1,000","0,000","2,307"
11849300,FARMACIA VARDICH,FORMOSA,1,N,2,"0,000","0,000","0,000","0,000"
5149539,FARMACIA VAREADORES,BUENOS AIRES,1,N,2,"2,404","0,000","0,000","0,000"
5149828,FARMACIA VE,BUENOS AIRES,1,5.D,6,"2,167","0,000","0,000","4,828"
11849399,FARMACIA VEGA,CHACO,1,4.C,4,"0,637","0,000","0,000","3,000"
11849398,FARMACIA VICTORIA,CHACO,1,5.D,6,"0,623","0,000","0,000","0,985"
11849341,FARMACIA VILLEGAS,BUENOS AIRES,1,3.B,4,"4,495","0,394","0,000","3,502"
11849232,FARMACIA VITA FARMA,RIO NEGRO,1,2.A,3,"3,990","0,000","0,000","4,926"
11849449,FARMACIA WELSCHEN,SANTA FE,1,5.D,6,"-0,072","0,000","0,000","-0,065"
11849336,FARMACIA YACOMELLA,BUENOS AIRES,1,N,2,"3,738","0,500","0,000","0,000"
5149076,FARMACIA ZAKROISKI,BUENOS AIRES,1,N,2,"0,593","0,000","0,000","0,000"
11849269,FARMACIA ZANELLO,CORDOBA,1,3.B,4,"2,020","0,000","0,000","9,800"
11849279,FARMACIA ZITWA,BUENOS AIRES,1,5.D,6,"0,000","0,000","0,000","0,000"
11849389,FARMACIAS MARINA I CRS,BUENOS AIRES,1,5.D,6,"-0,104","0,000","0,000","0,000"
11849388,FARMACIAS MARINA II CRS,BUENOS AIRES,1,5.D,6,"-0,057","0,000","0,000","0,000"
11849365,FARMAPLUS,TUCUMAN,1,4.C,4,"0,956","0,000","0,000","0,898"
11849391,FARMAPLUS II,TUCUMAN,1,5.D,6,"2,811","0,000","0,000","7,975"
11849441,FARMASHOP,MISIONES,1,5.D,6,"-0,001","0,000","0,000","0,000"
11849435,FARMAVIDA,CHACO,1,N,2,"0,000","0,000","0,000","0,000"
11849421,FARMAVITA II,CORDOBA,1,5.D,6,"0,434","0,000","0,000","2,905"
12749610,FAST PAYMENT ALBERTI,BUENOS AIRES,1,N,2,"1,099","0,000","0,000","1,733"
13049743,FAST PAYMENT BOULOGNE,BUENOS AIRES,1,5.D,6,"4,925","-0,350","0,000","3,676"
12749529,FAST PAYMENT DEL CARRIL,CAPITAL FEDERAL,1,5.D,6,"5,164","0,000","0,000","4,685"
12749528,FAST PAYMENT DEVOTO,CAPITAL FEDERAL,1,4.C,4,"2,089","0,000","0,000","1,255"
13049780,FAST PAYMENT DON TORCUATO,BUENOS AIRES,1,N,2,"1,977","-0,870","0,000","2,634"
12749554,FAST PAYMENT LAS HERAS,BUENOS AIRES,1,3.B,4,"-0,058","0,000","0,000","1,824"
12749507,FAST PAYMENT MAQUINISTA SAVIO,BUENOS AIRES,1,4.C,4,"6,943","0,000","0,000","8,764"
13049777,FAST PAYMENT PABLO NOGUES,BUENOS AIRES,1,N,2,"1,527","-0,030","0,000","0,789"
12749598,FAST PAYMENT SAN MARTIN,BUENOS AIRES,1,N,2,"0,518","0,000","0,000","2,000"
13049772,FAST PAYMENT SOURDEAUX,BUENOS AIRES,1,5.D,6,"3,478","-0,346","0,000","2,571"
10349396,FAST PAYMENT SRL CONSTITUCION,BUENOS AIRES,1,4.C,4,"1,000","0,000","0,000","1,000"
10349369,FAST PAYMENT SRL GONNET,BUENOS AIRES,1,3.B,4,"4,167","0,000","0,000","7,432"
10349400,FAST PAYMENT SRL HIPOLITO YRIGOYEN,BUENOS AIRES,1,4.C,4,"1,414","0,000","0,000","1,000"
10349370,FAST PAYMENT SRL L. LA TORRE,BUENOS AIRES,1,4.C,4,"3,000","0,000","0,000","3,000"
12949361,FAST PAYMENT SRL MADERO,BUENOS AIRES,1,4.C,4,"1,728","0,000","0,000","1,758"
12949289,FAST PAYMENT SRL SARMIENTO,BUENOS AIRES,1,2.A,3,"3,952","0,000","0,000","5,554"
10349403,FAST PAYMENT SRL SARMIENTO MATHEU,BUENOS AIRES,1,4.C,4,"3,684","0,000","0,000","4,627"
12749611,FAST PAYMENT TORTUGUITAS,BUENOS AIRES,1,N,2,"0,303","0,000","0,000","2,553"
10349409,FAST PAYMENT VELEZ SARSFIELD,BUENOS AIRES,1,2.A,3,"3,330","0,000","0,000","2,216"
12749522,FAST PAYMENT VILLA ADELINA,BUENOS AIRES,1,4.C,4,"3,635","0,000","0,000","3,549"
12749553,FAST PAYMENT VIRREYES,BUENOS AIRES,1,3.B,4,"1,576","0,000","0,000","3,382"
13049779,FAST PAYMENT VIRREYES,BUENOS AIRES,1,N,2,"2,292","-0,150","0,000","1,598"
8249097,FAVIO VIAJES,CORRIENTES,1,2.A,3,"5,060","0,000","0,000","1,476"
13049014,FEDMAR,BUENOS AIRES,1,2.A,3,"68,157","2,586","0,000","6,644"
12749573,FELDMANN ASESORES DE SEGUROS,MISIONES,1,N,2,"-0,157","0,000","0,000","3,879"
12249232,FELI,CAPITAL FEDERAL,1,1.VIP,2,"2,420","3,559","0,000","1,938"
6749238,FELIPE PAGOS,BUENOS AIRES,1,N,2,"0,000","0,000","0,000","0,000"
11049003,FELIZ EN TU DIA,BUENOS AIRES,1,5.D,6,"0,000","0,000","0,000","0,000"
10049140,FENIX,FORMOSA,1,5.D,6,"0,000","0,000","0,000","0,000"
12749268,FENIX CONSULTING GROUP II,TUCUMAN,1,4.C,4,"3,936","0,500","0,000","7,000"
12749145,FENIX CONSULTING GRUP,TUCUMAN,1,4.C,4,"7,228","0,732","0,000","14,000"
13049096,FENIX DRUGESTORE,CORDOBA,1,N,2,"0,000","0,000","0,000","0,000"
13049513,FENIX DRUGSTORE,ENTRE RIOS,1,5.D,6,"15,027","0,000","0,000","9,610"
7449254,FENIX INDUMENTARIA,MENDOZA,1,4.C,4,"5,979","0,000","0,000","9,000"
11949752,FER MAR,SANTA FE,1,N,2,"0,000","0,000","0,000","0,000"
12849881,FERIA EL MANA,BUENOS AIRES,1,N,2,"2,996","0,000","0,000","0,000"
12849683,FERIA LURO,BUENOS AIRES,1,2.A,3,"4,822","1,400","0,000","0,000"
11949327,FERIMUNRO 2,BUENOS AIRES,1,2.A,3,"1,484","0,000","0,000","6,000"
6749226,FERRESUR,SANTA FE,1,5.D,6,"1,309","0,276","0,000","0,883"
6749250,FERRET GOD BLESS YOU (SOLO PEI),NEUQUEN,1,N,2,"-0,002","0,000","0,000","-0,002"
6749118,FERRETERA DEL NORTE,MISIONES,1,N,2,"4,191","0,000","0,000","0,000"
6749173,FERRETERIA ALEM,TUCUMAN,1,N,2,"2,915","0,236","0,000","0,000"
6749231,FERRETERIA ALVAREZ,SANTIAGO DEL ESTERO,1,5.D,6,"-0,070","0,000","0,000","-0,006"
6749227,FERRETERIA EDITH,BUENOS AIRES,1,5.D,6,"1,735","0,000","0,000","1,000"
6749178,FERRETERIA EL COSITO,BUENOS AIRES,1,N,2,"2,800","1,037","0,000","0,000"
6749248,FERRETERIA EL CRUCE (SOLO PEI),SAN LUIS,1,N,2,"-0,025","0,000","0,000","-0,026"
6749183,FERRETERIA EL GLOBO,BUENOS AIRES,1,N,2,"0,587","0,000","0,000","0,000"
6749242,FERRETERIA F&V,BUENOS AIRES,1,5.D,6,"-0,078","-0,068","0,000","-0,047"
6749234,FERRETERIA GILDO,MISIONES,1,5.D,6,"-0,051","0,000","0,000","-0,014"
6749202,FERRETERIA JUJUY,SANTA FE,1,5.D,6,"0,032","0,194","0,000","1,000"
6749204,FERRETERIA L Y L,MISIONES,1,N,2,"1,062","0,184","0,000","0,000"
6749223,FERRETERIA LA 32,BUENOS AIRES,1,5.D,6,"1,169","0,000","0,000","1,000"
6749229,FERRETERIA LA COLONIA,MISIONES,1,5.D,6,"-0,089","0,000","0,000","-0,025"
6749203,FERRETERIA LG,CORDOBA,1,N,2,"2,220","0,268","0,000","0,000"
6749134,FERRETERIA LO DE TITO,CORDOBA,1,4.C,4,"4,464","0,992","0,000","2,000"
6749245,FERRETERIA LOS 3 HNOS,TUCUMAN,1,5.D,6,"-0,209","-0,022","0,000","-0,061"
6749230,FERRETERIA LUBRICENTRO,MENDOZA,1,5.D,6,"-0,069","0,000","0,000","-0,037"
6749164,FERRETERIA MADERAM,MISIONES,1,N,2,"2,267","0,000","0,000","0,000"
6749141,FERRETERIA MARTINI,SANTA FE,1,N,2,"0,660","0,772","0,000","0,000"
6749187,FERRETERIA MITRE,MENDOZA,1,3.B,4,"3,305","-0,066","0,000","11,575"
6749232,FERRETERIA PIQUINO,SALTA,1,4.C,4,"-0,222","0,000","0,000","-0,025"
6749130,FERRETERIA POPULAR,SAN JUAN,1,N,2,"1,891","0,000","0,000","0,000"
6749200,FERRETERIA SAN DIEGO,BUENOS AIRES,1,N,2,"2,342","0,608","0,000","0,000"
6749228,FERRETERIA SAN IGNACIO,SANTA FE,1,4.C,4,"5,014","0,000","0,000","2,000"
6749218,FERRETERIA STOP,BUENOS AIRES,1,5.D,6,"5,250","0,000","0,000","0,000"
6749247,FERRETERIA TIO JULIO,BUENOS AIRES,1,N,2,"4,683","-0,244","0,000","4,679"
6749235,FERRETERIA Y MUEBLERIA SAN MARTIN,SAN JUAN,1,5.D,6,"0,000","0,000","0,000","4,000"
6749221,FERRETEX,SANTA FE,1,N,2,"0,000","0,000","0,000","1,000"
8849844,FES COMUNICACIONES Y VENTAS,SANTIAGO DEL ESTERO,1,N,2,"4,206","0,000","0,000","0,000"
9149117,FFV,CAPITAL FEDERAL,1,3.B,4,"3,264","-0,363","0,000","2,289"
12749580,FG SEGUROS,SALTA,1,N,2,"0,000","0,000","0,000","0,000"
9749726,FIAMBRERIA BAEZ,JUJUY,1,2.A,3,"4,305","0,000","0,000","1,000"
6649079,FIAMBRERIA DONA AIDA,SANTA FE,1,5.D,6,"0,000","0,000","0,000","0,000"
9749773,FIAMBRERIA INDUSTRIAL,CORDOBA,1,5.D,6,"5,268","0,000","0,000","2,000"
6649031,FIAMBRERIA LOS INCAS,BUENOS AIRES,1,N,2,"0,602","0,000","0,000","0,000"
6649064,FIAMBRERIA PATAGONIA,NEUQUEN,1,N,2,"0,116","0,000","0,000","0,000"
11449140,FIGUEROA COMUNICACIONES,TUCUMAN,1,4.C,4,"-0,206","0,490","0,000","3,954"
12849569,FILA CERO,SALTA,1,3.B,4,"1,678","1,580","0,000","3,902"
12849977,FILA CERO II,SALTA,1,4.C,4,"1,782","0,000","0,000","2,928"
11849083,FILIAL PEYRANO,SANTA FE,1,4.C,4,"-0,030","0,000","0,000","1,000"
6949923,FINAI,SALTA,1,5.D,6,"-0,054","0,000","0,000","-0,027"
8149328,FINANCAL,BUENOS AIRES,1,5.D,6,"-0,069","0,000","0,000","0,000"
12749533,FINANCIA,ENTRE RIOS,1,5.D,6,"-0,022","0,000","0,000","-0,007"
12749578,FINANCIA CARREFOUR,ENTRE RIOS,1,5.D,6,"0,000","0,000","0,000","0,000"
8149116,FINANCIERA ALCANCE,CORDOBA,1,4.C,4,"-0,435","0,000","0,000","-0,008"
8149136,FINANCIERA CREDICAJA,SANTA FE,1,3.B,4,"1,257","0,000","0,000","3,000"
8149142,FINANCIERA CREDICAJA II,SANTA FE,1,4.C,4,"0,963","0,000","0,000","7,000"
12749004,FINANCIERA ORO BLACK,ENTRE RIOS,1,3.B,4,"5,415","0,000","0,000","0,000"
12949576,FINCA CRISMAJO,MENDOZA,1,5.D,6,"3,832","0,000","0,000","3,898"
7149148,FINOS TRAZOS FANDOM,MISIONES,1,N,2,"-0,137","-0,056","0,000","-0,048"
6949860,FINOS TRAZOS POSADAS,MISIONES,1,3.B,4,"1,110","0,000","0,000","2,857"
6449457,FINX SAS,SANTA FE,1,1.VIP,2,"4,959","0,000","0,000","1,496"
10349287,FITPRO,BUENOS AIRES,1,N,2,"1,682","0,130","0,000","0,000"
6149549,FL4 COMMODO DISCO AT BROWN,BUENOS AIRES,1,N,2,"5,400","1,436","0,000","2,000"
6149548,FL4 COMMODO DISCO BANFIELD,BUENOS AIRES,1,1.VIP,2,"11,495","0,767","0,000","15,000"
6149547,FL4 COMMODO DISCO CASTELAR NOR,BUENOS AIRES,1,2.A,3,"3,000","1,452","0,000","3,000"
6149546,FL4 COMMODO VEA MERLO,BUENOS AIRES,1,1.VIP,2,"3,000","1,000","0,000","3,000"
7149113,FL4 DISCO CANNING,BUENOS AIRES,1,1.VIP,2,"7,000","2,000","0,000","6,000"
12849863,FL4 DISCO RAMOS,BUENOS AIRES,1,2.A,3,"3,799","0,000","0,000","3,000"
12849633,FL4 PAGOS AMERICA,BUENOS AIRES,1,1.VIP,2,"4,676","0,000","0,000","5,000"
12849607,FL4 PAGOS MAFALDA,BUENOS AIRES,1,1.VIP,2,"5,908","0,000","0,000","6,000"
12849608,FL4 PAGOS SAN MARTIN,BUENOS AIRES,1,1.VIP,2,"5,517","1,478","0,000","10,000"
12949680,FLASH COIN,CAPITAL FEDERAL,1,N,2,"1,969","0,000","0,000","1,874"
12949679,FLASH COIN 2,CAPITAL FEDERAL,1,N,2,"3,919","0,000","0,000","1,260"
12949681,FLASH COIN 3,CAPITAL FEDERAL,1,N,2,"2,099","0,000","0,000","2,546"
12949745,FLASH COIN 4,CAPITAL FEDERAL,1,N,2,"0,709","-0,478","0,000","0,785"
12649555,FLECHA,SANTA FE,1,2.A,3,"1,375","0,000","0,000","2,000"
11849406,FLEXY FARM MITRE 1161,BUENOS AIRES,1,5.D,6,"0,296","0,000","0,000","3,916"
11849371,FLEXY FARM SCS,BUENOS AIRES,1,4.C,4,"1,069","0,000","0,000","5,000"
11849411,FLEXY FARM TABOADA,BUENOS AIRES,1,4.C,4,"0,302","0,000","0,000","10,000"
8249099,FLOPY I,BUENOS AIRES,1,N,2,"0,000","0,000","0,000","0,000"
8249100,FLOPY II,BUENOS AIRES,1,N,2,"0,000","0,000","0,000","0,000"
8249101,FLOPY III,BUENOS AIRES,1,N,2,"1,946","0,000","0,000","0,000"
12749248,FLOR SEGUROS,ENTRE RIOS,1,4.C,4,"0,526","0,500","0,000","1,000"
12749633,FLORES MARIA FERNANDA,RIO NEGRO,1,N,2,"0,598","0,000","0,000","2,000"
12949309,FLORIDA 15,CAPITAL FEDERAL,1,N,2,"5,153","0,000","0,000","0,000"
11949985,FLORIDA 780,CAPITAL FEDERAL,1,5.D,6,"3,487","0,000","0,000","0,948"
12849636,FLOW DRUGSTORE,CAPITAL FEDERAL,1,N,2,"3,339","0,500","0,000","0,000"
10349171,FM RURAL,MISIONES,1,N,2,"0,000","0,000","0,000","0,000"
12749216,FMF ORGANIZACION DE SEGUROS,BUENOS AIRES,1,5.D,6,"-0,093","0,184","0,000","0,926"
12749290,FMF ORGANIZACION DE SEGUROS JUNIN,BUENOS AIRES,1,5.D,6,"-0,053","0,468","0,000","0,960"
12749369,FML,CAPITAL FEDERAL,1,1.VIP,2,"1,471","-1,329","0,000","0,502"
11649371,FONOCHAT,MENDOZA,1,4.C,4,"1,756","0,500","0,000","2,938"
8049370,FONOSHOP II,SAN JUAN,1,N,2,"2,978","0,558","0,000","0,000"
9549016,FOREST PAGOS,CAPITAL FEDERAL,1,N,2,"6,223","1,274","0,000","0,000"
11449138,FORMATEK,BUENOS AIRES,1,4.C,4,"1,051","0,000","0,000","5,000"
12149164,FORRAJERIA  PROSPERO MENA,TUCUMAN,1,2.A,3,"5,011","0,000","0,000","4,694"
10949043,FORRAJERIA 360,CORRIENTES,1,1.VIP,2,"1,233","0,000","0,000","1,547"
6149447,FORRAJERIA C Y G,BUENOS AIRES,1,2.A,3,"2,426","0,000","0,000","2,579"
9749842,FORRAJERIA CUYO,CORDOBA,1,5.D,6,"-0,152","0,000","0,000","0,950"
8449007,FORRAJERIA EL ABUELO JUAN,CORDOBA,1,4.C,4,"2,369","0,000","0,000","2,000"
12149185,FORRAJERIA HUELLITAS,JUJUY,1,N,2,"1,305","0,000","0,000","0,000"
12949783,FORRAJERIA MATIAS,TUCUMAN,1,N,2,"-0,014","0,000","0,000","-0,001"
11949822,FORRAJERIA VAGONETA,MISIONES,1,5.D,6,"0,455","1,692","0,000","1,000"
9949038,FORUMCORP,SANTA FE,1,N,2,"1,795","0,359","0,000","0,000"
6949686,FOTOCOPIADORA CENTRO,CORDOBA,1,N,2,"3,034","0,000","0,000","0,000"
6949472,FOTOCOPIADORA DEL CENTRO,LA RIOJA,1,5.D,6,"-0,025","-0,016","0,000","5,960"
6949939,FOTOCOPIADORA DUVAL,LA PAMPA,1,N,2,"-0,037","0,000","0,000","-0,029"
7149141,FOTOCOPIADORA EMMA,JUJUY,1,N,2,"4,068","0,000","0,000","3,979"
7149151,FOTOCOPIADORA IPV,SALTA,1,N,2,"1,636","-0,018","0,000","1,739"
12649074,FOTOCOPIADORA JOAQUI I,CORDOBA,1,3.B,4,"-0,407","1,916","0,000","6,659"
7149039,FOTOCOPIADORA JUAQUI,CORDOBA,1,2.A,3,"2,037","1,000","0,000","8,572"
7149081,FOTOCOPIADORA MANUEL,CATAMARCA,1,2.A,3,"2,512","0,094","0,000","9,720"
12849533,FOTOCOPIADORA MANUEL 2,CATAMARCA,1,N,2,"4,656","0,422","0,000","0,000"
7549437,FOTOCOPIADORA NABIL,SANTIAGO DEL ESTERO,1,2.A,3,"1,558","0,000","0,000","2,872"
6949347,FOTOCOPIADORA Y LIBRERIA B Y N,SALTA,1,3.B,4,"6,834","0,000","0,000","4,883"
6949772,FOTOCOPIADORA Y LIBRERIA B Y N II,SALTA,1,1.VIP,2,"1,852","-0,093","0,000","2,791"
12849488,FOTOCOPIAS ATIR,CHACO,1,2.A,3,"1,911","0,170","0,000","1,803"
6949678,FOTOCOPIAS BAUTY,SANTIAGO DEL ESTERO,1,5.D,6,"-0,034","0,214","0,000","-0,003"
7149136,FOTOCOPIAS E IMPRESIONES MARIANO,MISIONES,1,5.D,6,"0,000","0,000","0,000","0,000"
6949358,FOTOCOPIAS LUMIFOT,BUENOS AIRES,1,3.B,4,"2,525","0,000","0,000","2,462"
7149109,FOTOCOPIAS MAXI,LA RIOJA,1,N,2,"1,464","0,886","0,000","0,000"
6549076,FOTOGRAFIA COLOR,CORDOBA,1,3.B,4,"6,279","0,000","0,000","5,130"
6549078,FOTOGRAFIA NOCIONI,CORDOBA,1,5.D,6,"-0,004","0,000","0,000","-0,011"
12449612,FOTOMARKET,MENDOZA,1,N,2,"7,279","1,323","0,000","0,000"
7549887,FRAN TAHY,BUENOS AIRES,1,N,2,"0,000","0,000","0,000","0,000"
10249964,FRANCISCO,CHACO,1,2.A,3,"1,236","0,000","0,000","5,915"
10249963,FRANCISCO 1,CHACO,1,4.C,4,"-0,099","0,000","0,000","0,975"
7549386,FRANCO VIDEO,BUENOS AIRES,1,3.B,4,"2,637","0,000","0,000","0,461"
12949418,FRANZULE,BUENOS AIRES,1,4.C,4,"0,933","0,000","0,000","4,000"
9849307,FRAPPE GELATTO SOLO PEI,CHUBUT,1,N,2,"0,000","0,000","0,000","0,000"
7849067,FRATELLO PROPIEDADES,CHUBUT,1,5.D,6,"0,000","0,000","0,000","2,000"
13049639,FREE TIME,MENDOZA,1,5.D,6,"0,000","0,000","0,000","0,000"
12849237,FRESIA PAGOS,CORDOBA,1,2.A,3,"3,654","1,102","0,000","11,744"
12849070,FRIDA,SANTIAGO DEL ESTERO,1,4.C,4,"-0,208","0,096","0,000","4,950"
12649294,FRIDA 2,SANTIAGO DEL ESTERO,1,N,2,"1,135","0,500","0,000","0,000"
12949101,FRIDA DE BANDERA,SANTIAGO DEL ESTERO,1,4.C,4,"0,170","0,490","0,000","0,951"
7249145,FRIDA PASEO DE COMPRAS,SANTA FE,1,N,2,"2,849","0,000","0,000","0,000"
5749064,FRITS COMEDOR,SANTA FE,1,5.D,6,"0,000","0,000","0,000","0,000"
9749607,FRONTERA IGUAZU,MISIONES,1,1.VIP,2,"0,835","0,002","0,000","0,946"
11449143,FRONTERA IGUAZU 2,MISIONES,1,4.C,4,"-0,163","0,000","0,000","0,954"
13049059,FROZONO MULTISHOP,TIERRA DEL FUEGO,1,2.A,3,"1,748","0,000","0,000","1,900"
12749278,FRUET & LOZANO ORGANIZACION DE SEGUROS,MISIONES,1,N,2,"3,592","0,500","0,000","0,000"
9749527,FRUT Y VER,SANTA CRUZ,1,N,2,"0,908","0,382","0,000","0,000"
12149206,FRUTERIA Y ALMACEN M Y S,CHACO,1,4.C,4,"0,372","0,000","0,000","0,000"
6749220,FSE E HIJOS,BUENOS AIRES,1,3.B,4,"6,806","0,000","0,000","2,355"
8249200,FTE SOLUTIONS,SANTA CRUZ,1,1.VIP,2,"1,736","0,000","0,000","3,769"
6349528,FTE SOLUTIONS 2,SANTA CRUZ,1,5.D,6,"13,489","0,000","0,000","4,000"
8249221,FTE SOLUTIONS 3 -EL CHALTEN,SANTA CRUZ,1,N,2,"2,626","0,000","0,000","12,000"
12049532,FUERA DE HORA,CORDOBA,1,4.C,4,"-0,391","0,000","0,000","0,000"
12949387,FULL 31,CAPITAL FEDERAL,1,N,2,"6,856","0,000","0,000","0,000"
5349613,FULL AHORRO,BUENOS AIRES,1,N,2,"0,253","-0,220","0,000","3,455"
13049380,FULL CENTER,SANTA FE,1,5.D,6,"0,903","0,000","0,000","1,000"
12849201,FULL DRUGSTORE CENTENARIO,NEUQUEN,1,2.A,3,"4,145","0,076","0,000","6,753"
12849343,FULL DRUGSTORE EL MANZANO,RIO NEGRO,1,N,2,"1,574","0,500","0,000","0,000"
5349635,FULL MARKET AGBL,BUENOS AIRES,1,N,2,"0,622","-0,048","0,000","0,752"
12949293,FULL MASCOTAS,BUENOS AIRES,1,N,2,"0,000","0,000","0,000","0,000"
13049757,FULLTIME(SOLO PEI),BUENOS AIRES,1,5.D,6,"-0,002","0,000","0,000","0,000"
9749799,FUNES PAGO,SANTA FE,1,2.A,3,"7,759","0,000","0,000","12,000"
11449112,FUSION COMPUTACION Y ELECTRONICA,SANTA FE,1,2.A,3,"3,188","0,000","0,000","7,601"
6749249,FYR MATERIALES,MENDOZA,1,5.D,6,"-0,079","-0,092","0,000","-0,058"
8249161,G BARUJEL,CORDOBA,1,1.VIP,2,"1,988","2,940","0,000","6,616"
10049022,G Y G COMPUTACION,BUENOS AIRES,1,2.A,3,"1,983","0,190","0,000","0,000"
10049109,G Y G COMPUTACION,BUENOS AIRES,1,2.A,3,"3,473","1,678","0,000","2,138"
12949726,G&N PAGOS,BUENOS AIRES,1,N,2,"0,659","-0,530","0,000","-0,047"
7449186,G.A.SPORT,LA RIOJA,1,N,2,"0,087","0,516","0,000","0,000"
11649352,GABYSER,BUENOS AIRES,1,1.VIP,2,"4,674","0,000","0,000","3,694"
12949517,GALERIA CENTRAL,BUENOS AIRES,1,4.C,4,"2,263","0,000","0,000","5,608"
12049736,GALERIA COMERCIAL LOS 2 VIEJOS,CORDOBA,1,1.VIP,2,"3,673","0,574","0,000","3,645"
7249209,GALERIA CRISTINA,JUJUY,1,N,2,"1,889","0,000","0,000","9,000"
12949301,GALERIA VUELA CLUB,CAPITAL FEDERAL,1,5.D,6,"0,101","0,000","0,000","-0,004"
12449736,GALERIA YRIGOYEN,JUJUY,1,1.VIP,2,"2,492","0,000","0,000","2,000"
6949819,GALLEGOS LIBRERIA Y KIOSCO,CORDOBA,1,N,2,"0,000","0,000","0,000","0,000"
7849102,GALO,CORDOBA,1,2.A,3,"3,481","0,000","0,000","6,000"
12749241,GAMA VIAJES,BUENOS AIRES,1,N,2,"4,000","0,500","0,000","0,000"
13049523,GAMBITO,BUENOS AIRES,1,5.D,6,"0,000","0,000","0,000","0,000"
12449829,GANESHA,SALTA,1,4.C,4,"-0,057","0,420","0,000","1,989"
7249152,GANESHA TIENDA DE REGALOS,BUENOS AIRES,1,N,2,"0,000","0,000","0,000","0,000"
9349034,GAONA SHOES,CAPITAL FEDERAL,1,2.A,3,"1,057","0,112","0,000","0,000"
9349041,GAONA SHOES,CAPITAL FEDERAL,1,2.A,3,"4,511","1,506","0,000","4,647"
6949651,GARABATOS,CORRIENTES,1,2.A,3,"0,647","0,000","0,000","-0,043"
6949547,GARABATOS LIBRERIA,ENTRE RIOS,1,1.VIP,2,"3,353","-0,122","0,000","8,945"
5349617,GARCIA ROSA,MENDOZA,1,N,2,"0,995","0,000","0,000","2,000"
5449447,GARCIA Y OLIVERO (AREQUITO),SANTA FE,1,5.D,6,"0,000","0,000","0,000","1,000"
5449502,GARCIA Y OLIVERO (ARMSTRONG II),SANTA FE,1,3.B,4,"1,934","0,000","0,000","9,000"
5414000,GARCIA Y OLIVERO (ARMSTRONG),SANTA FE,1,4.C,4,"1,971","0,000","0,000","7,000"
5414005,GARCIA Y OLIVERO (ARTEAGA),SANTA FE,1,5.D,6,"3,228","0,000","0,000","4,000"
5449410,GARCIA Y OLIVERO (BELL VILLE),CORDOBA,1,5.D,6,"0,000","0,000","0,000","1,000"
5449443,GARCIA Y OLIVERO (CAMILO ALDAO),CORDOBA,1,5.D,6,"0,983","0,000","0,000","0,000"
5414001,GARCIA Y OLIVERO (CANADA DE GOMEZ),SANTA FE,1,2.A,3,"3,057","0,000","0,000","8,000"
5449501,GARCIA Y OLIVERO (CARCARANA II),SANTA FE,1,4.C,4,"0,000","0,000","0,000","1,000"
5449464,GARCIA Y OLIVERO (CARLOS PELLEGRINI),SANTA FE,1,5.D,6,"0,421","0,000","0,000","1,000"
5414004,GARCIA Y OLIVERO (CRUZ ALTA),CORDOBA,1,5.D,6,"0,564","0,000","0,000","1,000"
5449393,GARCIA Y OLIVERO (EL TREBOL),SANTA FE,1,5.D,6,"1,558","1,000","0,000","1,000"
5449446,GARCIA Y OLIVERO (FUNES 2),SANTA FE,1,5.D,6,"0,868","0,000","0,000","1,000"
5414002,GARCIA Y OLIVERO (FUNES),SANTA FE,1,5.D,6,"0,644","0,000","0,000","1,000"
5449403,GARCIA Y OLIVERO (INRIVILLE),CORDOBA,1,5.D,6,"0,000","0,000","0,000","2,000"
5449463,GARCIA Y OLIVERO (J. POSSE),CORDOBA,1,5.D,6,"1,529","0,000","0,000","2,000"
5414007,GARCIA Y OLIVERO (LAS PAREJAS),SANTA FE,1,N,2,"0,000","0,000","0,000","0,000"
5414006,GARCIA Y OLIVERO (LAS ROSAS),SANTA FE,1,4.C,4,"0,098","0,000","0,000","2,000"
5414009,GARCIA Y OLIVERO (LOS SURGENTES),CORDOBA,1,5.D,6,"0,984","0,000","0,000","5,000"
5414008,GARCIA Y OLIVERO (MARCOS JUAREZ),CORDOBA,1,5.D,6,"0,880","1,000","0,000","0,000"
5414010,GARCIA Y OLIVERO (MARIA SUSANA),SANTA FE,1,5.D,6,"0,555","0,000","0,000","1,000"
5449444,GARCIA Y OLIVERO (MONTE BUEY),CORDOBA,1,5.D,6,"0,058","0,000","0,000","2,000"
5449451,GARCIA Y OLIVERO (MONTES DE OCA),SANTA FE,1,N,2,"0,000","0,000","0,000","0,000"
5449466,GARCIA Y OLIVERO (NOETINGER),CORDOBA,1,5.D,6,"0,592","0,000","0,000","1,000"
5449392,GARCIA Y OLIVERO (PIAMONTE),SANTA FE,1,5.D,6,"0,000","0,000","0,000","2,000"
5449411,GARCIA Y OLIVERO (SAN GENARO),SANTA FE,1,5.D,6,"0,000","0,000","0,000","1,000"
5449452,GARCIA Y OLIVERO (TORTUGAS),SANTA FE,1,N,2,"0,000","0,000","0,000","0,000"
5449450,GARCIA Y OLIVERO (TOTORAS),SANTA FE,1,5.D,6,"0,611","1,000","0,000","1,000"
5449445,GARCIA Y OLIVERO (VILLA ELOISA),SANTA FE,1,4.C,4,"1,429","0,000","0,000","4,000"
5449590,GARCIA Y OLIVERO GENERAL ROCA,CORDOBA,1,N,2,"0,000","0,000","0,000","0,000"
5414012,GARCIA Y OLIVERO LEONES,CORDOBA,1,4.C,4,"0,071","0,000","0,000","1,000"
5449589,GARCIA Y OLIVERO MONTES DE OCA,SANTA FE,1,N,2,"0,000","0,000","0,000","1,000"
5449587,GARCIA Y OLIVERO ROLDAN,SANTA FE,1,5.D,6,"0,000","0,000","0,000","1,000"
5449591,GARCIA Y OLIVERO SAN JORGE,SANTA FE,1,5.D,6,"0,000","0,000","0,000","1,000"
5449448,GARCIA Y OLIVERO SAN JOSE DE LA,SANTA FE,1,5.D,6,"0,000","0,000","0,000","2,000"
5449588,GARCIA Y OLIVERO TORTUGA,SANTA FE,1,5.D,6,"0,000","0,000","0,000","0,000"
11349084,GARDENIA,CHUBUT,1,N,2,"5,496","0,000","0,000","4,000"
8149826,GARROTE Y ASOCIADOS,BUENOS AIRES,1,4.C,4,"1,443","0,000","0,000","0,000"
6149497,GAVIMAR,BUENOS AIRES,1,2.A,3,"2,795","1,708","0,000","3,846"
12949430,GCELL,BUENOS AIRES,1,4.C,4,"0,000","0,000","0,000","0,000"
10849087,GDNEUMATICOS FIGHIERA,SANTA FE,1,5.D,6,"-0,053","0,000","0,000","0,000"
7249236,GEA DECCO,BUENOS AIRES,1,N,2,"5,300","0,000","0,000","3,943"
90049071,GELLER ABOGADOS,ENTRE RIOS,1,5.D,6,"0,000","0,000","0,000","0,000"
12949210,GENADE,BUENOS AIRES,1,N,2,"0,000","0,000","0,000","0,000"
12449130,GENESIS,SANTA FE,1,2.A,3,"2,129","-0,012","0,000","1,495"
6949862,GENESIS,SANTA FE,1,4.C,4,"1,524","0,000","0,000","3,000"
7449276,GENESIS AROMAS,BUENOS AIRES,1,N,2,"-0,087","-0,022","0,000","-0,019"
10049077,GENESIS STC,BUENOS AIRES,1,N,2,"5,054","0,758","0,000","0,000"
10949042,GENESIS VETERINARIA,MISIONES,1,4.C,4,"1,403","0,000","0,000","0,000"
10449050,GENTINO LAS HERAS,BUENOS AIRES,1,N,2,"0,955","0,000","0,000","0,000"
10449051,GENTINO URQUIZA,BUENOS AIRES,1,5.D,6,"0,337","0,000","0,000","0,000"
12649152,GERAL,RIO NEGRO,1,1.VIP,2,"5,623","1,018","0,000","7,000"
12949587,GERAL,RIO NEGRO,1,N,2,"5,762","0,000","0,000","4,000"
12649387,GERONIMO,FORMOSA,1,1.VIP,2,"5,044","0,000","0,000","6,000"
10349495,GESTIOESTUDIO SERVICIOS,MISIONES,1,5.D,6,"-0,055","0,000","0,000","0,000"
6449362,GESTION INTEGRAL DE COBRANZAS S.A.,SANTA FE,1,5.D,6,"0,000","0,000","0,000","0,000"
7149135,GESTION Y COBRANZA ANDREA MAGRI,MISIONES,1,4.C,4,"-0,316","0,000","0,000","1,785"
6949933,GESTIONES GENERALES,ENTRE RIOS,1,N,2,"-0,008","0,000","0,000","-0,004"
10349501,GESTORIA AGUIRRE,CORDOBA,1,N,2,"0,000","0,000","0,000","0,000"
10349076,GESTORIA ANGY,SANTA CRUZ,1,1.VIP,2,"32,654","0,000","0,000","4,773"
10349057,GESTORIA ANTONELLA,BUENOS AIRES,1,N,2,"3,630","0,572","0,000","0,000"
10349338,GESTORIA BELGRANO,SANTA FE,1,N,2,"2,949","0,880","0,000","0,000"
10349165,GESTORIA BINAGHI,BUENOS AIRES,1,5.D,6,"0,459","0,000","0,000","0,000"
10349185,GESTORIA CHASCOMUS,BUENOS AIRES,1,1.VIP,2,"5,872","1,000","0,000","2,000"
10349502,GESTORIA CHASCOMUS CRS,BUENOS AIRES,1,N,2,"4,180","-1,406","0,000","5,975"
10349450,GESTORIA CRUZ ALTA,CORDOBA,1,5.D,6,"0,000","0,000","0,000","0,000"
10349344,GESTORIA DEL AUTOMOTOR,FORMOSA,1,4.C,4,"-0,054","0,000","0,000","0,000"
10349438,GESTORIA DEL AUTOMOTOR SILVERA,MISIONES,1,5.D,6,"-0,025","0,000","0,000","0,000"
10349105,GESTORIA DEL VALLE,RIO NEGRO,1,N,2,"0,939","0,000","0,000","0,000"
8049061,GESTORIA EXPRESS,CORDOBA,1,N,2,"2,035","0,000","0,000","0,000"
10349200,GESTORIA GARZA,MISIONES,1,5.D,6,"0,286","0,000","0,000","-0,007"
10349180,GESTORIA GONZALEZ,CORDOBA,1,2.A,3,"2,793","0,766","0,000","1,397"
10349447,GESTORIA GUARANI,MISIONES,1,2.A,3,"1,650","0,000","0,000","6,874"
10349190,GESTORIA INTEGRAL,SANTA FE,1,N,2,"0,000","0,000","0,000","0,000"
10349107,GESTORIA INTEGRAL DEL AUTOMOTOR,CORDOBA,1,2.A,3,"1,061","0,301","0,000","0,000"
10349503,GESTORIA INTEGRAL DEL AUTOMOTOR,ENTRE RIOS,1,5.D,6,"-0,145","0,000","0,000","-0,063"
12749511,GESTORIA INTEGRAL DEL AUTOMOTOR,SAN LUIS,1,5.D,6,"0,000","0,000","0,000","1,000"
10349189,GESTORIA INTEGRAL I,SANTA FE,1,N,2,"0,000","0,000","0,000","0,000"
10349138,GESTORIA NACIONAL,BUENOS AIRES,1,5.D,6,"0,135","0,000","0,000","-0,120"
10349493,GESTORIA NOLAZCO Y ASOCIADOS,MISIONES,1,5.D,6,"-0,122","-0,016","0,000","-0,017"
9749420,GESTORIA SOSA,CORRIENTES,1,N,2,"0,000","0,000","0,000","0,000"
8149510,GESTORIA Y SEGUROS C Y G,BUENOS AIRES,1,4.C,4,"1,835","0,000","0,000","2,000"
6349442,GG TECNO SUC TERMINAL DE ONMIBUS,CORDOBA,1,N,2,"0,758","0,000","0,000","0,000"
10349392,GIRASOL DOS CUBA,NEUQUEN,1,5.D,6,"2,677","0,000","0,000","0,000"
10349494,GIROS,MENDOZA,1,N,2,"-0,102","-0,034","0,000","0,933"
12749149,GIROS INTERNACIONALES,MENDOZA,1,3.B,4,"-0,199","5,657","0,000","0,000"
12949563,GIROS NEXT SERVICE,CAPITAL FEDERAL,1,5.D,6,"0,000","0,000","0,000","0,000"
12949120,GIROSFRANK III,CAPITAL FEDERAL,1,4.C,4,"0,000","1,088","0,000","2,000"
9749507,GIUSEPPE,CORDOBA,1,4.C,4,"2,308","1,015","0,000","0,000"
11849367,GL FARMA,BUENOS AIRES,1,4.C,4,"0,990","0,000","0,000","3,674"
11749019,GLADNESS,JUJUY,1,2.A,3,"0,998","0,502","0,000","2,938"
6249165,GLAM,MENDOZA,1,N,2,"-0,238","-0,184","0,000","-0,131"
7849062,GLASS Y GLASS,CHUBUT,1,5.D,6,"-0,041","0,000","0,000","-0,034"
12349079,GLM,CORDOBA,1,N,2,"11,196","0,000","0,000","33,535"
6749219,GLOBAL EXPRESS,CORRIENTES,1,2.A,3,"5,214","0,000","0,000","4,430"
6449431,GLOBAL NET GROUP MORON,BUENOS AIRES,1,1.VIP,2,"6,053","0,000","0,000","4,000"
11449106,GLOBALTECK,ENTRE RIOS,1,N,2,"0,002","0,000","0,000","0,000"
12749107,GM SEGUROS,MENDOZA,1,5.D,6,"0,000","0,000","0,000","2,000"
12749575,GM SEGUROS,MENDOZA,1,N,2,"1,996","0,000","0,000","1,382"
8149391,GM SEGUROS EL JAGUEL,BUENOS AIRES,1,5.D,6,"0,575","0,000","0,000","0,000"
12749108,GM SEGUROS II,MENDOZA,1,3.B,4,"6,059","1,420","0,000","8,000"
10349505,GM SEGUROS II,MENDOZA,1,N,2,"-0,010","0,000","0,000","-0,004"
12749109,GM SEGUROS III,MENDOZA,1,4.C,4,"2,394","0,434","0,000","5,000"
10349506,GM SEGUROS III,MENDOZA,1,5.D,6,"-0,079","0,000","0,000","-0,063"
8149390,GM SEGUROS TEMPERLEY,BUENOS AIRES,1,N,2,"0,047","0,000","0,000","0,000"
5249076,GN - COM SRL,CORDOBA,1,N,2,"3,770","0,784","0,000","0,000"
5249121,GN_COM SRL II,CORDOBA,1,N,2,"4,123","0,000","0,000","0,000"
12449498,GNOMOS II,BUENOS AIRES,1,2.A,3,"4,362","0,514","0,000","1,923"
8149669,GOBBO CARLOS,SANTA FE,1,3.B,4,"1,194","0,000","0,000","5,795"
13049239,GOLDEN AND BLUE,NEUQUEN,1,5.D,6,"0,000","0,000","0,000","0,000"
8249105,GOLFO SUR VIAJES SRL,SANTA CRUZ,1,1.VIP,2,"2,102","0,083","0,000","0,424"
12949489,GOLIAT,CAPITAL FEDERAL,1,4.C,4,"0,428","0,000","0,000","2,000"
13049563,GOLOFIOR,BUENOS AIRES,1,5.D,6,"14,009","0,000","0,000","25,000"
10849069,GOMERIA MOSATI,CORDOBA,1,N,2,"4,000","0,444","0,000","0,000"
9749599,GOMEZ IVAN MAXIMILIANO,SANTA FE,1,2.A,3,"0,756","1,042","0,000","4,846"
7849045,GOMEZ JAVIER,BUENOS AIRES,1,N,2,"1,941","0,000","0,000","0,000"
12449708,GOMEZ MILTON ANDRES,CORRIENTES,1,2.A,3,"1,853","0,318","0,000","4,722"
12849681,GONDI,TUCUMAN,1,N,2,"5,952","0,000","0,000","0,000"
12949652,GOW,CAPITAL FEDERAL,1,N,2,"1,133","0,000","0,000","0,000"
12949736,GOYENA PAY,CAPITAL FEDERAL,1,N,2,"0,874","-1,382","0,000","0,394"
11649389,GRACE A LA FOI,BUENOS AIRES,1,2.A,3,"14,972","0,000","0,000","5,939"
11349085,GRACE LA FOI II,BUENOS AIRES,1,N,2,"3,564","-1,828","0,000","1,444"
8249145,GRADO 42,RIO NEGRO,1,N,2,"5,193","0,124","0,000","0,000"
6949960,GRAFICA ATREUCO (SOLO PEI),LA PAMPA,1,N,2,"-0,028","0,000","0,000","-0,021"
9449053,GRAFICA BUGS BUNNY,SALTA,1,2.A,3,"3,896","0,000","0,000","5,720"
9449031,GRAFICA EFE,CORDOBA,1,4.C,4,"-0,154","0,000","0,000","3,887"
9449026,GRAFICA PRINTER,LA RIOJA,1,2.A,3,"0,702","-0,094","0,000","0,000"
9449048,GRAFICA TAKAGAKI,CAPITAL FEDERAL,1,1.VIP,2,"5,031","2,000","0,000","1,919"
9449052,GRAFICA TODO COPIA,BUENOS AIRES,1,2.A,3,"10,646","0,000","0,000","14,000"
6149516,GRAL ACHA II,SAN JUAN,1,1.VIP,2,"2,941","-0,125","0,000","2,962"
12949558,GRAMAJO OSCAR ENRIQUE,RIO NEGRO,1,3.B,4,"7,193","0,000","0,000","4,014"
7249214,GRAN BAZAR BURZACO,BUENOS AIRES,1,2.A,3,"9,639","0,000","0,000","6,217"
8249066,GRAN CRED,BUENOS AIRES,1,5.D,6,"0,373","0,000","0,000","-0,005"
11949780,GRAN CRED II,BUENOS AIRES,1,5.D,6,"1,803","0,000","0,000","-0,004"
11849220,GRANDES PERFUMERIAS ANIKA,CAPITAL FEDERAL,1,4.C,4,"2,381","0,000","0,000","8,614"
9149121,GRANJA AISHA,SANTA FE,1,N,2,"3,510","0,436","0,000","0,000"
5749056,GRANJA Y FIAMBRERIA GRACIELA,BUENOS AIRES,1,5.D,6,"0,000","0,000","0,000","0,000"
12049011,GRAZY NOVEDADES,SAN JUAN,1,1.VIP,2,"6,823","1,954","0,000","3,889"
12949625,GRECIA,SANTA FE,1,N,2,"1,700","0,000","0,000","4,000"
12749279,GREEN GROUP,BUENOS AIRES,1,4.C,4,"2,765","0,000","0,000","1,878"
7949089,GRIDO HELADOS,MENDOZA,1,5.D,6,"0,000","0,000","0,000","0,000"
90049049,GRUPO ALTO PARQUE I,CORDOBA,1,N,2,"5,016","0,706","0,000","0,000"
12749075,GRUPO AMPRAS,BUENOS AIRES,1,N,2,"0,000","0,000","0,000","0,000"
12749002,GRUPO ASEGURADOR LA SEGUNDA,CORRIENTES,1,2.A,3,"1,440","0,000","0,000","1,642"
8749267,GRUPO CASULLO,BUENOS AIRES,1,N,2,"0,212","0,000","0,000","0,000"
13049414,GRUPO COMERCIAL SANZ,BUENOS AIRES,1,5.D,6,"0,000","0,000","0,000","0,000"
8149730,GRUPO DE LA RETA,MENDOZA,1,2.A,3,"4,909","0,692","0,000","5,161"
8149802,GRUPO DI CORINTO,BUENOS AIRES,1,N,2,"4,794","0,000","0,000","0,000"
8149535,GRUPO FERNANDEZ,BUENOS AIRES,1,4.C,4,"1,071","0,000","0,000","3,000"
10349412,GRUPO LOS ANDES,CAPITAL FEDERAL,1,4.C,4,"1,157","0,000","0,000","4,000"
8149914,GRUPO MUGICA SEGUROS,BUENOS AIRES,1,5.D,6,"1,382","0,000","0,000","0,000"
7849100,GRUPO NESMAR SAS,RIO NEGRO,1,1.VIP,2,"0,000","0,000","0,000","0,000"
10349145,GRUPO NISTAL,BUENOS AIRES,1,N,2,"0,000","0,000","0,000","0,000"
6749222,GRUPONOR,SANTA FE,1,4.C,4,"3,985","0,000","0,000","6,000"
10049039,GSM RUNKY,JUJUY,1,3.B,4,"2,803","2,388","0,000","3,900"
7249237,GUAPAS DEL CAMPILLO,CORDOBA,1,N,2,"0,275","0,000","0,000","2,527"
8249174,GUARANI TRAVEL S ARGENTINA,CAPITAL FEDERAL,1,N,2,"0,951","0,500","0,000","0,000"
10849080,GUARDERIA DE MOTOS Y BICIS,SALTA,1,5.D,6,"2,729","0,000","0,000","4,693"
12949735,GUEMES PAY,CAPITAL FEDERAL,1,N,2,"1,142","-0,723","0,000","1,564"
11549016,GUERRERO ELECTRICIDAD S.R.L.,ENTRE RIOS,1,N,2,"0,789","-0,130","0,000","0,859"
12249142,GUERRERO SILVANA MARIA,CORDOBA,1,2.A,3,"3,641","0,438","0,000","10,696"
6149554,GUEVARA II,SAN JUAN,1,4.C,4,"0,657","0,000","0,000","0,000"
6149608,GUEVARA III,SAN JUAN,1,4.C,4,"2,247","0,000","0,000","3,000"
12849422,GUGLE,MENDOZA,1,4.C,4,"3,626","0,980","0,000","4,000"
7849061,GUIDEK STASIUK PROPIEDADES,MISIONES,1,4.C,4,"1,447","0,266","0,000","1,951"
8149689,GUIFFREY SEGUROS,ENTRE RIOS,1,3.B,4,"-0,301","0,000","0,000","9,203"
7849118,GUILLERMO GUSTAFSSON,SANTA FE,1,5.D,6,"0,000","0,000","0,000","0,000"
8249220,GUITO VIAJES Y TURISMO,CAPITAL FEDERAL,1,5.D,6,"4,023","0,000","0,000","1,881"
8249231,GUITO VIAJES Y TURISMO II,BUENOS AIRES,1,N,2,"1,167","0,000","0,000","2,000"
11749018,GUSTAVO GARCIA,CORDOBA,1,N,2,"0,353","0,000","0,000","0,000"
8149373,GUSTAVO LOPEZ,CORDOBA,1,5.D,6,"1,227","0,000","0,000","0,953"
6949249,GUTICOPIAS,BUENOS AIRES,1,4.C,4,"0,677","0,000","0,000","0,930"
12649278,GUTIERREZ FERNANDO 02,CHACO,1,4.C,4,"-0,050","0,500","0,000","1,990"
11449115,GYA CELULARES,CHACO,1,4.C,4,"0,003","0,000","0,000","-0,023"
8149901,GYC ASESORES I,RIO NEGRO,1,N,2,"0,000","0,000","0,000","0,000"
8149902,GYC ASESORES II,RIO NEGRO,1,N,2,"0,966","0,000","0,000","0,000"
9449045,GYM CENTRO DE COPIADO,CHACO,1,2.A,3,"0,532","0,440","0,000","6,871"
9749825,GYNAR DESPENSA,CORDOBA,1,N,2,"3,770","0,000","0,000","0,000"
5449302,H Y M TORINO I,BUENOS AIRES,1,5.D,6,"0,000","0,000","0,000","1,000"
6349066,H.F. COMUNICACIONES,BUENOS AIRES,1,1.VIP,2,"3,791","-0,456","0,000","1,346"
13049320,HACHE,SANTA FE,1,4.C,4,"0,000","0,000","0,000","0,000"
11449017,HACKER S,BUENOS AIRES,1,N,2,"4,937","0,000","0,000","0,000"
12749120,HAIAIEI,BUENOS AIRES,1,N,2,"7,442","0,840","0,000","0,000"
12649280,HAKUNA MATATA,CATAMARCA,1,4.C,4,"-0,261","0,178","0,000","0,807"
9749666,HAKUNA MATATA,SANTA FE,1,5.D,6,"3,024","0,000","0,000","2,000"
12649772,HAKUNA MATATA II,CATAMARCA,1,5.D,6,"5,395","0,000","0,000","3,991"
6749241,HAMMER I,CORDOBA,1,5.D,6,"0,000","0,000","0,000","0,000"
6749240,HAMMER II,CORDOBA,1,5.D,6,"0,000","0,000","0,000","0,000"
12849996,HANSON KIOSCO,CORDOBA,1,4.C,4,"1,408","0,000","0,000","1,000"
10049097,HARD SOFT I,CORDOBA,1,5.D,6,"-0,082","0,000","0,000","-0,024"
10049098,HARD SOFT II,CORDOBA,1,5.D,6,"-0,139","0,000","0,000","0,919"
10049099,HARD SOFT III,CORDOBA,1,4.C,4,"-0,133","0,000","0,000","3,940"
11649342,HECTOR,BUENOS AIRES,1,N,2,"0,000","0,003","0,000","0,000"
7949014,HELADERIA CALINGASTA,SAN JUAN,1,N,2,"0,000","0,000","0,000","0,000"
7949096,HELADERIA CECCHETTO,LA PAMPA,1,N,2,"5,891","0,000","0,000","3,991"
7749006,HELADERIA FABICEL,ENTRE RIOS,1,1.VIP,2,"3,954","0,000","0,000","2,041"
7949057,HELADERIA LA ESQUINA,CORDOBA,1,2.A,3,"3,567","0,656","0,000","2,328"
7949063,HELADERIA LAS ROSAS,MENDOZA,1,N,2,"0,000","0,000","0,000","0,000"
7949087,HELADERIA LAVALLE,MENDOZA,1,4.C,4,"4,101","0,000","0,000","4,000"
7949097,HELADERIA LOMORO,RIO NEGRO,1,5.D,6,"6,184","-0,244","0,000","3,193"
7949072,HELADERIA SEITU,RIO NEGRO,1,4.C,4,"-0,337","-0,072","0,000","3,922"
7949091,HELADERIA SEITU,RIO NEGRO,1,5.D,6,"3,101","0,000","0,000","3,979"
7949076,HELADERIA YANEL,CHACO,1,N,2,"3,687","0,490","0,000","0,000"
7949011,HELADERIA YO,CORDOBA,1,1.VIP,2,"6,826","0,000","0,000","7,234"
13049855,HEME AQUI,BUENOS AIRES,1,N,2,"5,999","-0,010","0,000","4,000"
11849436,HERA-CENTRAL,BUENOS AIRES,1,5.D,6,"9,044","0,000","0,000","4,854"
6149568,HERENCIA BY 385,SANTIAGO DEL ESTERO,1,1.VIP,2,"2,312","0,000","0,000","5,989"
9249027,HERTZ RIVADAVIA 611 CABA,CAPITAL FEDERAL,1,4.C,4,"2,525","0,000","0,000","0,000"
12449461,HEY,ENTRE RIOS,1,1.VIP,2,"1,123","-0,066","0,000","5,535"
12749568,HILDA ALES SEGUROS,RIO NEGRO,1,5.D,6,"6,400","0,000","0,000","3,701"
12949157,HIPATIA,BUENOS AIRES,1,3.B,4,"3,395","0,254","0,000","0,328"
13049405,HIPATIA 2,BUENOS AIRES,1,5.D,6,"-0,215","0,000","0,000","2,814"
6149715,HIPER CUCHERMERCADOS,CHACO,1,5.D,6,"-0,005","0,000","0,000","-0,002"
7049755,HIPER-KIOSCO,BUENOS AIRES,1,4.C,4,"-0,338","0,164","0,000","-0,459"
11449119,HITCELL REPARACIONES Y ACCESORIOS,SAN LUIS,1,N,2,"2,433","0,412","0,000","0,000"
11249035,HO Ñ DE,FORMOSA,1,N,2,"3,462","0,462","0,000","0,000"
6949718,HOLMBER HOGAR,CORDOBA,1,4.C,4,"-0,321","0,210","0,000","2,751"
11949532,HOMERO BEACH,CAPITAL FEDERAL,1,1.VIP,2,"6,344","1,596","0,000","4,794"
7149048,HOMERO II,BUENOS AIRES,1,1.VIP,2,"2,101","1,000","0,000","2,000"
13049463,HOMERO II,BUENOS AIRES,1,N,2,"7,454","0,000","0,000","3,415"
6149677,HOMERO III N,BUENOS AIRES,1,4.C,4,"16,984","0,000","0,000","8,519"
11649393,HOMERO VI,BUENOS AIRES,1,5.D,6,"10,495","0,000","0,000","18,572"
9249017,HONDA GUILLON,BUENOS AIRES,1,N,2,"0,986","0,000","0,000","0,000"
12449667,HORA LIBRE,ENTRE RIOS,1,5.D,6,"-0,078","0,000","0,000","0,000"
12749534,HORA LIBRE II,BUENOS AIRES,1,4.C,4,"3,776","0,000","0,000","1,000"
13049560,HORA LIBRE III,BUENOS AIRES,1,N,2,"3,942","0,000","0,000","3,872"
12249216,HORIZONTES I,CAPITAL FEDERAL,1,N,2,"0,000","0,000","0,000","0,000"
5449504,HOSSANNA CASA Y JARDIN,BUENOS AIRES,1,3.B,4,"1,913","0,120","0,000","1,800"
11549009,HOUSE ELECTRICITY,MISIONES,1,2.A,3,"1,368","0,000","0,000","3,884"
10049115,HRTECNO HOGAR,CHACO,1,5.D,6,"5,040","0,000","0,000","1,991"
12449800,HUELLAS FULL,SANTA CRUZ,1,2.A,3,"2,662","0,000","0,000","10,732"
12949642,IA SERVICIOS,CAPITAL FEDERAL,1,N,2,"2,892","0,000","0,000","1,000"
10349155,IB CONSULTORA,BUENOS AIRES,1,N,2,"0,888","0,000","0,000","0,000"
10349276,IBANEZ AUTOMOTORES GESTORIA,CORDOBA,1,3.B,4,"1,305","0,500","0,000","4,911"
8149787,ICA 24 BRUZZONE,BUENOS AIRES,1,N,2,"1,806","0,000","0,000","0,000"
8149423,ICA 24 CERVETTI,BUENOS AIRES,1,N,2,"0,957","0,000","0,000","0,000"
8149414,ICA 24 EZEIZA,BUENOS AIRES,1,5.D,6,"-0,025","0,000","0,000","0,000"
8149419,ICA 24 LOMAS DE ZAMORA,BUENOS AIRES,1,N,2,"1,131","0,000","0,000","0,000"
8149424,ICA 24 MALVINAS,BUENOS AIRES,1,N,2,"0,061","0,000","0,000","0,000"
8149425,ICA 24 SPEGAZZINNI,BUENOS AIRES,1,N,2,"0,499","0,000","0,000","0,000"
8149422,ICA 24 TRISTAN SUAREZ,BUENOS AIRES,1,N,2,"1,032","0,000","0,000","0,000"
8149810,ICA TUCUMAN,BUENOS AIRES,1,N,2,"0,000","0,000","0,000","0,000"
13049758,ICONIK,SANTA FE,1,5.D,6,"-0,061","0,000","0,000","-0,151"
12849325,ICONOS MARKET,CAPITAL FEDERAL,1,N,2,"3,775","0,980","0,000","0,000"
9449050,ICORP IMPRENTA,BUENOS AIRES,1,2.A,3,"5,280","0,832","0,000","3,036"
9449039,IDEM,ENTRE RIOS,1,N,2,"3,093","0,000","0,000","1,000"
6949668,IFE,MENDOZA,1,2.A,3,"20,914","2,000","0,000","1,000"
10349464,IGECH,CORRIENTES,1,5.D,6,"-0,309","0,000","0,000","-0,100"
12949231,IGNA PAGOS,BUENOS AIRES,1,N,2,"4,372","0,000","0,000","0,000"
7249157,IGNACIO,CORDOBA,1,N,2,"2,569","0,000","0,000","1,000"
12749445,IGNACIO GOMEZ SEGUROS Y GESTOR,SANTA FE,1,4.C,4,"36,735","0,000","0,000","0,981"
9749271,IL FOLLE POLLETO,BUENOS AIRES,1,N,2,"0,000","0,000","0,000","0,000"
12649549,IL MIO PIACERE,CORDOBA,1,3.B,4,"1,893","0,000","0,000","5,000"
90049080,IMPERIO NET,FORMOSA,1,5.D,6,"0,951","0,000","0,000","0,000"
9449040,IMPRENTA COLAZO,CORDOBA,1,3.B,4,"1,999","-0,006","0,000","5,622"
7149020,IMPRENTA COLOQUIO,CORDOBA,1,4.C,4,"0,896","0,000","0,000","1,833"
9449047,IMPRENTA CRUZ DEL SUR,ENTRE RIOS,1,2.A,3,"0,175","0,000","0,000","1,000"
10049068,IMPRESIONES ELECTRO GM,CHUBUT,1,N,2,"2,890","0,252","0,000","0,000"
6949916,IMPRESIONES MA Y CO,CHACO,1,5.D,6,"0,000","0,000","0,000","0,000"
7149114,IMPRESIONES NICO,JUJUY,1,N,2,"2,371","0,000","0,000","0,000"
5449454,IN GOD WE TRUST,CATAMARCA,1,1.VIP,2,"4,034","-0,018","0,000","3,527"
11849342,IN GOD WE TRUST 2,CATAMARCA,1,2.A,3,"3,803","0,620","0,000","1,000"
9749076,INAKI,CORDOBA,1,N,2,"0,000","0,000","0,000","0,000"
7849032,INDABURU PROPIEDADES,BUENOS AIRES,1,2.A,3,"5,718","0,000","0,000","2,337"
10249933,INDEPENDENCIA,BUENOS AIRES,1,N,2,"1,754","2,672","0,000","0,000"
10349298,INDEPENDENCIA 21 S.A.S.,CORDOBA,1,1.VIP,2,"7,677","1,000","0,000","11,000"
9149136,INDOMIT,BUENOS AIRES,1,1.VIP,2,"6,361","0,000","0,000","1,165"
7449100,INDUMENTARIA DI QUIEN,BUENOS AIRES,1,4.C,4,"0,445","0,252","0,000","8,974"
7449229,INDUMENTARIA LAS VEGAS,BUENOS AIRES,1,5.D,6,"1,675","0,384","0,000","0,000"
11449180,INFORMATICA DXI,BUENOS AIRES,1,N,2,"5,718","-0,010","0,000","3,974"
11449004,INFORMATICA GIORDANENGO,CORDOBA,1,2.A,3,"4,227","0,000","0,000","10,592"
12249217,INFORMATICA LAFUENTE II,CAPITAL FEDERAL,1,1.VIP,2,"4,136","1,512","0,000","2,217"
6349487,INFO-TEL COMUNICACIONES EL COLORADO,FORMOSA,1,N,2,"3,108","0,228","0,000","0,000"
6749154,INGENIERIA DORREGO,SANTA FE,1,5.D,6,"4,935","0,398","0,000","2,000"
12749064,INICIOS SEGUROS Y SERVICIOS,SANTA FE,1,N,2,"0,174","0,756","0,000","0,000"
7849036,INMOBILIARIA BIANCHI,BUENOS AIRES,1,3.B,4,"3,899","-0,166","0,000","5,583"
7849098,INMOBILIARIA CHV,BUENOS AIRES,1,5.D,6,"-0,033","0,000","0,000","1,859"
7849081,INMOBILIARIA ORTIZ & ASOCIADOS,SAN LUIS,1,4.C,4,"1,648","0,000","0,000","3,836"
6949789,INSTITUTO LIBRERIA SAN AGUSTIN,LA RIOJA,1,N,2,"3,506","0,000","0,000","0,000"
11449029,INSUMAX,SANTA FE,1,5.D,6,"1,005","0,000","0,000","0,960"
6949533,INSUMOS IDEATA,SAN LUIS,1,5.D,6,"1,026","0,000","0,000","0,000"
11449149,INSUMOS IDEATA II,SAN LUIS,1,N,2,"0,000","0,000","0,000","0,000"
9749428,INTEGRAL GABY,CORDOBA,1,5.D,6,"0,513","0,974","0,000","1,000"
8149362,INTEGRAL GESTORIA Y SEGUROS,MISIONES,1,N,2,"0,000","0,000","0,000","0,000"
11449120,INTERBOWEN,MENDOZA,1,4.C,4,"2,488","0,436","0,000","0,000"
8149620,INTERMEDIACION DE RIESGO,CORDOBA,1,5.D,6,"-0,108","0,000","0,000","1,820"
8749067,INTERSERVICE I,BUENOS AIRES,1,4.C,4,"0,861","1,016","0,000","0,000"
11449090,INTERTEL COMUNICACIONES,MENDOZA,1,4.C,4,"1,703","0,000","0,000","1,834"
8049375,IOTTI SEGUROS,FORMOSA,1,N,2,"5,312","0,000","0,000","0,000"
12949561,IRIS REGALOS,MISIONES,1,4.C,4,"-0,391","0,000","0,000","2,788"
13049116,ISABELLA,BUENOS AIRES,1,4.C,4,"1,644","0,000","0,000","0,896"
12949323,ISBERT PAGOS,BUENOS AIRES,1,N,2,"0,453","0,000","0,000","0,000"
12849675,ISIDORA,CORRIENTES,1,4.C,4,"4,203","1,076","0,000","0,818"
9149123,ISIDRO,BUENOS AIRES,1,1.VIP,2,"6,101","-1,307","0,000","3,734"
6149708,ISIDRO II,BUENOS AIRES,1,N,2,"2,454","-0,882","0,000","2,663"
9749750,ISMAR,SANTA FE,1,2.A,3,"3,927","0,000","0,000","0,000"
90049107,ITALIA 876,CHUBUT,1,N,2,"2,140","0,868","0,000","0,000"
90014001,ITRON ALMACEN,CAPITAL FEDERAL,1,N,2,"0,000","0,000","0,000","0,000"
5449525,ITV VILLA MARIA,CORDOBA,1,N,2,"2,839","1,000","0,000","0,000"
9849293,IVAN SERVICIOS,SANTA FE,1,1.VIP,2,"2,265","0,000","0,000","0,515"
13049136,IVAN TWO,BUENOS AIRES,1,N,2,"5,823","0,000","0,000","0,000"
8149473,IZZI,BUENOS AIRES,1,5.D,6,"-0,046","0,000","0,000","0,976"
12949362,J B PAGOS,BUENOS AIRES,1,N,2,"0,000","0,000","0,000","0,000"
5449580,J H,CORDOBA,1,N,2,"0,000","0,000","0,000","0,000"
6749145,J R PARTS,FORMOSA,1,3.B,4,"-0,211","0,044","0,000","2,953"
6949868,J Y A LIBRERIA Y PAPELERIA,MISIONES,1,5.D,6,"5,623","0,000","0,000","2,000"
12949264,J Y A SHOPPING,CORDOBA,1,N,2,"1,843","0,000","0,000","0,000"
10349114,J Y M REGIONALES,SAN JUAN,1,5.D,6,"1,130","0,000","0,000","2,936"
13049576,J&F,SANTA FE,1,N,2,"1,800","0,000","0,000","2,000"
12749487,JAC NUNEZ,CAPITAL FEDERAL,1,3.B,4,"2,977","0,000","0,000","3,547"
12049682,JALKA,JUJUY,1,4.C,4,"1,415","1,444","0,000","4,923"
10449077,JAMON DEL MEDIO,NEUQUEN,1,5.D,6,"0,891","0,000","0,000","10,000"
11949986,JANKA PAGOS,CAPITAL FEDERAL,1,4.C,4,"2,004","1,871","0,000","0,000"
8149392,"JAVIER SEJAS ASESOR, PRODUCTOR DE SEGUR.",SANTA FE,1,4.C,4,"-0,066","0,000","0,000","0,993"
12449032,JAYADEEP,ENTRE RIOS,1,5.D,6,"2,444","0,000","0,000","0,000"
9749388,JAZMY,LA RIOJA,1,1.VIP,2,"3,305","-0,135","0,000","2,738"
13049762,JBL (SOLO PEI),BUENOS AIRES,1,N,2,"-0,004","0,000","0,000","-0,004"
12949214,JCP GESTION Y SEGUROS,BUENOS AIRES,1,N,2,"3,049","0,476","0,000","0,000"
12749359,JEAR X,SANTA FE,1,N,2,"5,597","7,815","0,000","0,000"
12849161,JEAR YA I,SANTA FE,1,N,2,"6,359","1,981","0,000","0,000"
12849160,JEAR YA II,SANTA FE,1,N,2,"4,926","1,438","0,000","0,000"
12849162,JEAR YA III,SANTA FE,1,2.A,3,"6,037","2,537","0,000","0,000"
12149137,JEAR YA IV,SANTA FE,1,N,2,"0,000","0,592","0,000","0,000"
12849436,JEAR YA V,SANTA FE,1,N,2,"6,344","1,727","0,000","0,000"
12849546,JEAR YA VI,SANTA FE,1,N,2,"4,361","0,873","0,000","0,000"
12849627,JEAR YA VII,SANTA FE,1,N,2,"3,363","2,785","0,000","0,000"
12449823,JEEP 1-RULY,SALTA,1,N,2,"0,000","0,000","0,000","0,000"
12449822,JEEP 2-LOLITA,SALTA,1,N,2,"0,000","0,000","0,000","0,000"
12849890,JENARO,BUENOS AIRES,1,N,2,"0,000","0,000","0,000","0,000"
12849067,JERE,CATAMARCA,1,4.C,4,"3,877","0,052","0,000","13,000"
13049817,JEROME,BUENOS AIRES,1,N,2,"-0,042","0,000","0,000","0,000"
11949724,JESSI,SANTA CRUZ,1,5.D,6,"0,875","0,000","0,000","0,000"
6249149,JG PRODUCTOS DE LIMPIEZA,BUENOS AIRES,1,3.B,4,"0,636","0,000","0,000","1,953"
10349199,JH GESTORIA  ZAPALA,NEUQUEN,1,4.C,4,"0,447","0,000","0,000","2,827"
10349207,JH GESTORIA PLOTTIER,NEUQUEN,1,5.D,6,"2,436","1,552","0,000","-0,011"
13049210,JHANS DRUGSTORE,SANTA FE,1,5.D,6,"0,000","0,000","0,000","0,000"
12949140,JHERICO,CHACO,1,2.A,3,"0,733","0,500","0,000","1,747"
13049731,JIREH (SOLO PEI),SANTA CRUZ,1,5.D,6,"-0,009","0,000","0,000","-0,023"
5449551,JK HOGAR,RIO NEGRO,1,2.A,3,"4,094","0,000","0,000","4,054"
9849204,JMC AUTOSERVICIOS DELLEPIANE,BUENOS AIRES,1,N,2,"0,000","0,000","0,000","0,000"
13049310,JOHNNY B PACHAMAMA,SANTIAGO DEL ESTERO,1,4.C,4,"1,493","0,000","0,000","1,915"
10249921,JOKER I,CORDOBA,1,1.VIP,2,"2,133","0,000","0,000","2,180"
10849083,JORGE BIGLIA NEUMATICOS S.R.L,CHUBUT,1,5.D,6,"-0,002","0,000","0,000","-0,001"
13049637,JOSHUA,CAPITAL FEDERAL,1,N,2,"2,224","0,000","0,000","0,000"
12949722,JOSHUA II,CAPITAL FEDERAL,1,5.D,6,"-0,248","0,000","0,000","0,000"
6949630,JOSUE,TUCUMAN,1,3.B,4,"5,125","0,000","0,000","11,307"
10049041,JPB SOLUCIONES INFORMATICAS,LA PAMPA,1,5.D,6,"0,718","0,000","0,000","3,988"
12149187,JR,MENDOZA,1,5.D,6,"0,000","0,000","0,000","0,000"
11949877,JRASDIC PANCH,BUENOS AIRES,1,2.A,3,"3,793","5,208","0,000","0,000"
6949589,JUAN & CA,CORDOBA,1,4.C,4,"-0,168","0,000","0,000","1,812"
12949154,JUANITO CAFE,LA PAMPA,1,N,2,"3,082","0,500","0,000","0,000"
5449520,JUAREZ CONFORT BERAZATEGUI,BUENOS AIRES,1,N,2,"1,002","0,000","0,000","0,000"
5449521,JUAREZ CONFORT HUDSON,BUENOS AIRES,1,N,2,"1,599","0,000","0,000","0,000"
8349034,JUGUETERIA CANGURO,CAPITAL FEDERAL,1,4.C,4,"1,555","0,000","0,000","1,434"
8349032,JUGUETERIA COCOLISO,BUENOS AIRES,1,N,2,"0,000","0,000","0,000","0,000"
8349019,JUGUETERIA KALABACHA,CATAMARCA,1,1.VIP,2,"2,291","-0,114","0,000","2,000"
8349020,JUGUETERIA KALABACHA II,CATAMARCA,1,1.VIP,2,"2,432","-0,081","0,000","1,285"
8349028,JUGUETERIA Y LIBRERIA ALADINO,BUENOS AIRES,1,5.D,6,"0,000","0,706","0,000","0,000"
8349035,JUGUETERIA Y REGALERIA,CORDOBA,1,5.D,6,"-0,068","0,000","0,000","0,000"
7149150,JUJUY CREDITOS Y COBROS,JUJUY,1,5.D,6,"2,320","0,000","0,000","4,791"
5349494,JUMBO ALMAGRO,CAPITAL FEDERAL,1,N,2,"3,933","0,500","0,000","0,000"
5849015,JUMBO PAGOS FABIAN,CAPITAL FEDERAL,1,N,2,"0,000","0,000","0,000","0,000"
12749402,JUNIN BZB CREDI,BUENOS AIRES,1,4.C,4,"0,000","0,000","0,000","1,000"
5349398,JUNIOR S,MENDOZA,1,N,2,"0,000","0,000","0,000","0,000"
10349371,JUNTOS TODO ES POSIBLE,CORDOBA,1,1.VIP,2,"4,993","0,000","0,000","2,796"
12849979,JURADO PAGOS I,SALTA,1,1.VIP,2,"10,899","0,000","0,000","17,000"
12849122,JUSTO ACA,MENDOZA,1,3.B,4,"4,483","1,000","0,000","5,000"
6149534,JUSTO AHI II,MENDOZA,1,2.A,3,"3,809","1,497","0,000","4,916"
11749020,JUVENTUD UNIDA,CHACO,1,N,2,"3,114","0,500","0,000","0,000"
6449462,JUZGADO DE FALTA,CHACO,1,N,2,"0,000","0,000","0,000","1,000"
12949096,JYM - LORETO,SANTIAGO DEL ESTERO,1,N,2,"2,521","0,488","0,000","0,000"
8349027,K CITY,BUENOS AIRES,1,N,2,"1,158","1,646","0,000","0,000"
6749182,K CITY DEL CENTRO,BUENOS AIRES,1,N,2,"1,005","0,606","0,000","0,000"
12849538,K3,NEUQUEN,1,N,2,"2,492","0,292","0,000","0,000"
12849606,K3 MULTIMERKADO,NEUQUEN,1,N,2,"3,999","0,500","0,000","0,000"
13049763,KAA HEE KIOSCO 24 HS,MISIONES,1,N,2,"-0,041","-0,132","0,000","0,000"
7949074,KAF HELADRIA Y CAFE - CAVIAHUE,NEUQUEN,1,N,2,"2,869","0,342","0,000","0,000"
5449579,KAIZEN,CHACO,1,4.C,4,"3,583","0,000","0,000","1,907"
7249110,KAMARI,CORDOBA,1,4.C,4,"0,349","-0,116","0,000","10,572"
11949597,KANDY,BUENOS AIRES,1,N,2,"0,857","0,000","0,000","0,000"
12949460,KAPITAL CABALLITO,CAPITAL FEDERAL,1,1.VIP,2,"6,968","0,000","0,000","5,228"
12949462,KAPITAL COSTA RICA,CAPITAL FEDERAL,1,1.VIP,2,"5,801","0,000","0,000","1,336"
12949461,KAPITAL EL SALVADOR,CAPITAL FEDERAL,1,1.VIP,2,"2,674","0,000","0,000","5,791"
12949434,KAPITAL GURRUCHAGA,CAPITAL FEDERAL,1,1.VIP,2,"6,084","0,000","0,000","3,138"
12949468,KAPITAL HUMBOLDT,CAPITAL FEDERAL,1,1.VIP,2,"5,457","0,000","0,000","1,340"
12949444,KAPITAL MALABIA,CAPITAL FEDERAL,1,1.VIP,2,"5,174","0,000","0,000","1,867"
12949627,KAPITAL MANSILLA,CAPITAL FEDERAL,1,5.D,6,"11,135","0,000","0,000","7,000"
12949435,KAPITAL PADILLA,CAPITAL FEDERAL,1,1.VIP,2,"4,829","0,000","0,000","2,077"
12949449,KAPITAL PELLEGRINI,CAPITAL FEDERAL,1,1.VIP,2,"7,107","0,000","0,000","8,822"
12949450,KAPITAL PERU,CAPITAL FEDERAL,1,1.VIP,2,"10,421","0,000","0,000","3,215"
12949494,KAPITAL SAN JUSTO,SANTA FE,1,2.A,3,"3,780","0,000","0,000","9,508"
12949467,KAPITAL SANTA FE,CAPITAL FEDERAL,1,1.VIP,2,"7,458","0,000","0,000","2,995"
12949445,KAPITAL SCALABRINI,CAPITAL FEDERAL,1,1.VIP,2,"14,879","0,000","0,000","5,000"
12949436,KAPITAL VIDT,CAPITAL FEDERAL,1,1.VIP,2,"14,341","0,000","0,000","21,922"
7449076,KARINA MODA,CORDOBA,1,N,2,"4,000","0,450","0,000","2,000"
7449220,KARINA MODA 2,CORDOBA,1,N,2,"0,000","0,558","0,000","0,000"
12749245,KARYON - ANATUYA,SANTIAGO DEL ESTERO,1,4.C,4,"1,890","2,166","0,000","0,000"
8149251,KE FACIL (GALVEZ),SANTA FE,1,4.C,4,"-0,030","1,000","0,000","-0,524"
12149116,KEKO,CORDOBA,1,N,2,"0,000","0,000","0,000","0,000"
5349246,KELO SERVINET,BUENOS AIRES,1,1.VIP,2,"4,539","-4,125","0,000","2,833"
12949204,KELO SERVINET PILAR,BUENOS AIRES,1,N,2,"0,795","0,910","0,000","0,000"
12849182,KERJAC,SANTA FE,1,N,2,"5,404","0,656","0,000","0,000"
10049118,KERNEL CARNERILLO,CORDOBA,1,5.D,6,"0,000","0,000","0,000","0,000"
10049117,KERNEL GENERAL CABRERA,CORDOBA,1,5.D,6,"0,000","0,000","0,000","0,000"
10049119,KERNEL GENERAL DEHEZA,CORDOBA,1,5.D,6,"0,000","0,000","0,000","0,000"
10349307,KESEF UP,CAPITAL FEDERAL,1,1.VIP,2,"3,538","1,524","0,000","4,000"
7249231,KIARA ACCESORIOS,CORRIENTES,1,5.D,6,"3,294","0,000","0,000","4,000"
8149638,KICURA SEGUROS,CORRIENTES,1,4.C,4,"-0,173","0,000","0,000","3,952"
12849245,KIOMAX BULNES,CAPITAL FEDERAL,1,N,2,"3,741","0,484","0,000","0,000"
12849247,KIOMAX JUNCAL,CAPITAL FEDERAL,1,N,2,"3,112","0,500","0,000","0,000"
12849246,KIOMAX MORENO,CAPITAL FEDERAL,1,N,2,"3,564","0,500","0,000","0,000"
13049724,KIOMIX,CAPITAL FEDERAL,1,N,2,"1,699","0,000","0,000","2,000"
12849920,KIOSCACHO MITRE,BUENOS AIRES,1,N,2,"1,571","0,000","0,000","0,000"
12449575,KIOSCO  PASAJES,FORMOSA,1,3.B,4,"-0,023","-0,136","0,000","0,000"
12449353,KIOSCO + 75,BUENOS AIRES,1,2.A,3,"1,804","0,902","0,000","2,480"
6149665,KIOSCO 130,BUENOS AIRES,1,5.D,6,"0,536","0,000","0,000","0,932"
12849260,KIOSCO 136,BUENOS AIRES,1,2.A,3,"5,930","1,310","0,000","0,000"
13049061,KIOSCO 14 14,CORDOBA,1,5.D,6,"0,214","0,000","0,000","0,000"
13049001,KIOSCO 24,BUENOS AIRES,1,4.C,4,"0,000","0,000","0,000","1,000"
12849354,KIOSCO 24 HS,SANTA CRUZ,1,1.VIP,2,"1,219","-0,949","0,000","6,578"
12849479,KIOSCO 24 J Y M,SAN JUAN,1,N,2,"3,230","0,466","0,000","0,000"
9749489,KIOSCO 24/7,SANTA FE,1,N,2,"0,000","0,000","0,000","0,000"
12449564,KIOSCO 25 DE MAYO,MENDOZA,1,N,2,"2,478","0,500","0,000","0,000"
12949548,KIOSCO 4 DE ENERO,BUENOS AIRES,1,5.D,6,"0,000","0,000","0,000","0,000"
12849988,KIOSCO 525,MENDOZA,1,4.C,4,"5,129","0,718","0,000","8,000"
12149144,KIOSCO AGP,TIERRA DEL FUEGO,1,N,2,"3,114","0,422","0,000","0,000"
7549922,KIOSCO AGUS,BUENOS AIRES,1,4.C,4,"-0,199","0,000","0,000","0,000"
12849253,KIOSCO AGUSTEC,BUENOS AIRES,1,N,2,"0,980","0,260","0,000","0,000"
12849814,KIOSCO AL PASO,JUJUY,1,5.D,6,"-0,047","0,000","0,000","0,988"
7049630,KIOSCO ALBOROTO,BUENOS AIRES,1,1.VIP,2,"3,876","0,000","0,000","4,430"
12449677,KIOSCO ALE,SANTA FE,1,5.D,6,"0,803","0,000","0,000","1,000"
13049362,KIOSCO ALEXIS,SANTA FE,1,5.D,6,"0,000","0,000","0,000","0,000"
9749340,KIOSCO ALICIA,CORDOBA,1,1.VIP,2,"4,109","0,000","0,000","3,789"
9749916,KIOSCO ALIENS,CORDOBA,1,N,2,"-0,087","0,000","0,000","-0,040"
12049672,KIOSCO ALIWE,NEUQUEN,1,5.D,6,"1,242","0,496","0,000","2,000"
12349077,KIOSCO ALMAFUERTE,BUENOS AIRES,1,N,2,"0,853","0,000","0,000","2,643"
13049117,KIOSCO ALOSSI,MENDOZA,1,1.VIP,2,"4,204","0,000","0,000","1,220"
12849066,KIOSCO AMAPOLA,BUENOS AIRES,1,1.VIP,2,"3,556","3,000","0,000","3,761"
13049578,KIOSCO AMARILLO,NEUQUEN,1,N,2,"-0,090","0,000","0,000","-0,034"
7049612,KIOSCO AMICI,BUENOS AIRES,1,4.C,4,"-0,376","-0,020","0,000","4,663"
12849208,KIOSCO AMICI II,BUENOS AIRES,1,1.VIP,2,"7,669","1,810","0,000","10,786"
11949483,KIOSCO ANA PAULA,SANTA FE,1,1.VIP,2,"7,285","1,000","0,000","8,574"
7049339,KIOSCO ANTOJOS,SANTA FE,1,1.VIP,2,"4,827","1,000","0,000","1,000"
13049471,KIOSCO ARIETA,BUENOS AIRES,1,N,2,"2,790","0,000","0,000","1,839"
6949665,KIOSCO ARRECIFES,BUENOS AIRES,1,4.C,4,"-0,548","-0,024","0,000","3,000"
9849080,KIOSCO ARROBA,BUENOS AIRES,1,4.C,4,"-0,331","-0,046","0,000","3,883"
12849582,KIOSCO ARTURO,FORMOSA,1,4.C,4,"-0,218","0,382","0,000","0,959"
13049473,KIOSCO ATALAYA,BUENOS AIRES,1,N,2,"1,946","0,000","0,000","1,369"
12649544,KIOSCO AVELLANEDA,TUCUMAN,1,4.C,4,"1,081","0,000","0,000","3,000"
13049485,KIOSCO AVENIDA,BUENOS AIRES,1,N,2,"2,965","0,000","0,000","3,000"
13049183,KIOSCO AVENIDA MORTEROS,CORDOBA,1,5.D,6,"2,495","0,000","0,000","1,853"
12849634,KIOSCO AZUL,BUENOS AIRES,1,4.C,4,"2,178","0,488","0,000","1,513"
11649379,KIOSCO BELGRANO,SAN LUIS,1,N,2,"0,000","0,000","0,000","0,000"
9749824,KIOSCO BELU,CORDOBA,1,4.C,4,"3,389","0,000","0,000","2,000"
13049027,KIOSCO BIANK,SAN JUAN,1,5.D,6,"0,184","0,000","0,000","1,000"
13049499,KIOSCO BLANCO ENCALADA,BUENOS AIRES,1,N,2,"0,671","0,000","0,000","2,755"
12849940,KIOSCO BOYKA,BUENOS AIRES,1,N,2,"0,000","0,000","0,000","0,000"
12949756,KIOSCO BRENTANA (SOLO PEI),RIO NEGRO,1,N,2,"-0,064","0,000","0,000","-0,086"
12849590,KIOSCO BRUSELAS,BUENOS AIRES,1,N,2,"5,429","0,366","0,000","0,000"
13049352,KIOSCO BUENOS AIRES,NEUQUEN,1,5.D,6,"5,696","0,000","0,000","4,000"
13049423,KIOSCO CAMPEONES,BUENOS AIRES,1,5.D,6,"0,000","0,000","0,000","0,000"
7049456,KIOSCO CARLOS PAZ,CORDOBA,1,5.D,6,"0,682","0,398","0,000","0,000"
12449153,KIOSCO CARNAVAL,BUENOS AIRES,1,4.C,4,"2,973","0,000","0,000","5,000"
13049480,KIOSCO CASANOVA,BUENOS AIRES,1,N,2,"0,742","0,000","0,000","4,671"
13049162,KIOSCO CASTILLO,CAPITAL FEDERAL,1,2.A,3,"14,612","0,000","0,000","7,000"
12449643,KIOSCO CENTRO,BUENOS AIRES,1,3.B,4,"1,836","0,720","0,000","3,879"
12949678,KIOSCO CENTURION,BUENOS AIRES,1,N,2,"0,437","0,000","0,000","1,840"
13049632,KIOSCO CERRITO,BUENOS AIRES,1,5.D,6,"-0,106","0,000","0,000","-0,046"
12849854,KIOSCO CHANI,SANTA FE,1,4.C,4,"0,388","0,000","0,000","4,859"
12849707,KIOSCO CHAPLIN,BUENOS AIRES,1,1.VIP,2,"9,970","0,809","0,000","8,763"
12449311,KIOSCO CLICK,CORDOBA,1,4.C,4,"1,128","0,000","0,000","2,000"
12849642,KIOSCO COCO 2,SANTA CRUZ,1,N,2,"2,763","0,254","0,000","0,000"
12149274,KIOSCO COCOMIEL (SOLO PEI),NEUQUEN,1,N,2,"-0,028","0,000","0,000","0,917"
6149611,KIOSCO CURA BROCHERO,SAN JUAN,1,4.C,4,"0,811","0,000","0,000","1,932"
13049781,KIOSCO D&D,SANTA FE,1,N,2,"-0,156","0,000","0,000","-0,048"
13049266,KIOSCO DAMIAN,CORDOBA,1,4.C,4,"1,630","0,000","0,000","2,611"
12949640,KIOSCO DANY,BUENOS AIRES,1,N,2,"1,562","0,000","0,000","0,000"
6949645,KIOSCO DE DIARIOS ALVEAR (SOLO PEI),CAPITAL FEDERAL,1,N,2,"1,388","0,000","0,000","0,000"
10349431,KIOSCO DE TRAMITES,SANTA FE,1,4.C,4,"0,000","0,000","0,000","0,000"
13049261,KIOSCO DEL MILAGRO,SALTA,1,4.C,4,"-0,265","0,000","0,000","-0,005"
13049691,KIOSCO DEPENDENCIA,BUENOS AIRES,1,5.D,6,"-0,030","0,000","0,000","-0,004"
5549025,KIOSCO DESPENSA CELU,LA PAMPA,1,2.A,3,"2,025","0,944","0,000","4,000"
7049365,KIOSCO DIANA,BUENOS AIRES,1,2.A,3,"5,781","-0,010","0,000","5,190"
12049400,KIOSCO DIEGO,TUCUMAN,1,4.C,4,"3,532","0,000","0,000","2,728"
12449110,KIOSCO DINFU CRS,BUENOS AIRES,1,1.VIP,2,"2,168","1,000","0,000","2,000"
12849191,KIOSCO DINOS,RIO NEGRO,1,1.VIP,2,"6,645","2,711","0,000","3,795"
12449344,KIOSCO DISCOVERY,BUENOS AIRES,1,4.C,4,"0,000","0,706","0,000","1,000"
13049573,KIOSCO DON GATO,BUENOS AIRES,1,5.D,6,"1,553","0,000","0,000","0,799"
13049728,KIOSCO DRO (SOLO PEI),BUENOS AIRES,1,5.D,6,"0,000","0,000","0,000","0,000"
13049160,KIOSCO DUCS,RIO NEGRO,1,3.B,4,"3,172","0,000","0,000","8,449"
13049424,KIOSCO DULCE DELIRIO,BUENOS AIRES,1,5.D,6,"0,000","0,000","0,000","0,000"
13049818,KIOSCO EL 11,BUENOS AIRES,1,5.D,6,"-0,031","-0,010","0,000","-0,012"
12449803,KIOSCO EL BIGOTE,MENDOZA,1,N,2,"0,000","0,000","0,000","0,000"
12849818,KIOSCO EL BUDA,CORDOBA,1,N,2,"0,327","0,000","0,000","0,000"
13049298,KIOSCO EL CACHI,BUENOS AIRES,1,4.C,4,"1,900","0,000","0,000","2,971"
6149573,KIOSCO EL CORNER,BUENOS AIRES,1,N,2,"2,184","0,000","0,000","0,000"
12049198,KIOSCO EL CORSA,NEUQUEN,1,1.VIP,2,"11,533","-0,150","0,000","4,796"
12449808,KIOSCO EL GAITA,NEUQUEN,1,2.A,3,"1,324","2,424","0,000","0,000"
11949885,KIOSCO EL GRONI,RIO NEGRO,1,3.B,4,"1,969","0,128","0,000","5,777"
13049650,KIOSCO EL MAGO DE LOS PREMIOS(SOLO PEI),RIO NEGRO,1,N,2,"-0,017","0,000","0,000","-0,038"
13049222,KIOSCO EL OASIS,SANTA FE,1,3.B,4,"9,132","0,000","0,000","8,635"
12849105,KIOSCO EL PACHECO,CORDOBA,1,N,2,"0,000","0,000","0,000","0,000"
13049003,KIOSCO EL PASO,CORDOBA,1,N,2,"0,000","0,000","0,000","0,000"
12849230,KIOSCO EL REY,BUENOS AIRES,1,4.C,4,"1,169","0,396","0,000","8,578"
13049076,KIOSCO EL REY,BUENOS AIRES,1,5.D,6,"0,000","0,000","0,000","0,000"
13049488,KIOSCO EL REY,BUENOS AIRES,1,5.D,6,"5,731","0,000","0,000","8,000"
12949018,KIOSCO EL ROJO,BUENOS AIRES,1,N,2,"2,447","0,484","0,000","0,000"
13049373,KIOSCO EL SALVADOR,SAN LUIS,1,5.D,6,"0,000","0,000","0,000","0,000"
13049561,KIOSCO EL SPOT,CORDOBA,1,5.D,6,"0,000","0,000","0,000","0,000"
13049413,KIOSCO EL TATO,RIO NEGRO,1,4.C,4,"7,597","0,000","0,000","3,942"
13049383,KIOSCO EL TIGRE,BUENOS AIRES,1,4.C,4,"3,887","0,000","0,000","11,000"
7049535,KIOSCO EL TOPO QUEMERO,BUENOS AIRES,1,1.VIP,2,"4,525","0,000","0,000","7,000"
13049761,KIOSCO EMANUEL II,RIO NEGRO,1,N,2,"5,893","0,000","0,000","3,994"
9849304,KIOSCO EMOJI,CHUBUT,1,N,2,"0,000","0,000","0,000","0,000"
13049483,KIOSCO ENTRE RIOS,BUENOS AIRES,1,N,2,"1,623","0,000","0,000","1,674"
13049063,KIOSCO EOS,ENTRE RIOS,1,5.D,6,"0,000","0,000","0,000","0,000"
12449565,KIOSCO ESPINOLA,MENDOZA,1,N,2,"2,776","0,000","0,000","0,000"
13049474,KIOSCO ESTACION,BUENOS AIRES,1,N,2,"1,906","0,000","0,000","1,612"
12449382,KIOSCO ESTEBAN,CHUBUT,1,N,2,"1,964","1,596","0,000","0,000"
12849107,KIOSCO ESTER,MENDOZA,1,4.C,4,"2,506","0,000","0,000","2,582"
12949102,KIOSCO EXALIBUR (SOLO PEI),BUENOS AIRES,1,N,2,"3,877","0,500","0,000","0,000"
12449772,KIOSCO FACCINI,BUENOS AIRES,1,N,2,"8,783","2,068","0,000","0,000"
13049230,KIOSCO FAMILY,BUENOS AIRES,1,4.C,4,"0,000","0,000","0,000","0,000"
13049338,KIOSCO FANNY,SALTA,1,4.C,4,"3,059","0,000","0,000","5,000"
12449767,KIOSCO FERNI,NEUQUEN,1,1.VIP,2,"4,747","0,594","0,000","4,901"
12849478,KIOSCO FLORES,BUENOS AIRES,1,4.C,4,"1,660","1,084","0,000","3,000"
12849116,KIOSCO FRANCISCO,SANTIAGO DEL ESTERO,1,3.B,4,"-0,332","0,000","0,000","6,707"
13049444,KIOSCO FRANMAR,BUENOS AIRES,1,5.D,6,"1,983","0,000","0,000","0,895"
13049756,KIOSCO FULL TIME (SOLO PEI),BUENOS AIRES,1,5.D,6,"-0,016","0,000","0,000","-0,029"
12049361,KIOSCO GABI,BUENOS AIRES,1,N,2,"2,920","2,000","0,000","0,000"
12249257,KIOSCO GALERIA,BUENOS AIRES,1,N,2,"1,724","0,000","0,000","2,000"
12149293,KIOSCO GAMA,BUENOS AIRES,1,N,2,"-0,002","-0,010","0,000","0,000"
12449453,KIOSCO GAMMA,LA PAMPA,1,1.VIP,2,"4,021","1,390","0,000","2,863"
9749846,KIOSCO GENERAL PAZ,CORRIENTES,1,5.D,6,"5,726","0,000","0,000","2,000"
12449367,KIOSCO GENOVA I,SANTA FE,1,3.B,4,"0,285","0,000","0,000","1,750"
13049220,KIOSCO GIGI,BUENOS AIRES,1,4.C,4,"2,319","0,000","0,000","4,000"
12449993,KIOSCO GIO,LA PAMPA,1,1.VIP,2,"6,666","2,822","0,000","5,642"
12849985,KIOSCO GRANATE,BUENOS AIRES,1,N,2,"0,367","0,000","0,000","0,000"
7049428,KIOSCO GUADA,BUENOS AIRES,1,2.A,3,"4,295","0,000","0,000","3,074"
11649397,KIOSCO GUADALUPE (SOLO PEI),BUENOS AIRES,1,5.D,6,"0,000","0,000","0,000","0,000"
13049402,KIOSCO GUGA,BUENOS AIRES,1,5.D,6,"0,000","0,000","0,000","0,000"
13049048,KIOSCO HELEN,CORDOBA,1,N,2,"0,000","0,000","0,000","0,000"
12449567,KIOSCO HIPOLITO,MENDOZA,1,N,2,"0,817","0,000","0,000","1,000"
13049476,KIOSCO HIPOLITO IRIGOYEN,BUENOS AIRES,1,N,2,"1,383","0,000","0,000","6,000"
12449719,KIOSCO HOLLYWOOD,CHUBUT,1,1.VIP,2,"5,940","2,948","0,000","3,532"
12849084,KIOSCO HOLLYWOOD 2,CHUBUT,1,4.C,4,"2,194","2,306","0,000","4,556"
12849112,KIOSCO HOMERO,LA PAMPA,1,1.VIP,2,"8,455","-0,382","0,000","7,127"
13049275,KIOSCO HOMERO,LA PAMPA,1,5.D,6,"0,000","0,000","0,000","0,000"
12349076,KIOSCO HORTIGUERA,BUENOS AIRES,1,N,2,"3,317","0,000","0,000","5,000"
12049665,KIOSCO INDEPENDIENTE,BUENOS AIRES,1,N,2,"2,181","0,486","0,000","0,000"
9749125,KIOSCO IRIGOYEN,BUENOS AIRES,1,4.C,4,"-0,219","0,000","0,000","1,808"
12449089,KIOSCO IRIS,BUENOS AIRES,1,2.A,3,"3,704","1,000","0,000","3,035"
13049308,KIOSCO IRMA,BUENOS AIRES,1,4.C,4,"1,863","0,000","0,000","2,958"
12449894,KIOSCO IVAN,BUENOS AIRES,1,1.VIP,2,"4,052","1,200","0,000","1,000"
6149115,KIOSCO IVAN,SANTA FE,1,1.VIP,2,"2,000","1,103","0,000","0,000"
12849356,KIOSCO JAIDA,BUENOS AIRES,1,3.B,4,"1,034","-2,028","0,000","7,646"
12049285,KIOSCO JAVIER,RIO NEGRO,1,1.VIP,2,"2,136","0,000","0,000","4,046"
13049391,KIOSCO JAVIMAR,BUENOS AIRES,1,5.D,6,"14,463","0,000","0,000","7,000"
13049641,KIOSCO JAVIMAR,BUENOS AIRES,1,N,2,"0,754","0,000","0,000","2,000"
12149272,KIOSCO JAZ,NEUQUEN,1,N,2,"-0,060","-0,046","0,000","-0,019"
12049822,KIOSCO JOAQUIN,BUENOS AIRES,1,2.A,3,"3,293","0,000","0,000","2,427"
12949226,KIOSCO JOLI,BUENOS AIRES,1,N,2,"2,147","0,918","0,000","0,000"
12849416,KIOSCO JOSE MARIA,MENDOZA,1,5.D,6,"2,233","1,278","0,000","2,000"
12449610,KIOSCO JULY,BUENOS AIRES,1,N,2,"4,052","0,000","0,000","0,000"
12449379,KIOSCO JUNCAL,BUENOS AIRES,1,5.D,6,"-0,058","0,000","0,000","0,967"
13049593,KIOSCO K41,BUENOS AIRES,1,N,2,"0,009","0,000","0,000","-0,055"
12149246,KIOSCO KALA SOLO PEI,NEUQUEN,1,N,2,"0,000","0,000","0,000","0,000"
13049378,KIOSCO KE SE YO,RIO NEGRO,1,4.C,4,"3,052","0,000","0,000","4,000"
9749913,KIOSCO KE SE YO II,RIO NEGRO,1,N,2,"0,000","0,000","0,000","0,000"
12449721,KIOSCO KIME,BUENOS AIRES,1,3.B,4,"3,574","1,754","0,000","4,578"
12249258,KIOSCO KM-35,BUENOS AIRES,1,N,2,"3,313","0,000","0,000","4,000"
13049648,KIOSCO KUMA SOLO PEI,NEUQUEN,1,5.D,6,"1,412","0,000","0,000","2,356"
9749483,KIOSCO L,BUENOS AIRES,1,2.A,3,"1,348","0,194","0,000","1,524"
12049349,KIOSCO L Y L,MISIONES,1,5.D,6,"0,867","1,070","0,000","0,000"
12449596,KIOSCO LA 12,BUENOS AIRES,1,N,2,"4,949","0,000","0,000","0,000"
12049924,KIOSCO LA CENTRAL,BUENOS AIRES,1,2.A,3,"2,839","0,000","0,000","2,590"
12449220,KIOSCO LA CUEVA DEL OSO,BUENOS AIRES,1,4.C,4,"1,985","0,000","0,000","2,963"
12449221,KIOSCO LA CUEVA DEL OSO 2,BUENOS AIRES,1,4.C,4,"2,554","0,070","0,000","5,000"
12849190,KIOSCO LA DIAGONAL,BUENOS AIRES,1,2.A,3,"3,619","0,446","0,000","2,828"
12449384,KIOSCO LA DONA,CORDOBA,1,1.VIP,2,"2,845","1,774","0,000","1,119"
13049604,KIOSCO LA ESQUINA,BUENOS AIRES,1,5.D,6,"3,000","0,000","0,000","2,000"
12049839,KIOSCO LA ESQUINA,CORDOBA,1,5.D,6,"0,155","0,000","0,000","0,000"
7049370,KIOSCO LA ESQUINA (BA),BUENOS AIRES,1,1.VIP,2,"4,801","0,000","0,000","3,580"
13049615,KIOSCO LA ESQUINA (SOLO PEI),NEUQUEN,1,N,2,"0,000","0,000","0,000","0,000"
12849454,KIOSCO LA ESQUINITA,CHACO,1,N,2,"2,288","0,140","0,000","0,000"
13049515,KIOSCO LA FE,CAPITAL FEDERAL,1,5.D,6,"6,121","0,000","0,000","2,000"
13049516,KIOSCO LA LUCHI,SALTA,1,N,2,"1,732","0,000","0,000","0,523"
11949456,KIOSCO LA MONY,BUENOS AIRES,1,1.VIP,2,"8,093","0,423","0,000","9,000"
13049544,KIOSCO LA MONY NUEVO,BUENOS AIRES,1,N,2,"9,762","0,000","0,000","5,000"
12449727,KIOSCO LA PENA,CHUBUT,1,4.C,4,"2,160","0,000","0,000","7,000"
13049306,KIOSCO LA PENA,CHUBUT,1,4.C,4,"-0,344","0,000","0,000","3,742"
12849451,KIOSCO LA PLATA,RIO NEGRO,1,N,2,"2,869","0,484","0,000","0,000"
12849545,KIOSCO LA PLAZA,BUENOS AIRES,1,2.A,3,"6,239","0,000","0,000","2,336"
12849809,KIOSCO LA TERMINAL,CORDOBA,1,5.D,6,"0,399","0,882","0,000","0,000"
6149479,KIOSCO LA TERMINAL,MENDOZA,1,4.C,4,"5,008","2,822","0,000","3,000"
12249255,KIOSCO LARRE,BUENOS AIRES,1,N,2,"1,011","0,000","0,000","1,000"
12449050,KIOSCO LEON,RIO NEGRO,1,N,2,"2,769","0,000","0,000","0,000"
7049518,KIOSCO LG 1,BUENOS AIRES,1,N,2,"0,000","0,000","0,000","0,000"
8349022,KIOSCO LIBRERIA 389,BUENOS AIRES,1,2.A,3,"3,370","0,000","0,000","0,000"
12949474,KIOSCO LITA,LA RIOJA,1,4.C,4,"2,750","0,000","0,000","3,000"
13049057,KIOSCO LITO,LA PAMPA,1,2.A,3,"2,595","0,000","0,000","4,484"
12849393,KIOSCO LO DE DANI,RIO NEGRO,1,5.D,6,"2,280","1,397","0,000","5,000"
13049417,KIOSCO LO DE PAUL,BUENOS AIRES,1,5.D,6,"1,358","0,000","0,000","0,000"
12949609,KIOSCO LO DE SANDRA,BUENOS AIRES,1,5.D,6,"6,632","0,000","0,000","3,000"
7049436,KIOSCO LOS CHICOS,BUENOS AIRES,1,4.C,4,"0,103","0,000","0,000","2,938"
9749303,KIOSCO LOS GALLEGOS,BUENOS AIRES,1,3.B,4,"2,357","0,000","0,000","4,608"
12849496,KIOSCO LOS MELLIS,CORDOBA,1,N,2,"2,511","0,500","0,000","0,000"
12449744,KIOSCO LOS MELLIZOS,NEUQUEN,1,1.VIP,2,"4,511","-0,392","0,000","2,892"
12849413,KIOSCO LOS NIETOS,LA RIOJA,1,4.C,4,"0,880","0,500","0,000","1,000"
13049397,KIOSCO LOS NIETOS,LA RIOJA,1,4.C,4,"-0,136","0,000","0,000","1,942"
7549602,KIOSCO LUCY,BUENOS AIRES,1,4.C,4,"-0,282","0,000","0,000","0,873"
9749573,KIOSCO LULI,SANTA FE,1,5.D,6,"0,471","0,394","0,000","1,000"
13049481,KIOSCO LUZURIAGA,BUENOS AIRES,1,N,2,"1,774","0,000","0,000","0,306"
13049850,KIOSCO M Y L,BUENOS AIRES,1,N,2,"-0,015","-0,010","0,000","0,000"
13049135,KIOSCO MAGALI,BUENOS AIRES,1,4.C,4,"5,348","0,000","0,000","4,817"
12849146,KIOSCO MAGALY,BUENOS AIRES,1,4.C,4,"1,353","-0,667","0,000","2,931"
13049170,KIOSCO MAJO,CAPITAL FEDERAL,1,4.C,4,"0,000","0,000","0,000","3,000"
13049033,KIOSCO MALTAGLIATI,CAPITAL FEDERAL,1,N,2,"3,476","0,000","0,000","0,000"
13049794,KIOSCO MANI,CORRIENTES,1,5.D,6,"-0,116","0,000","0,000","-0,040"
12449763,KIOSCO MANIA II,BUENOS AIRES,1,4.C,4,"-0,248","0,000","0,000","0,000"
9749835,KIOSCO MANU,RIO NEGRO,1,5.D,6,"13,487","0,000","0,000","9,609"
11349081,KIOSCO MAR,BUENOS AIRES,1,N,2,"0,689","-0,010","0,000","-0,003"
9649009,KIOSCO MARIANA,BUENOS AIRES,1,N,2,"2,653","0,000","0,000","3,761"
13049415,KIOSCO MARILU,CORDOBA,1,5.D,6,"0,834","0,000","0,000","7,799"
12849346,KIOSCO MARTIN,BUENOS AIRES,1,1.VIP,2,"3,929","0,000","0,000","2,630"
12349006,KIOSCO MARTIN,ENTRE RIOS,1,N,2,"8,005","0,000","0,000","0,000"
13049031,KIOSCO MATI,RIO NEGRO,1,2.A,3,"4,386","0,000","0,000","3,776"
12849601,KIOSCO MATIAS,JUJUY,1,3.B,4,"4,439","0,000","0,000","3,817"
12449195,KIOSCO MAURI,CORRIENTES,1,1.VIP,2,"1,677","0,000","0,000","1,401"
12849074,KIOSCO MAX,BUENOS AIRES,1,3.B,4,"1,299","0,626","0,000","2,963"
12849342,KIOSCO MAX II,BUENOS AIRES,1,4.C,4,"0,275","0,000","0,000","0,000"
13049398,KIOSCO MAXI VGB,CORDOBA,1,4.C,4,"-0,297","0,000","0,000","-0,087"
12849385,KIOSCO MDQ,BUENOS AIRES,1,N,2,"3,360","0,500","0,000","0,000"
12449405,KIOSCO MEMO,NEUQUEN,1,1.VIP,2,"1,872","1,000","0,000","1,864"
13049156,KIOSCO MENDEZ,BUENOS AIRES,1,5.D,6,"0,000","0,000","0,000","0,000"
12849227,KIOSCO MERCED,BUENOS AIRES,1,4.C,4,"-0,201","1,642","0,000","1,849"
13049825,KIOSCO MESSIRVE (SOLO PEI),RIO NEGRO,1,N,2,"-0,007","0,000","0,000","-0,016"
12949311,KIOSCO MIGUEL,CORDOBA,1,2.A,3,"4,538","0,000","0,000","2,363"
13049675,KIOSCO MONCHO,CORRIENTES,1,5.D,6,"0,000","0,000","0,000","0,000"
7049711,KIOSCO MONICA,SANTA FE,1,4.C,4,"0,607","0,000","0,000","4,920"
7049959,KIOSCO NAMUNCURA,LA PAMPA,1,1.VIP,2,"2,633","0,000","0,000","2,509"
12449762,KIOSCO NATY,BUENOS AIRES,1,1.VIP,2,"4,198","2,000","0,000","3,530"
12449825,KIOSCO NED,BUENOS AIRES,1,N,2,"1,486","0,000","0,000","0,000"
12849770,KIOSCO NOE,MENDOZA,1,5.D,6,"1,207","0,892","0,000","1,980"
6149706,KIOSCO NOELIA,BUENOS AIRES,1,N,2,"0,000","0,000","0,000","0,000"
12849563,KIOSCO OHANA,BUENOS AIRES,1,1.VIP,2,"5,182","-0,469","0,000","4,162"
12149182,KIOSCO OLI,SALTA,1,2.A,3,"2,823","0,000","0,000","2,634"
13049234,KIOSCO OPEN 365,CHACO,1,5.D,6,"0,000","0,000","0,000","0,000"
13049377,KIOSCO PAGOS WEST,BUENOS AIRES,1,5.D,6,"0,000","0,000","0,000","0,000"
13049594,KIOSCO PAQUITO II,RIO NEGRO,1,N,2,"-0,035","0,000","0,000","-0,005"
13049482,KIOSCO PARAGUAY,BUENOS AIRES,1,N,2,"2,854","0,000","0,000","2,175"
13049258,KIOSCO PATRI,SANTA FE,1,3.B,4,"1,346","0,000","0,000","1,877"
13049478,KIOSCO PEATONAL,BUENOS AIRES,1,N,2,"4,275","0,000","0,000","1,944"
13049055,KIOSCO PERALTA RAMOS,BUENOS AIRES,1,N,2,"0,833","0,000","0,000","0,000"
11349074,KIOSCO PERON,BUENOS AIRES,1,5.D,6,"0,000","0,000","0,000","0,000"
13049484,KIOSCO PERU,BUENOS AIRES,1,N,2,"1,244","0,000","0,000","4,000"
13049587,KIOSCO PICACHU,RIO NEGRO,1,5.D,6,"4,887","0,000","0,000","3,542"
13049562,KIOSCO PICCO,BUENOS AIRES,1,5.D,6,"2,181","0,000","0,000","1,757"
13049564,KIOSCO PIKO,CORDOBA,1,5.D,6,"4,510","0,000","0,000","7,573"
13049272,KIOSCO PILU 2,BUENOS AIRES,1,5.D,6,"4,633","0,000","0,000","1,910"
12849206,KIOSCO PLATA DULCE,BUENOS AIRES,1,1.VIP,2,"6,442","1,234","0,000","6,962"
12849618,KIOSCO POP LIBRERIA I,CORDOBA,1,2.A,3,"3,374","1,000","0,000","3,000"
13049212,KIOSCO POP LIBRERIA II,CORDOBA,1,4.C,4,"0,712","0,000","0,000","5,000"
13049209,KIOSCO POP LIBRERIA III,CORDOBA,1,4.C,4,"2,652","0,000","0,000","0,000"
7049267,KIOSCO PRIMAVERA,LA PAMPA,1,2.A,3,"2,946","0,926","0,000","0,000"
13049768,KIOSCO PUE,SALTA,1,N,2,"0,000","0,000","0,000","0,000"
13049477,KIOSCO PUENTE,BUENOS AIRES,1,N,2,"3,028","0,000","0,000","2,000"
13049419,KIOSCO PUNTO. AV,BUENOS AIRES,1,5.D,6,"0,810","0,000","0,000","3,000"
13049053,KIOSCO QC,BUENOS AIRES,1,1.VIP,2,"5,535","0,000","0,000","3,185"
12049908,KIOSCO RAFA,RIO NEGRO,1,2.A,3,"3,374","0,000","0,000","5,570"
12849870,KIOSCO RAMALLO,CORDOBA,1,N,2,"0,000","0,000","0,000","0,000"
13049115,KIOSCO RIFS BAHIA,BUENOS AIRES,1,2.A,3,"7,882","0,000","0,000","2,000"
7049765,KIOSCO ROCA,SANTA FE,1,1.VIP,2,"0,826","0,000","0,000","2,592"
12149284,KIOSCO ROCIO (SOLO PEI),RIO NEGRO,1,5.D,6,"-0,009","0,000","0,000","-0,024"
11949293,KIOSCO RO-LEAN,SANTA FE,1,4.C,4,"-0,197","0,000","0,000","3,995"
13049475,KIOSCO RUTA,BUENOS AIRES,1,N,2,"3,277","0,000","0,000","3,000"
9749736,KIOSCO RV,CORRIENTES,1,N,2,"1,783","0,000","0,000","1,000"
12449072,KIOSCO SA-GA,RIO NEGRO,1,4.C,4,"0,307","0,000","0,000","9,687"
12849956,KIOSCO SAMALI,BUENOS AIRES,1,5.D,6,"0,000","0,000","0,000","0,000"
11949878,KIOSCO SAN EXPEDITO,BUENOS AIRES,1,N,2,"0,000","0,000","0,000","0,000"
12449441,KIOSCO SAN LUIS,NEUQUEN,1,5.D,6,"-0,086","0,000","0,000","1,978"
11349075,KIOSCO SANTA MARIA,BUENOS AIRES,1,N,2,"1,000","0,000","0,000","1,000"
12449456,KIOSCO SANTINO,BUENOS AIRES,1,N,2,"80,061","0,317","0,000","0,000"
11949503,KIOSCO SARMIENTO,BUENOS AIRES,1,3.B,4,"6,754","1,356","0,000","99,656"
13049291,KIOSCO SELENA,MENDOZA,1,2.A,3,"3,526","0,000","0,000","7,000"
12449444,KIOSCO SERGIO,MISIONES,1,N,2,"0,000","0,000","0,000","0,000"
12849884,KIOSCO SISI,NEUQUEN,1,N,2,"2,042","0,000","0,000","2,000"
13049546,KIOSCO SOCIAS (SOLO PEI),BUENOS AIRES,1,5.D,6,"0,000","0,000","0,000","0,000"
13049013,KIOSCO SR X,BUENOS AIRES,1,5.D,6,"-0,089","0,000","0,000","-0,022"
13049365,KIOSCO SR X 2,BUENOS AIRES,1,5.D,6,"-0,026","0,000","0,000","-0,003"
13049238,KIOSCO SUPER B,RIO NEGRO,1,3.B,4,"1,591","0,000","0,000","3,000"
13049381,KIOSCO SUPER B II,RIO NEGRO,1,5.D,6,"1,977","0,000","0,000","7,000"
12049659,KIOSCO T.J.K,MISIONES,1,4.C,4,"-0,158","0,000","0,000","0,948"
13049583,KIOSCO TEJEDOR,BUENOS AIRES,1,5.D,6,"1,731","0,000","0,000","1,759"
12349074,KIOSCO TELECOM,RIO NEGRO,1,4.C,4,"2,836","0,000","0,000","3,470"
13049667,KIOSCO TERMINAL MOGOTES,BUENOS AIRES,1,5.D,6,"0,000","0,000","0,000","0,000"
13049545,KIOSCO TIKI TACA,BUENOS AIRES,1,5.D,6,"4,913","0,000","0,000","4,000"
12449211,KIOSCO TOM Y JERRY,ENTRE RIOS,1,2.A,3,"4,238","0,000","0,000","8,000"
13049073,KIOSCO TOPLINE,CHUBUT,1,N,2,"5,887","0,000","0,000","2,000"
12049976,KIOSCO URQUIZA,TUCUMAN,1,4.C,4,"0,000","0,000","0,000","1,000"
12649204,KIOSCO URQUIZA II,TUCUMAN,1,4.C,4,"1,216","0,830","0,000","5,000"
11949201,KIOSCO USHUAIA CRS,BUENOS AIRES,1,1.VIP,2,"12,316","3,000","0,000","11,948"
13049577,KIOSCO VENTAS SERO,NEUQUEN,1,N,2,"-0,074","0,000","0,000","-0,019"
11949208,KIOSCO VIBRA POSITIVA,RIO NEGRO,1,1.VIP,2,"9,342","1,484","0,000","8,143"
5649013,KIOSCO VIRREY,BUENOS AIRES,1,5.D,6,"5,315","0,000","0,000","3,000"
13049039,KIOSCO WEST,BUENOS AIRES,1,N,2,"2,609","0,000","0,000","0,000"
9749302,KIOSCO Y LOCUTORIO TOBIAS,MENDOZA,1,N,2,"5,466","0,000","0,000","0,000"
9749800,KIOSCO YAVI,BUENOS AIRES,1,4.C,4,"2,600","0,000","0,000","7,000"
12049666,KIOSCO YEYE,NEUQUEN,1,2.A,3,"48,794","0,000","0,000","48,396"
6149619,KIOSCO YOGUI,BUENOS AIRES,1,N,2,"2,000","0,000","0,000","0,000"
13049105,KIOSCOLIN,BUENOS AIRES,1,N,2,"0,000","0,000","0,000","2,000"
12849958,KIOSCOTOPIA,BUENOS AIRES,1,N,2,"7,908","0,000","0,000","0,000"
6949637,KIOSKO 25 DE MAYO,SAN LUIS,1,1.VIP,2,"8,194","0,430","0,000","5,000"
12849213,KIOSKO AKIRA,LA RIOJA,1,3.B,4,"0,193","0,298","0,000","7,934"
12049868,KIOSKO ALEX,SAN LUIS,1,4.C,4,"-0,134","0,000","0,000","3,935"
13049280,KIOSKO ALMA,CORRIENTES,1,5.D,6,"1,964","0,000","0,000","2,935"
9749328,KIOSKO BAR SANTO CIELO,CORDOBA,1,N,2,"1,541","0,660","0,000","0,000"
12649406,KIOSKO DIVINO NINO,FORMOSA,1,2.A,3,"2,609","0,410","0,000","0,000"
12949511,KIOSKO FILIBERTO 281,BUENOS AIRES,1,5.D,6,"0,000","0,000","0,000","0,000"
6749188,KIOSKO FRANCISCO 2,SANTIAGO DEL ESTERO,1,3.B,4,"-0,340","0,480","0,000","6,682"
12449086,KIOSKO GLADYS,CORDOBA,1,4.C,4,"1,950","0,000","0,000","1,828"
12849155,KIOSKO LEO,MISIONES,1,4.C,4,"0,610","0,306","0,000","3,974"
13049246,KIOSKO LOS CAMPOS,MISIONES,1,4.C,4,"0,000","0,000","0,000","0,000"
11949261,KIOSKO LUCAS,LA PAMPA,1,4.C,4,"-0,294","0,000","0,000","0,974"
12849643,KIOSKO MANIA,CORRIENTES,1,5.D,6,"0,821","0,000","0,000","0,000"
9749650,KIOSKO ROSI,MISIONES,1,3.B,4,"2,001","0,386","0,000","1,871"
6249140,KITA AROMAS Y MAS,BUENOS AIRES,1,4.C,4,"2,000","1,530","0,000","2,000"
12049630,KLASSE,RIO NEGRO,1,1.VIP,2,"5,994","0,000","0,000","4,168"
6949538,KLASSE II,RIO NEGRO,1,1.VIP,2,"7,057","0,000","0,000","4,049"
6949700,KLASSE V,RIO NEGRO,1,3.B,4,"7,775","5,756","0,000","3,000"
12949782,KODOISH,SANTA FE,1,5.D,6,"-0,040","0,000","0,000","-0,006"
7849086,KONFIANZA,MISIONES,1,5.D,6,"3,299","0,460","0,000","0,000"
12849866,KONFIMARKET SOLO PEI,CAPITAL FEDERAL,1,N,2,"0,000","0,000","0,000","0,000"
13049412,KOTY KM 35,BUENOS AIRES,1,5.D,6,"-0,203","0,000","0,000","2,923"
10649037,KRATZ FLAVIA BEATRIZ,MISIONES,1,N,2,"-0,038","0,000","0,000","0,000"
13049555,KUIKIMAX,CORDOBA,1,5.D,6,"1,205","0,000","0,000","2,000"
13049783,KUIKIMAX / BARRIO NORTE,CORDOBA,1,N,2,"-0,049","0,000","0,000","-0,015"
13049617,KUSIFAY PAGOS,BUENOS AIRES,1,5.D,6,"7,874","0,000","0,000","5,940"
10249751,KUSIKUSKA,SANTA FE,1,2.A,3,"1,549","0,000","0,000","0,000"
8249213,KV VIAJES EXPRESS,CAPITAL FEDERAL,1,5.D,6,"0,000","0,000","0,000","0,000"
12449787,KWIKIMAX,CORDOBA,1,2.A,3,"3,749","0,990","0,000","2,534"
13049739,KWIKIMAX II,CORDOBA,1,N,2,"-0,082","0,000","0,000","-0,046"
9849317,KYRIOS,MENDOZA,1,5.D,6,"-0,187","-0,010","0,000","-0,210"
6649069,L Y L,CORDOBA,1,4.C,4,"0,000","0,000","0,000","3,000"
13049428,L Y L,SANTA FE,1,5.D,6,"0,000","0,000","0,000","2,000"
8049060,L Y M VENTAS Y SERVICIOS TC,TUCUMAN,1,2.A,3,"4,716","-0,055","0,000","2,445"
11949581,L. Y G.,BUENOS AIRES,1,4.C,4,"0,780","0,000","0,000","6,000"
9749260,LA 19,CORDOBA,1,4.C,4,"-0,255","0,000","0,000","0,000"
12849644,LA 20,SANTA FE,1,1.VIP,2,"3,096","0,134","0,000","5,000"
12649764,LA 22 LOTERIA,CAPITAL FEDERAL,1,N,2,"1,029","0,000","0,000","1,868"
12649109,LA 23 DE ORO,RIO NEGRO,1,2.A,3,"5,525","0,419","0,000","0,000"
12649394,LA 24 JUEGOS,TUCUMAN,1,5.D,6,"0,508","0,500","0,000","0,000"
10249732,LA 242,SALTA,1,1.VIP,2,"3,040","0,000","0,000","1,225"
13049282,LA 25,TUCUMAN,1,5.D,6,"0,601","0,000","0,000","4,000"
12649638,LA 359 COM,CHACO,1,5.D,6,"0,000","0,000","0,000","0,000"
7749027,LA ADELINA,MISIONES,1,2.A,3,"0,000","0,000","0,000","0,000"
13049741,LA ALICIA,BUENOS AIRES,1,5.D,6,"-0,031","0,000","0,000","-0,004"
10349103,LA ANONIMA ACCESORIOS STOP II,NEUQUEN,1,1.VIP,2,"3,469","-0,296","0,000","5,404"
5349412,LA ANONIMA CENTRO DE PAGOS CIPOLLETTI,RIO NEGRO,1,N,2,"8,832","0,790","0,000","0,000"
12449345,LA ANONIMA DRUGSTORE BICHOS,NEUQUEN,1,N,2,"0,000","0,000","0,000","0,000"
12749226,LA ANONIMA GRUPO MIRLO,RIO NEGRO,1,1.VIP,2,"2,970","1,401","0,000","2,794"
8149806,LA ANONIMA KLASSE IV,RIO NEGRO,1,N,2,"7,000","2,000","0,000","0,000"
90049069,LA ANONIMA SUC 21,CHUBUT,1,2.A,3,"3,493","1,386","0,000","6,000"
12049933,LA ARRANCA PARAGOLPES V,BUENOS AIRES,1,N,2,"0,595","0,563","0,000","0,000"
9849314,LA AVENIDA,CORRIENTES,1,5.D,6,"-0,075","0,000","0,000","-0,033"
12849725,LA BARRA,JUJUY,1,4.C,4,"2,196","0,000","0,000","5,000"
9749782,LA BARRACA,CORDOBA,1,5.D,6,"0,748","0,000","0,000","0,000"
11849439,LA BIANCA,ENTRE RIOS,1,N,2,"2,586","0,000","0,000","2,000"
11849451,LA BIANCA,ENTRE RIOS,1,N,2,"5,727","-0,104","0,000","3,822"
12449286,LA BODEGA,SANTIAGO DEL ESTERO,1,1.VIP,2,"7,232","0,776","0,000","4,466"
12449898,LA BODEGA 2,SANTIAGO DEL ESTERO,1,2.A,3,"3,124","1,112","0,000","5,800"
13049103,LA BODEGA 3,SANTIAGO DEL ESTERO,1,4.C,4,"6,103","0,000","0,000","1,000"
13049242,LA BODEGA 5,LA RIOJA,1,4.C,4,"-0,549","0,000","0,000","2,902"
9849219,LA BONITA,CAPITAL FEDERAL,1,N,2,"0,000","0,000","0,000","0,000"
6249144,LA BONITA,MENDOZA,1,N,2,"1,618","0,982","0,000","0,000"
11849125,LA BOTICA,SALTA,1,1.VIP,2,"2,721","0,944","0,000","2,000"
12949348,LA BOUTIQUE DE PATO,LA PAMPA,1,5.D,6,"0,000","0,000","0,000","1,000"
12049684,LA BOUTIQUE KIOSCO,BUENOS AIRES,1,N,2,"0,000","0,000","0,000","0,000"
12649781,LA BRUJA DE ORO,CORDOBA,1,5.D,6,"3,801","-0,154","0,000","3,556"
7549675,LA BUENA ONDA,BUENOS AIRES,1,N,2,"0,367","0,000","0,000","0,000"
12649682,LA BUENA ONDA,CORDOBA,1,4.C,4,"0,962","0,000","0,000","1,000"
12649701,LA BUONA FORTUNA,CAPITAL FEDERAL,1,5.D,6,"-0,047","0,000","0,000","0,967"
10249897,LA CABALA,SANTA FE,1,1.VIP,2,"3,360","0,000","0,000","1,955"
12649788,LA CABALA,SANTIAGO DEL ESTERO,1,5.D,6,"-0,168","-0,006","0,000","-0,062"
7449255,LA CASA DEL TAPICERO,BUENOS AIRES,1,5.D,6,"3,620","0,000","0,000","4,000"
11349053,LA CASITA DE LA SALUD,CHUBUT,1,N,2,"2,237","0,288","0,000","0,000"
7449165,LA CATEDRAL DE LA MODA,CORDOBA,1,1.VIP,2,"4,352","0,000","0,000","2,224"
9849128,LA CHABONA,CATAMARCA,1,N,2,"2,762","0,000","0,000","0,000"
10949058,LA CHACRA,LA PAMPA,1,4.C,4,"0,000","0,000","0,000","2,000"
12149186,LA CHACRA,SANTA FE,1,N,2,"0,996","0,000","0,000","1,000"
10449083,LA CHAYA,JUJUY,1,N,2,"0,619","-0,052","0,000","0,866"
9749811,LA CHINA,MENDOZA,1,4.C,4,"0,778","0,000","0,000","1,000"
12449609,LA CHIQUI,CORDOBA,1,1.VIP,2,"15,258","0,000","0,000","59,000"
10349228,LA CLAVE,BUENOS AIRES,1,N,2,"5,258","0,630","0,000","0,000"
10349416,LA CO,TUCUMAN,1,4.C,4,"4,510","0,000","0,000","6,000"
8149376,LA COMARCA,CHUBUT,1,2.A,3,"1,270","-0,076","0,000","3,511"
9849256,LA COMARCA TIENDA DE ALIMENTOS,TUCUMAN,1,5.D,6,"1,031","0,310","0,000","4,000"
13049803,LA CORONA 3,SANTA CRUZ,1,N,2,"-0,018","0,000","0,000","-0,023"
5349554,LA CRUZ,CORDOBA,1,N,2,"0,000","0,000","0,000","0,000"
6949464,LA CUEVA,BUENOS AIRES,1,4.C,4,"3,436","1,000","0,000","4,668"
5349620,LA DESPENSA (SOLO PEI),BUENOS AIRES,1,5.D,6,"0,000","0,000","0,000","0,000"
9749541,LA DESPENSA DE MOE,CORDOBA,1,N,2,"2,943","0,500","0,000","0,000"
9749854,LA DISTRIBUIDORA,MENDOZA,1,4.C,4,"3,841","0,000","0,000","3,000"
9849183,LA EMANCIPACION,BUENOS AIRES,1,4.C,4,"-0,375","0,000","0,000","3,862"
6749156,LA ESCALERITA,CORDOBA,1,1.VIP,2,"1,545","0,000","0,000","1,715"
12449867,LA ESCONDIDA,BUENOS AIRES,1,2.A,3,"0,382","0,000","0,000","0,000"
11949312,LA ESPERANZA,BUENOS AIRES,1,1.VIP,2,"3,335","0,000","0,000","6,000"
9749504,LA ESPERANZA,CORDOBA,1,N,2,"0,555","1,000","0,000","0,000"
6149551,LA ESPERANZA,SALTA,1,4.C,4,"-0,069","0,552","0,000","2,966"
6149648,LA ESQUINA,BUENOS AIRES,1,2.A,3,"5,928","0,000","0,000","12,000"
9849220,LA ESQUINA,BUENOS AIRES,1,N,2,"3,053","0,500","0,000","0,000"
12049419,LA ESQUINA,CORDOBA,1,N,2,"0,729","0,000","0,000","0,000"
6949729,LA ESQUINA,CORRIENTES,1,3.B,4,"-0,299","0,040","0,000","1,777"
10249381,LA ESQUINA,CORRIENTES,1,4.C,4,"-0,132","-0,026","0,000","8,814"
9849207,LA ESQUINA (OLIVEROS),SANTA FE,1,5.D,6,"0,574","0,000","0,000","3,762"
13049719,LA ESQUINA 24 (SOLO PEI),BUENOS AIRES,1,5.D,6,"0,000","0,000","0,000","0,000"
12649718,LA ESQUINA DE BERNY,TUCUMAN,1,5.D,6,"-0,054","0,000","0,000","-0,026"
13049177,LA ESQUINA DE LA GOLOSINA,CORDOBA,1,4.C,4,"0,146","0,000","0,000","3,000"
9849221,LA ESQUINA DE MI BARRIO,BUENOS AIRES,1,N,2,"0,289","0,000","0,000","0,000"
7249169,LA ESQUINA DECO,BUENOS AIRES,1,1.VIP,2,"4,041","0,724","0,000","4,183"
12449888,LA ESQUINA DEL BOMBON,BUENOS AIRES,1,1.VIP,2,"3,683","0,000","0,000","2,642"
7549982,LA ESQUINA DEL VIENTO,BUENOS AIRES,1,1.VIP,2,"5,896","0,000","0,000","6,452"
13049585,LA ESQUINA DRUSGTORE,SANTA FE,1,N,2,"0,997","0,000","0,000","0,000"
6949423,LA ESQUINA EXPRESS DE DIAMANTE,ENTRE RIOS,1,3.B,4,"4,530","0,813","0,000","1,489"
12649686,LA ESQUINA GANADORA,ENTRE RIOS,1,1.VIP,2,"5,480","0,000","0,000","3,442"
10249243,LA ESQUINA GANADORA,ENTRE RIOS,1,N,2,"7,286","1,360","0,000","6,000"
12449634,LA ESQUINA MAXIKIOSCO,BUENOS AIRES,1,1.VIP,2,"2,654","1,150","0,000","2,829"
13049786,LA ESQUINA VCP,CORDOBA,1,5.D,6,"-0,149","-0,042","0,000","-0,098"
12949092,LA ESTACION,BUENOS AIRES,1,1.VIP,2,"4,080","1,670","0,000","3,130"
12449927,LA ESTACION,BUENOS AIRES,1,2.A,3,"3,780","0,000","0,000","2,099"
8249120,LA ESTACION,CORDOBA,1,N,2,"0,000","0,000","0,000","0,000"
12649107,LA ESTRELLA DE LA FORTUNA,ENTRE RIOS,1,1.VIP,2,"2,330","0,000","0,000","3,000"
6149644,LA FABIANA,SAN LUIS,1,4.C,4,"2,468","0,000","0,000","1,000"
13049702,LA FAMILIA,BUENOS AIRES,1,N,2,"0,000","0,000","0,000","0,000"
11949462,LA FAMILIA,CHUBUT,1,3.B,4,"0,396","0,142","0,000","1,829"
9749272,LA FAMILIA,ENTRE RIOS,1,4.C,4,"6,896","0,000","0,000","4,904"
9749309,LA FAMILIA,LA PAMPA,1,N,2,"0,000","0,000","0,000","0,000"
12849674,LA FAMILIA,MISIONES,1,3.B,4,"-0,338","1,864","0,000","0,872"
13049276,LA FAMILIA BY 385,SANTIAGO DEL ESTERO,1,2.A,3,"1,386","0,000","0,000","3,897"
6449494,LA FAVORITA,SANTA FE,1,N,2,"0,000","0,000","0,000","0,000"
12449723,LA FER,BUENOS AIRES,1,1.VIP,2,"3,674","1,016","0,000","2,789"
8149666,LA FIJA,BUENOS AIRES,1,N,2,"0,000","0,000","0,000","0,000"
12449938,LA FLOR,BUENOS AIRES,1,N,2,"1,884","0,355","0,000","0,000"
12849002,LA FLORIDA,SALTA,1,4.C,4,"3,707","0,000","0,000","2,971"
10949071,LA FORRAJERIA,SAN LUIS,1,N,2,"1,555","0,000","0,000","2,000"
12649192,LA FORTUNA,SANTIAGO DEL ESTERO,1,5.D,6,"0,320","0,000","0,000","1,000"
6949924,LA FOTOCOPIADORA,CORDOBA,1,N,2,"-0,041","-0,130","0,000","-0,011"
9749421,LA FUEGUINA,SANTA FE,1,N,2,"1,523","0,000","0,000","1,000"
12849520,LA GALERIA,BUENOS AIRES,1,1.VIP,2,"5,396","4,000","0,000","1,503"
7149070,LA GALERIA,JUJUY,1,1.VIP,2,"8,427","-0,169","0,000","5,524"
12849547,LA GALERIA,TUCUMAN,1,1.VIP,2,"1,830","-0,100","0,000","1,487"
6149655,LA GALERIA 2,BUENOS AIRES,1,3.B,4,"8,616","0,000","0,000","4,716"
9749288,LA GLORIA,CORDOBA,1,N,2,"2,673","0,000","0,000","0,000"
13049360,LA GOLOSINERA,SANTIAGO DEL ESTERO,1,5.D,6,"4,890","0,000","0,000","4,000"
9449044,LA GRAFICA LIBRERIA,BUENOS AIRES,1,N,2,"0,438","0,500","0,000","0,000"
13049133,LA GRAN 7,BUENOS AIRES,1,4.C,4,"8,654","0,000","0,000","8,000"
12649743,LA GRAN ILUSION,SANTA FE,1,5.D,6,"2,534","0,000","0,000","6,000"
12649106,LA GRANDE,TUCUMAN,1,3.B,4,"1,393","0,782","0,000","4,688"
12649301,LA GRANDE II,TUCUMAN,1,4.C,4,"0,938","0,000","0,000","1,719"
9749701,LA GRANJA,SANTIAGO DEL ESTERO,1,2.A,3,"1,539","0,000","0,000","3,946"
12149197,LA GRANJA DE LA ABUELA,SANTA FE,1,4.C,4,"37,331","0,000","0,000","1,000"
9849095,LA GRANJITA,SANTA FE,1,N,2,"0,000","0,000","0,000","1,000"
13049746,LA GRINGA,CORRIENTES,1,5.D,6,"-0,012","-0,012","0,000","-0,001"
6149478,LA GRINGA,MENDOZA,1,5.D,6,"0,474","0,492","0,000","10,871"
12649537,LA HERMOSA,CORDOBA,1,5.D,6,"8,392","1,402","0,000","0,000"
11849318,LA JOAQUINA,CORRIENTES,1,N,2,"1,000","0,000","0,000","0,000"
5549041,LA LAVANDERIA,ENTRE RIOS,1,4.C,4,"1,019","0,516","0,000","3,917"
13049723,LA LECHUZA,MENDOZA,1,N,2,"5,532","-0,202","0,000","5,991"
13049305,LA LECHUZA 3,SANTA FE,1,5.D,6,"0,000","0,000","0,000","0,000"
6949762,LA LIBRERIA,ENTRE RIOS,1,N,2,"2,444","0,488","0,000","0,000"
6949588,LA LIBRERIA DE LA ESQUINA,BUENOS AIRES,1,2.A,3,"4,911","-0,248","0,000","3,913"
8149788,LA LUCINDA GESTIONES,NEUQUEN,1,2.A,3,"2,463","0,006","0,000","1,369"
12849468,LA MANO DE DIOS,BUENOS AIRES,1,N,2,"2,322","1,042","0,000","0,000"
13049335,LA MAQUINA DEL PAIS,CORDOBA,1,5.D,6,"0,000","0,000","0,000","0,000"
13049257,LA MARTA,SANTA FE,1,4.C,4,"1,787","0,000","0,000","3,000"
6949431,LA MATI 2,MENDOZA,1,3.B,4,"6,617","-0,132","0,000","29,977"
9749785,LA MEJOR OPCION,BUENOS AIRES,1,4.C,4,"0,000","0,000","0,000","1,000"
11949318,LA MEME,MENDOZA,1,1.VIP,2,"5,118","1,400","0,000","4,515"
8149895,LA MERCANTIL EL HOYO,CHUBUT,1,N,2,"0,000","0,000","0,000","0,000"
12849748,LA MICHA KIOSCO Y DESPENSA,BUENOS AIRES,1,4.C,4,"-0,461","0,000","0,000","0,000"
12449812,LA MILAGROSA,SALTA,1,2.A,3,"5,059","1,206","0,000","0,000"
12949599,LA MILONGA,MENDOZA,1,5.D,6,"5,029","0,000","0,000","5,735"
11949725,LA MONA JACINTA,SANTA FE,1,2.A,3,"1,726","0,000","0,000","0,000"
5449532,LA MORENA ENTRA A TU CASA,FORMOSA,1,4.C,4,"1,905","0,000","0,000","4,942"
8749060,LA MOROCHA,BUENOS AIRES,1,1.VIP,2,"7,964","-2,136","0,000","3,996"
6149405,LA MOROCHA IV,BUENOS AIRES,1,1.VIP,2,"5,625","1,278","0,000","2,529"
11449157,LA MOROCHA WILDE,BUENOS AIRES,1,1.VIP,2,"3,996","0,000","0,000","7,275"
12949655,LA MOSCA,SALTA,1,5.D,6,"10,534","0,000","0,000","4,271"
12649344,LA MOSCA LOCA,CORDOBA,1,2.A,3,"3,493","0,330","0,000","3,950"
8649090,LA NATIVIDAD,CORDOBA,1,1.VIP,2,"2,236","1,000","0,000","2,642"
8649091,LA NATIVIDAD I,CORDOBA,1,N,2,"0,633","1,130","0,000","0,000"
9749763,LA NONA,CATAMARCA,1,N,2,"0,000","0,000","0,000","0,000"
9749921,LA NONINA DESPENSA,CORDOBA,1,5.D,6,"-0,037","0,000","0,000","0,000"
13049353,LA NOSTRA,BUENOS AIRES,1,4.C,4,"5,397","0,000","0,000","5,677"
5349414,LA NOVEDAD EXPRESS SRL,CORDOBA,1,2.A,3,"4,829","0,000","0,000","3,660"
9049052,LA NUEVA ESTRELLA,BUENOS AIRES,1,N,2,"0,000","0,000","0,000","0,000"
13049776,LA NUEVA MALVINA 2,ENTRE RIOS,1,N,2,"0,000","0,000","0,000","0,000"
7249224,LA NUEVA REINA,BUENOS AIRES,1,4.C,4,"2,634","0,000","0,000","3,692"
13049458,LA NUEVA REINA 2,BUENOS AIRES,1,5.D,6,"0,000","0,000","0,000","0,000"
13049459,LA NUEVA REINA 3,BUENOS AIRES,1,5.D,6,"8,190","0,000","0,000","19,000"
13049461,LA NUEVA REINA 4,BUENOS AIRES,1,5.D,6,"0,000","0,000","0,000","0,000"
10049130,LA NUEVA REINA LOMITAS,BUENOS AIRES,1,5.D,6,"0,000","0,000","0,000","0,000"
12649339,LA NUEVA SUERTE,CORDOBA,1,N,2,"4,487","0,564","0,000","0,000"
11449150,LA OCHAVA CENTRO DE COMUNICACIONES,SANTA FE,1,2.A,3,"2,686","0,916","0,000","1,635"
12649059,LA OFICIAL,SANTA FE,1,4.C,4,"-0,293","0,450","0,000","5,703"
12649644,LA OPORTUNIDAD,CORDOBA,1,3.B,4,"0,791","0,000","0,000","6,000"
7249167,LA OVEJA NEGRA,CORRIENTES,1,N,2,"3,723","2,230","0,000","7,000"
12449532,LA PALOMA,CORDOBA,1,N,2,"0,806","0,000","0,000","0,000"
5249130,LA PALOMA II,CORDOBA,1,N,2,"2,882","0,500","0,000","0,000"
9849193,LA PANA DE GABY,SANTA CRUZ,1,5.D,6,"0,709","0,000","0,000","4,000"
9049024,LA PANALERA DE GONZALO,BUENOS AIRES,1,1.VIP,2,"8,347","0,000","0,000","3,694"
6949755,LA PAPELERA,CORDOBA,1,1.VIP,2,"2,996","0,000","0,000","2,146"
12649021,LA PARADA DE LA FORTUNA,TUCUMAN,1,4.C,4,"2,334","0,000","0,000","16,798"
11849407,LA PERLA,TUCUMAN,1,5.D,6,"4,041","0,000","0,000","2,000"
12449680,LA PIKULERA,MENDOZA,1,1.VIP,2,"20,649","0,935","0,000","3,367"
12449160,LA PLAZA KIOSCO,BUENOS AIRES,1,1.VIP,2,"6,188","1,176","0,000","3,928"
12949714,LA PLAZA POLIRUBRO,CORDOBA,1,5.D,6,"0,000","0,000","0,000","0,000"
9749444,LA PLAZOLETA,ENTRE RIOS,1,3.B,4,"-0,469","0,000","0,000","1,708"
12149221,LA POCHA,CORDOBA,1,4.C,4,"0,841","0,000","0,000","1,000"
12649710,LA POSTA,CHACO,1,5.D,6,"0,000","0,000","0,000","1,000"
12649002,LA POSTA,CHACO,1,N,2,"3,259","0,000","0,000","0,000"
10349262,LA PRIMAVERA,MENDOZA,1,1.VIP,2,"3,982","0,985","0,000","4,302"
6149542,LA PRIMERA PAGOS,BUENOS AIRES,1,N,2,"0,712","0,424","0,000","0,000"
13049146,LA QUERENCIA,CORDOBA,1,5.D,6,"-0,006","0,000","0,000","0,000"
9749505,LA QUESERIA DE SAN JUAN,BUENOS AIRES,1,N,2,"0,721","0,000","0,000","0,000"
13049307,LA QUINI DRUGSTORE,CORDOBA,1,5.D,6,"0,000","0,000","0,000","0,000"
12949750,LA RECOLETA,CAPITAL FEDERAL,1,N,2,"-0,039","-0,026","0,000","-0,013"
8349036,LA REINA,RIO NEGRO,1,5.D,6,"5,932","0,000","0,000","4,000"
7249211,LA REINA I,BUENOS AIRES,1,4.C,4,"0,000","0,000","0,000","0,000"
9849279,LA REINA II,BUENOS AIRES,1,N,2,"0,000","0,000","0,000","0,000"
12649553,LA RIQUEZA,CORDOBA,1,4.C,4,"0,017","0,576","0,000","0,000"
6149695,LA ROCA,BUENOS AIRES,1,5.D,6,"0,000","0,000","0,000","0,000"
12149268,LA ROCA,LA PAMPA,1,5.D,6,"5,970","0,000","0,000","4,000"
12049321,LA ROTONDA,CORDOBA,1,N,2,"0,140","0,000","0,000","0,000"
12149037,LA RUBIA,BUENOS AIRES,1,4.C,4,"0,220","1,962","0,000","4,969"
6149538,LA RUBIA II,BUENOS AIRES,1,4.C,4,"-0,186","1,000","0,000","0,911"
12149192,LA RUEDA,SANTA FE,1,4.C,4,"4,067","0,000","0,000","7,000"
6149690,LA RUEDA,SANTA FE,1,N,2,"0,552","0,000","0,000","1,000"
12649733,LA RULETA,CAPITAL FEDERAL,1,N,2,"4,319","0,000","0,000","8,000"
6749172,LA RURAL,MISIONES,1,4.C,4,"0,048","0,304","0,000","2,930"
13049187,LA SANTA,BUENOS AIRES,1,2.A,3,"5,485","0,000","0,000","5,000"
13049070,LA SARITA,BUENOS AIRES,1,4.C,4,"3,578","0,000","0,000","4,000"
8149716,LA SEGUNDA COMPANIA DE SEG.MAR DEL PLATA,BUENOS AIRES,1,5.D,6,"0,000","0,000","0,000","0,000"
8149711,LA SEGUNDA COMPANIA DE SEGUROS CORDOBA,CORDOBA,1,N,2,"0,909","0,000","0,000","0,000"
8149713,LA SEGUNDA COMPANIA DE SEGUROS MENDOZA,MENDOZA,1,N,2,"0,980","1,000","0,000","0,000"
8149798,LA SEGUNDA COMPANIA DE SEGUROS NEUQUEN,NEUQUEN,1,5.D,6,"2,910","0,000","0,000","0,000"
8149715,LA SEGUNDA COMPANIA DE SEGUROS ROSARIO,SANTA FE,1,5.D,6,"3,414","0,000","0,000","1,000"
8149712,LA SEGUNDA COMPANIA DE SEGUROS SAN JUAN,SAN JUAN,1,N,2,"0,723","0,000","0,000","0,000"
8149597,LA SEGUNDA EL CALAFATE,SANTA CRUZ,1,5.D,6,"0,000","0,000","0,000","0,000"
8149522,LA SEGUNDA FELLS JUAN JOSE,CHUBUT,1,5.D,6,"-0,173","0,000","0,000","0,000"
12149151,LA SEGUNDA PAGOS,SAN LUIS,1,3.B,4,"1,863","1,932","0,000","2,741"
8149596,LA SEGUNDA RIO GALLEGOS,SANTA CRUZ,1,5.D,6,"-0,016","0,000","0,000","0,000"
8149908,LA SEGUNDA SEGUROS GENERALES,SALTA,1,N,2,"4,611","1,066","0,000","0,000"
8149335,LA SEGUNDA SEGUROS GENERALES,SAN LUIS,1,1.VIP,2,"3,188","0,988","0,000","1,249"
12649756,LA SOLUCION,CATAMARCA,1,N,2,"0,000","0,000","0,000","0,000"
X6418,LA SOLUCION,CORDOBA,1,N,2,"0,000","0,894","0,000","0,000"
12749449,LA SOLUCION I,CORDOBA,1,1.VIP,2,"5,936","1,232","0,000","6,149"
7249131,LA SONADA MOTOS,CATAMARCA,1,1.VIP,2,"4,364","0,000","0,000","2,624"
12649241,LA SUERTE,CORDOBA,1,4.C,4,"1,480","0,000","0,000","4,000"
12649581,LA SUERTE DEL LEO,RIO NEGRO,1,5.D,6,"1,367","0,000","0,000","2,000"
9749454,LA SUSY,CHACO,1,N,2,"1,212","0,000","0,000","0,000"
12849588,LA SUSY II,CHACO,1,3.B,4,"3,111","0,500","0,000","0,000"
9349037,LA TENTACION PAGOS,ENTRE RIOS,1,4.C,4,"1,484","-0,100","0,000","3,787"
5749068,LA TERMINAL,CORDOBA,1,N,2,"5,975","0,000","0,000","3,985"
12949690,LA TERMINAL,CORRIENTES,1,N,2,"1,690","0,000","0,000","0,000"
12449905,LA TERMINAL,MISIONES,1,2.A,3,"1,752","0,450","0,000","0,000"
13049343,LA TERMINAL,MISIONES,1,5.D,6,"0,000","0,000","0,000","0,000"
12849382,LA TERMINAL,MISIONES,1,N,2,"0,738","0,500","0,000","0,000"
9749867,LA TIA ANA,MENDOZA,1,5.D,6,"0,000","0,000","0,000","0,000"
10349172,LA TIENDA,CHUBUT,1,N,2,"0,000","0,000","0,000","0,000"
12149211,LA TIENDA DE NIMAR,SANTIAGO DEL ESTERO,1,5.D,6,"0,000","0,000","0,000","0,000"
7249221,LA TIENDA DE OTTO,BUENOS AIRES,1,5.D,6,"5,911","0,000","0,000","4,000"
11949837,LA TIENDA DE PATAN,SANTA FE,1,N,2,"1,691","0,000","0,000","0,000"
9049005,LA TIENDITA,BUENOS AIRES,1,1.VIP,2,"5,403","0,000","0,000","3,385"
12849444,LA TOTA,MISIONES,1,2.A,3,"2,829","1,371","0,000","0,000"
9749675,LA TRADICIONAL,BUENOS AIRES,1,N,2,"18,042","0,768","0,000","0,000"
9749896,LA TRANQUERA (SOLO PEI),BUENOS AIRES,1,N,2,"0,989","0,000","0,000","1,000"
11949883,LA TRASTIENDA,CORDOBA,1,1.VIP,2,"7,186","0,000","0,000","5,849"
12949758,LA TRASTIENDA II,CORDOBA,1,N,2,"1,284","-0,474","0,000","0,404"
9749430,LA TUCU,CORRIENTES,1,1.VIP,2,"2,494","-0,070","0,000","2,982"
6749246,LA TUERCA (SOLO PEI),CATAMARCA,1,N,2,"-0,033","0,000","0,000","0,921"
6149391,LA TURCA,CHUBUT,1,2.A,3,"2,046","-0,122","0,000","6,510"
9949040,LA UNION PACK,SANTA FE,1,N,2,"0,759","0,000","0,000","0,000"
9949041,LA UNION PACK 1,SANTA FE,1,N,2,"0,000","0,000","0,000","0,000"
9749879,LA VALENCIANA,MENDOZA,1,N,2,"0,583","0,000","0,000","2,659"
6149539,LA VAQUITA AUTOSERVICIO,CORDOBA,1,5.D,6,"1,991","0,368","0,000","3,969"
13049153,LA VAQUITA NEPPER,CORDOBA,1,N,2,"0,000","0,000","0,000","0,000"
12949476,LA VASCA,RIO NEGRO,1,2.A,3,"6,124","0,000","0,000","3,424"
6149570,LA VELOZ,CAPITAL FEDERAL,1,5.D,6,"3,791","16,288","0,000","5,000"
7249074,LA VENTANA,ENTRE RIOS,1,1.VIP,2,"4,962","-0,598","0,000","4,300"
11949926,LA VICTORIA,BUENOS AIRES,1,4.C,4,"-0,469","0,482","0,000","1,727"
13049782,LA VICTORIA,CORDOBA,1,N,2,"0,762","-0,030","0,000","0,927"
9749600,LA VIEJA ESQUINA II,SANTA FE,1,5.D,6,"0,122","0,316","0,000","1,000"
10949053,LA YUCA,CATAMARCA,1,2.A,3,"7,503","0,940","0,000","1,000"
5749061,LA ZONA,TUCUMAN,1,5.D,6,"-0,242","0,000","0,000","2,830"
5449459,LABORDE HOGAR,CORDOBA,1,1.VIP,2,"1,981","-0,235","0,000","1,876"
11049456,LACADEMIA,MISIONES,1,5.D,6,"3,717","0,480","0,000","0,000"
11049457,LACADEMIA II,MISIONES,1,5.D,6,"2,031","0,450","0,000","2,000"
12949516,LACAR LIMPIEZA,NEUQUEN,1,4.C,4,"4,889","0,000","0,000","1,000"
12949425,LACROZE PAGOS,CAPITAL FEDERAL,1,3.B,4,"13,976","0,000","0,000","1,000"
6349517,LADO POSITIVO,MENDOZA,1,N,2,"0,004","0,000","0,000","0,000"
13049322,LAFUENTE MERCEDES GISELLE,RIO NEGRO,1,5.D,6,"0,000","0,000","0,000","4,000"
13049233,LAGOLUC,NEUQUEN,1,5.D,6,"5,610","0,000","0,000","4,000"
12849646,LAKSMI,CORDOBA,1,1.VIP,2,"5,029","0,000","0,000","2,970"
6949832,LALICIA LIBRERIA,CORDOBA,1,4.C,4,"0,426","0,000","0,000","1,855"
12949483,LALICIA LIBRERIA II,CORDOBA,1,4.C,4,"0,815","0,000","0,000","2,930"
12849982,LALY,CORDOBA,1,4.C,4,"2,446","0,000","0,000","3,000"
12849433,LALY & LOLY & TOM,BUENOS AIRES,1,N,2,"0,826","0,284","0,000","0,000"
6449192,LAMBERT MUTUAL SOC DEP Y CULTURAL II,CORDOBA,1,4.C,4,"1,428","0,000","0,000","2,448"
13049231,LAMPARA,SANTA FE,1,4.C,4,"0,344","0,000","0,000","2,000"
12949126,LANCELOT,BUENOS AIRES,1,N,2,"3,877","0,484","0,000","0,000"
12949290,LANOLE,SANTIAGO DEL ESTERO,1,4.C,4,"-0,165","0,000","0,000","-0,041"
6949884,LAPIZ LAPICERA,CORDOBA,1,5.D,6,"5,763","0,000","0,000","9,732"
7749022,LAPIZ Y PAPEL,SANTA FE,1,1.VIP,2,"5,662","3,000","0,000","19,631"
12949358,LAPRIDA MIL OCHO,CAPITAL FEDERAL,1,N,2,"2,939","0,000","0,000","0,000"
8949463,LAPRIPAGO,BUENOS AIRES,1,4.C,4,"0,000","0,456","0,000","0,000"
6049070,LAR SPORT,CORRIENTES,1,2.A,3,"2,167","-0,235","0,000","2,567"
6249104,LARA PERFUMERIA,JUJUY,1,1.VIP,2,"3,763","1,306","0,000","2,220"
11949565,LARGUIRUCHO,BUENOS AIRES,1,N,2,"0,000","0,000","0,000","0,000"
12449982,LARGUIRUCHO II,BUENOS AIRES,1,N,2,"0,567","0,302","0,000","0,000"
12849526,LARGUIRUCHO III,BUENOS AIRES,1,2.A,3,"0,000","0,000","0,000","0,000"
12449735,LAS 3M,CATAMARCA,1,4.C,4,"0,908","0,000","0,000","4,000"
13049854,LAS 3M,CATAMARCA,1,N,2,"-0,018","0,000","0,000","-0,008"
12949710,LAS CHICAS,BUENOS AIRES,1,4.C,4,"19,712","-0,468","0,000","16,034"
9749402,LAS CHICAS,ENTRE RIOS,1,4.C,4,"0,295","-0,010","0,000","1,937"
8649127,LAS CORDOBESAS,SALTA,1,4.C,4,"3,076","0,000","0,000","4,000"
6149473,LAS CUNAS,SAN LUIS,1,4.C,4,"3,448","0,394","0,000","0,000"
12949437,LAS DELICIAS,SANTIAGO DEL ESTERO,1,4.C,4,"-0,079","0,000","0,000","0,934"
12649707,LAS GRINGAS,SANTA FE,1,4.C,4,"1,783","0,000","0,000","2,728"
9749890,LAS GURISAS,ENTRE RIOS,1,5.D,6,"0,000","0,000","0,000","0,000"
6349465,LAS MANOS DE MAMA,BUENOS AIRES,1,N,2,"4,171","0,000","0,000","0,000"
9749943,LAS MARIPOSAS,BUENOS AIRES,1,5.D,6,"-0,050","-0,006","0,000","-0,024"
5749066,LAS MORA,JUJUY,1,N,2,"-0,080","-0,006","0,000","-0,011"
6149699,LAS NENAS,BUENOS AIRES,1,5.D,6,"0,000","0,000","0,000","0,000"
11949860,LAS PRIMAS,CORDOBA,1,2.A,3,"3,833","1,800","0,000","2,212"
12849360,LAS RUBIAS,BUENOS AIRES,1,N,2,"3,789","0,484","0,000","0,000"
12149169,LAS RUBIAS II,BUENOS AIRES,1,N,2,"3,901","0,500","0,000","0,000"
8749194,LAS SANDRAS,BUENOS AIRES,1,1.VIP,2,"0,000","3,091","0,000","0,000"
13049355,LAS TRES ESTRELLAS,TIERRA DEL FUEGO,1,4.C,4,"2,184","0,000","0,000","3,868"
6149354,LAS TRES PENAS,LA RIOJA,1,3.B,4,"-0,193","0,000","0,000","0,000"
12849267,LAS VALDEZ,BUENOS AIRES,1,N,2,"2,256","0,000","0,000","0,000"
12749368,LAURA SPENGLER ASOCIADOS,ENTRE RIOS,1,5.D,6,"0,000","0,000","0,000","0,000"
8249191,LAUTARO ENVIOS,CAPITAL FEDERAL,1,4.C,4,"-0,147","0,000","0,000","2,000"
5549043,LAVADERO AQUA,BUENOS AIRES,1,N,2,"5,997","-0,010","0,000","4,000"
5549031,LAVAMAS,SANTA FE,1,4.C,4,"3,168","0,000","0,000","0,955"
5549042,LAVERAP FLORES,CAPITAL FEDERAL,1,N,2,"4,473","1,536","0,000","0,000"
5549035,LAVERAP WASH CENTER,CAPITAL FEDERAL,1,2.A,3,"7,287","0,000","0,000","11,000"
10049151,LAZER CELULARES,SANTIAGO DEL ESTERO,1,5.D,6,"-0,086","0,000","0,000","-0,005"
8149483,LDA BROKERS DE SEGUROS,MENDOZA,1,5.D,6,"-0,090","0,000","0,000","0,927"
7449114,LE CIEL MODAS,BUENOS AIRES,1,N,2,"1,013","0,000","0,000","0,000"
10049136,LEF,CORDOBA,1,N,2,"1,520","0,000","0,000","-0,510"
12149236,LELITAS MARKET (SOLO PEI),BUENOS AIRES,1,N,2,"0,000","0,000","0,000","0,000"
12749173,LENCINA GLADIS ESTER,BUENOS AIRES,1,3.B,4,"-0,285","2,142","0,000","3,857"
12149086,LEON- NEL,JUJUY,1,4.C,4,"-0,140","0,000","0,000","2,914"
12949544,LEZAMA,CAPITAL FEDERAL,1,5.D,6,"0,687","0,000","0,000","2,481"
8149395,LF SERVICIOS,CAPITAL FEDERAL,1,5.D,6,"1,500","0,000","0,000","1,000"
6549079,LG 3 LOMAS DEL MIRADOR,BUENOS AIRES,1,5.D,6,"0,000","0,000","0,000","0,000"
8149876,LGM SERVICIOS 1,BUENOS AIRES,1,4.C,4,"1,687","0,000","0,000","2,906"
8149877,LGM SERVICIOS III,BUENOS AIRES,1,5.D,6,"0,050","0,000","0,000","0,981"
8149878,LGM SERVICIOS IV,BUENOS AIRES,1,5.D,6,"2,223","0,000","0,000","0,974"
8149879,LGM SERVICIOS V,BUENOS AIRES,1,5.D,6,"2,822","0,000","0,000","2,982"
8149875,LGM SERVICIOS VI,BUENOS AIRES,1,5.D,6,"4,723","0,000","0,000","0,987"
8149874,LGM SERVICOS II,BUENOS AIRES,1,5.D,6,"0,876","0,000","0,000","0,979"
8749192,LIBERTAD SERVICIOS,MENDOZA,1,2.A,3,"3,326","1,580","0,000","0,000"
10149016,LIBERTADORES 2018,CAPITAL FEDERAL,1,N,2,"0,000","0,000","0,000","0,000"
13049534,LIBRA S LIBRERIA Y SERVICIOS,BUENOS AIRES,1,N,2,"3,727","0,000","0,000","7,536"
8149371,LIBRA SEGUROS I,SANTA CRUZ,1,N,2,"1,737","0,000","0,000","0,000"
8149851,LIBRA SEGUROS III,SANTA CRUZ,1,N,2,"0,663","0,000","0,000","0,000"
12049488,LIBRAS S KIOSCO Y SERVICIOS,BUENOS AIRES,1,N,2,"1,798","0,016","0,000","0,000"
6949834,LIBRE REGALERIA,CORDOBA,1,N,2,"0,000","0,000","0,000","0,000"
6949724,LIBREMANIA,CORDOBA,1,N,2,"3,711","0,452","0,000","0,000"
6949685,LIBRERIA  BARRILETE,BUENOS AIRES,1,4.C,4,"1,725","0,000","0,000","6,000"
6949750,LIBRERIA & ANEXOS PLAZA,JUJUY,1,4.C,4,"0,569","0,334","0,000","3,000"
12849153,LIBRERIA & DRUGSTORE GRY S,SANTIAGO DEL ESTERO,1,2.A,3,"1,877","0,256","0,000","1,702"
6949631,LIBRERIA A & G,CAPITAL FEDERAL,1,4.C,4,"7,827","0,482","0,000","3,000"
6949880,LIBRERIA A Y F,CORDOBA,1,5.D,6,"0,985","0,000","0,000","4,000"
6949436,LIBRERIA ABACO,RIO NEGRO,1,3.B,4,"0,000","0,000","0,000","5,000"
6949559,LIBRERIA ABC,BUENOS AIRES,1,4.C,4,"0,102","0,000","0,000","1,950"
6949878,LIBRERIA ABC,BUENOS AIRES,1,5.D,6,"0,380","0,000","0,000","3,000"
7449235,LIBRERIA AF,CORDOBA,1,1.VIP,2,"10,000","1,000","0,000","25,000"
6949404,LIBRERIA AGUS,SANTA FE,1,N,2,"0,108","0,000","0,000","0,000"
6949627,LIBRERIA ALICIA,MISIONES,1,4.C,4,"-0,059","0,000","0,000","1,972"
6949786,LIBRERIA AMERICA,CORDOBA,1,1.VIP,2,"5,089","0,000","0,000","8,180"
6949670,LIBRERIA AMY,BUENOS AIRES,1,4.C,4,"3,065","1,184","0,000","4,000"
6949287,LIBRERIA ANGELITO,SALTA,1,2.A,3,"1,845","0,000","0,000","2,862"
6949881,LIBRERIA ARA SAN JUAN,SANTIAGO DEL ESTERO,1,3.B,4,"2,818","0,000","0,000","0,998"
6949905,LIBRERIA ARAUCARIA,MISIONES,1,N,2,"6,969","0,000","0,000","7,000"
6949908,LIBRERIA ARCANGEL ZADKIEL,MENDOZA,1,N,2,"5,975","0,000","0,000","4,000"
6949450,LIBRERIA ARCO IRIS,CHACO,1,1.VIP,2,"1,588","-0,158","0,000","1,908"
6949793,LIBRERIA ARCO IRIS,TUCUMAN,1,4.C,4,"3,266","0,670","0,000","4,000"
6949808,LIBRERIA ARGENTINA,FORMOSA,1,3.B,4,"3,123","0,000","0,000","2,811"
6949461,LIBRERIA ATENEA,SANTA FE,1,1.VIP,2,"2,989","-0,065","0,000","0,459"
6949563,LIBRERIA AVENIDA,BUENOS AIRES,1,2.A,3,"2,782","1,000","0,000","5,348"
6949558,LIBRERIA AVENIDA DEL MAESTRO,NEUQUEN,1,4.C,4,"2,620","0,000","0,000","8,000"
6949725,LIBRERIA AWKA LIWEN,CAPITAL FEDERAL,1,N,2,"5,821","1,280","0,000","0,000"
6949494,LIBRERIA BRISA,JUJUY,1,N,2,"4,835","1,460","0,000","0,000"
6949907,LIBRERIA BRISA,MENDOZA,1,N,2,"0,182","0,000","0,000","-0,014"
6949379,LIBRERIA BV,CAPITAL FEDERAL,1,2.A,3,"0,000","0,000","0,000","0,000"
6949591,LIBRERIA CENTRAL,ENTRE RIOS,1,3.B,4,"-0,532","-0,057","0,000","1,826"
6949643,LIBRERIA CHE HUE,BUENOS AIRES,1,N,2,"2,792","0,000","0,000","0,000"
6949859,LIBRERIA CITY BELL,CORDOBA,1,5.D,6,"-0,045","0,000","0,000","-0,038"
6949703,LIBRERIA CODIGO ZOID,RIO NEGRO,1,2.A,3,"5,193","0,718","0,000","15,161"
6949489,LIBRERIA COLORES,CHUBUT,1,1.VIP,2,"2,230","0,000","0,000","1,838"
6949782,LIBRERIA COLORES 2,CHUBUT,1,3.B,4,"0,528","-0,016","0,000","4,647"
6949863,LIBRERIA COLORES 3,CHUBUT,1,5.D,6,"-0,137","0,000","0,000","3,843"
6949869,LIBRERIA CORAZON DE PAPEL,MENDOZA,1,3.B,4,"8,344","0,000","0,000","13,000"
6949130,LIBRERIA CORVALAN,BUENOS AIRES,1,1.VIP,2,"6,500","0,000","0,000","4,177"
6949760,LIBRERIA DE COLORES,CATAMARCA,1,2.A,3,"98,760","-0,096","0,000","99,045"
6949701,LIBRERIA DEL BOSQUE,CHUBUT,1,N,2,"5,602","0,804","0,000","0,000"
6949958,LIBRERIA DEL LAGO (SOLO PEI),NEUQUEN,1,N,2,"-0,006","0,000","0,000","-0,018"
6949672,LIBRERIA DEL RIO,BUENOS AIRES,1,N,2,"0,000","0,000","0,000","0,000"
6949926,LIBRERIA DELMI,CORDOBA,1,5.D,6,"-0,050","0,000","0,000","-0,025"
12949098,LIBRERIA DOBLE A 2,BUENOS AIRES,1,1.VIP,2,"8,916","1,406","0,000","5,000"
6949705,LIBRERIA DON POROTO,BUENOS AIRES,1,N,2,"0,000","0,000","0,000","0,000"
6949624,LIBRERIA E & M,MISIONES,1,2.A,3,"0,983","0,000","0,000","0,000"
6949692,LIBRERIA E & M II,MISIONES,1,N,2,"2,700","0,500","0,000","0,000"
6949951,LIBRERIA EL DUENDE,BUENOS AIRES,1,N,2,"-0,048","-0,020","0,000","-0,061"
6949712,LIBRERIA EL GARAGE,SAN JUAN,1,1.VIP,2,"5,110","0,000","0,000","4,796"
6949889,LIBRERIA EL PRINCIPITO,MISIONES,1,5.D,6,"4,482","0,000","0,000","5,799"
6949961,LIBRERIA EL PRINCIPITO II,MISIONES,1,5.D,6,"-0,045","-0,020","0,000","-0,028"
6949719,LIBRERIA EMOJI,MENDOZA,1,2.A,3,"4,183","-0,167","0,000","20,158"
6949635,LIBRERIA ETCETERA,BUENOS AIRES,1,4.C,4,"0,738","0,000","0,000","2,920"
6949898,LIBRERIA ETCETERA,SANTA FE,1,N,2,"0,982","0,000","0,000","2,726"
6949735,LIBRERIA FEDE,CAPITAL FEDERAL,1,3.B,4,"0,861","0,000","0,000","3,000"
12849073,LIBRERIA GABY,SALTA,1,N,2,"0,740","1,440","0,000","0,000"
6949913,LIBRERIA GADIEL,CORDOBA,1,N,2,"0,589","-0,070","0,000","1,818"
6949372,LIBRERIA GARABATOS,BUENOS AIRES,1,N,2,"0,460","0,000","0,000","0,000"
6949548,LIBRERIA GASPAR II,BUENOS AIRES,1,1.VIP,2,"6,020","0,000","0,000","5,557"
6949579,LIBRERIA GATURRO,MISIONES,1,1.VIP,2,"3,417","0,000","0,000","9,631"
6949187,LIBRERIA GRAFFT,BUENOS AIRES,1,1.VIP,2,"6,090","4,828","0,000","2,405"
6949554,LIBRERIA GUITIAN,SALTA,1,3.B,4,"2,213","-0,090","0,000","2,884"
6949525,LIBRERIA HOMERO,ENTRE RIOS,1,4.C,4,"-0,188","0,000","0,000","0,000"
6949714,LIBRERIA ILUSIONES,BUENOS AIRES,1,N,2,"1,288","3,696","0,000","0,000"
6949655,LIBRERIA IMPEL,BUENOS AIRES,1,3.B,4,"0,959","0,000","0,000","3,000"
6949163,LIBRERIA INTEGRAL DISTRIBUCIONES,SAN JUAN,1,N,2,"0,185","0,000","0,000","0,000"
6949845,LIBRERIA ITALIA,CHUBUT,1,4.C,4,"0,000","0,100","0,000","0,000"
6949888,LIBRERIA ITALIA,CHUBUT,1,4.C,4,"1,801","0,000","0,000","5,875"
6949084,LIBRERIA J.L.Z.,CAPITAL FEDERAL,1,1.VIP,2,"2,017","0,000","0,000","3,574"
6949743,LIBRERIA KIKI,BUENOS AIRES,1,N,2,"3,840","0,492","0,000","0,000"
6949886,LIBRERIA KIOSCO ROSITA,BUENOS AIRES,1,N,2,"0,906","0,000","0,000","0,967"
6949462,LIBRERIA KUKY,SALTA,1,1.VIP,2,"2,807","1,347","0,000","1,326"
6949435,LIBRERIA LA MARTINA,BUENOS AIRES,1,N,2,"2,853","0,000","0,000","0,000"
6949752,LIBRERIA LA NEGRITA,BUENOS AIRES,1,N,2,"1,348","0,292","0,000","0,000"
6949807,LIBRERIA LAS RETAMAS,MENDOZA,1,3.B,4,"5,142","0,701","0,000","9,000"
6949147,LIBRERIA LETRAS,BUENOS AIRES,1,2.A,3,"4,360","2,746","0,000","7,000"
6949659,LIBRERIA LIHUEN,LA RIOJA,1,N,2,"0,000","0,992","0,000","0,000"
6949763,LIBRERIA LO DE ROSANA FULL,BUENOS AIRES,1,N,2,"1,893","0,500","0,000","0,000"
6949081,LIBRERIA LO DE SILMI,BUENOS AIRES,1,5.D,6,"10,938","-0,078","0,000","3,924"
6949606,LIBRERIA LOCURAS,CORRIENTES,1,1.VIP,2,"3,002","-0,201","0,000","1,411"
6949669,LIBRERIA LOS AMORES,SAN JUAN,1,2.A,3,"3,255","1,692","0,000","7,000"
6949420,LIBRERIA LOS GIRASOLES,BUENOS AIRES,1,2.A,3,"8,174","0,000","0,000","0,000"
6949856,LIBRERIA LOS GIRASOLES,BUENOS AIRES,1,3.B,4,"1,890","0,000","0,000","5,801"
6949940,LIBRERIA LOS HERMANOS,SANTA FE,1,5.D,6,"0,000","0,000","0,000","0,000"
6949912,LIBRERIA LOS PALICES,FORMOSA,1,N,2,"-0,037","0,000","0,000","-0,027"
6949853,LIBRERIA LULU,CATAMARCA,1,4.C,4,"-0,493","0,000","0,000","4,683"
6949302,LIBRERIA MALI,LA PAMPA,1,4.C,4,"1,509","0,000","0,000","0,000"
6949438,LIBRERIA MARIA VAL,CORDOBA,1,1.VIP,2,"3,609","2,784","0,000","3,000"
6949871,LIBRERIA MARIA VAL (NVA),CORDOBA,1,1.VIP,2,"2,107","1,000","0,000","8,519"
6949359,LIBRERIA MATRIX,BUENOS AIRES,1,4.C,4,"1,885","0,000","0,000","7,000"
6949882,LIBRERIA MENDOZA,MENDOZA,1,5.D,6,"3,375","0,000","0,000","5,547"
6949783,LIBRERIA MERLIN,BUENOS AIRES,1,2.A,3,"5,611","4,597","0,000","6,000"
6949879,LIBRERIA MI ESTRELLA,SAN LUIS,1,5.D,6,"0,000","0,000","0,000","0,000"
6949946,LIBRERIA MITRE,MISIONES,1,N,2,"0,000","0,000","0,000","0,000"
6949362,LIBRERIA MONICA,MISIONES,1,2.A,3,"0,559","0,000","0,000","0,000"
6949861,LIBRERIA MOON,BUENOS AIRES,1,4.C,4,"1,417","0,000","0,000","1,000"
6949885,LIBRERIA MRV,SANTIAGO DEL ESTERO,1,4.C,4,"4,020","0,000","0,000","3,988"
6949925,LIBRERIA NACHO,FORMOSA,1,N,2,"-0,001","0,000","0,000","-0,001"
6949893,LIBRERIA NATYLU,BUENOS AIRES,1,N,2,"0,000","0,000","0,000","0,000"
6949858,"LIBRERIA NO LO QUIERO, LO NECESITO",CORDOBA,1,4.C,4,"-0,092","0,000","0,000","-0,100"
6949417,LIBRERIA OMERO,CORDOBA,1,4.C,4,"0,000","1,498","0,000","2,000"
12949675,LIBRERIA PAOLA,MENDOZA,1,5.D,6,"0,000","0,000","0,000","0,000"
6949759,LIBRERIA PAPELITO,CATAMARCA,1,2.A,3,"3,000","0,000","0,000","6,000"
6949675,LIBRERIA PARTY FUN,BUENOS AIRES,1,4.C,4,"0,000","0,000","0,000","0,000"
6949356,LIBRERIA PEGAZZO,BUENOS AIRES,1,1.VIP,2,"5,609","0,000","0,000","5,479"
6949902,LIBRERIA PEPE,CAPITAL FEDERAL,1,N,2,"0,670","0,000","0,000","1,952"
6949527,LIBRERIA PIGALLE,CORDOBA,1,1.VIP,2,"3,535","1,000","0,000","3,122"
6949282,LIBRERIA PMB,CAPITAL FEDERAL,1,2.A,3,"2,302","0,000","0,000","5,404"
6949419,LIBRERIA POLYSU,BUENOS AIRES,1,4.C,4,"-0,024","0,000","0,000","-0,011"
6949841,LIBRERIA POMPEYA,BUENOS AIRES,1,5.D,6,"0,000","0,000","0,000","1,000"
6949415,LIBRERIA PRINCESA BONITA,BUENOS AIRES,1,3.B,4,"2,882","0,000","0,000","4,613"
6949445,LIBRERIA PUERTO PIEDRAS,SANTA FE,1,1.VIP,2,"2,851","0,000","0,000","1,525"
6949639,LIBRERIA PUNTO Y COMA,MENDOZA,1,2.A,3,"2,348","-0,150","0,000","1,552"
6949775,LIBRERIA PYTAGORAS,BUENOS AIRES,1,N,2,"3,242","0,850","0,000","0,000"
6949959,LIBRERIA RAYUELA,BUENOS AIRES,1,5.D,6,"5,991","-0,010","0,000","3,998"
6949849,LIBRERIA REBEMAI,MENDOZA,1,4.C,4,"4,068","0,000","0,000","6,000"
6949962,LIBRERIA RIOBAMBA,CAPITAL FEDERAL,1,N,2,"-0,023","-0,016","0,000","-0,020"
6949810,LIBRERIA RUBEN DARIO,LA RIOJA,1,1.VIP,2,"2,226","0,000","0,000","1,342"
6949684,LIBRERIA SAN ANDRES,CAPITAL FEDERAL,1,4.C,4,"-0,206","0,000","0,000","2,770"
6949539,LIBRERIA SAN FRANCISCO,MISIONES,1,3.B,4,"-0,399","0,000","0,000","0,972"
6949950,LIBRERIA SAN LUIS,BUENOS AIRES,1,N,2,"5,626","-0,006","0,000","3,828"
6949930,LIBRERIA SANTA RITA,MISIONES,1,5.D,6,"0,000","0,000","0,000","0,000"
6949188,LIBRERIA SANTY,ENTRE RIOS,1,1.VIP,2,"3,250","0,000","0,000","2,911"
6949776,LIBRERIA SARMIENTO,CORDOBA,1,4.C,4,"1,727","0,156","0,000","4,000"
6949566,LIBRERIA SARMIENTO,CORDOBA,1,N,2,"3,814","0,000","0,000","0,000"
6949952,LIBRERIA SARMIENTO,SANTA FE,1,5.D,6,"-0,328","-0,054","0,000","-0,340"
6949875,LIBRERIA SEBA,CAPITAL FEDERAL,1,4.C,4,"0,000","0,000","0,000","0,000"
6949937,LIBRERIA SEPTIEMBRE,CORDOBA,1,5.D,6,"-0,160","0,000","0,000","-0,151"
6949343,LIBRERIA SOL,BUENOS AIRES,1,1.VIP,2,"4,895","0,000","0,000","4,128"
6949582,LIBRERIA TOMY MATE,BUENOS AIRES,1,3.B,4,"0,000","1,858","0,000","0,000"
7449259,LIBRERIA TOMY MATE II GALERIA,BUENOS AIRES,1,4.C,4,"9,748","0,000","0,000","4,691"
6949501,LIBRERIA TRES ELEFANTES,CORDOBA,1,2.A,3,"2,000","0,000","0,000","3,000"
13049384,LIBRERIA VALU,SANTA FE,1,5.D,6,"0,000","0,000","0,000","0,000"
6949742,LIBRERIA VALUMA,BUENOS AIRES,1,4.C,4,"-0,142","-0,030","0,000","3,904"
6949689,LIBRERIA VANDRESSA,MISIONES,1,N,2,"0,560","0,444","0,000","0,000"
6949508,LIBRERIA VIRGEN DE LOS MILAGROS,MENDOZA,1,5.D,6,"2,807","0,070","0,000","5,000"
9749856,LIBRERIA VIRONI,CORDOBA,1,5.D,6,"-0,088","0,000","0,000","-0,039"
6949660,LIBRERIA Y FOTOCOPIADORA GC,CHACO,1,1.VIP,2,"1,516","0,000","0,000","3,815"
6949352,LIBRERIA Y FOTOCOPIADORA PANTOJA,SANTIAGO DEL ESTERO,1,3.B,4,"16,489","0,574","0,000","3,888"
6949766,LIBRERIA Y JUGUETERIA SCOOBY,SAN LUIS,1,2.A,3,"2,180","0,518","0,000","0,000"
6949626,LIBRERIA Y JUGUETERIA SNOOPY,BUENOS AIRES,1,3.B,4,"19,419","-0,154","0,000","1,331"
6949186,LIBRERIA Y PAPELERIA LAS PENAS,CORDOBA,1,3.B,4,"-0,358","0,000","0,000","-0,250"
11949331,LIBRERIA Y REGALERIA C Y G,CORDOBA,1,N,2,"0,000","0,000","0,000","0,000"
6949890,LIBRERIA Y REGALERIA MIMI,MENDOZA,1,5.D,6,"-0,121","0,000","0,000","-0,048"
6949920,LIBRERIA YUQUERI,ENTRE RIOS,1,5.D,6,"-0,085","-0,034","0,000","-0,033"
6949854,LIBRETEC,SALTA,1,5.D,6,"0,786","0,000","0,000","-0,004"
12149024,LI-CA SRL,CATAMARCA,1,4.C,4,"2,416","0,000","0,000","7,859"
12949606,LICEO LIMPIEZA,CORDOBA,1,5.D,6,"4,162","0,000","0,000","12,000"
9549005,LIHUE,SANTA CRUZ,1,N,2,"1,903","1,056","0,000","0,000"
6349469,LIKE STORE,SANTA FE,1,1.VIP,2,"1,467","1,047","0,000","2,000"
9749769,LILA,MENDOZA,1,N,2,"0,000","0,000","0,000","0,000"
8249233,LIMITE 0,BUENOS AIRES,1,5.D,6,"2,639","0,000","0,000","1,000"
10949076,LIMPIANDO PATITAS,MENDOZA,1,5.D,6,"1,949","0,000","0,000","8,000"
10949078,LIMPIANDO PATITAS 1,MENDOZA,1,5.D,6,"3,506","0,000","0,000","2,815"
12949349,LIMPIEZA GARANTIZADA,CORDOBA,1,N,2,"0,000","0,000","0,000","0,000"
12149228,LIMPIEZA TOTAL Y MAS,BUENOS AIRES,1,N,2,"5,178","0,000","0,000","4,000"
6149367,LIMPIHOGAR,ENTRE RIOS,1,2.A,3,"1,924","0,414","0,000","4,270"
8449012,LIMPIO CHAJARI,ENTRE RIOS,1,N,2,"0,056","0,000","0,000","-0,037"
13049318,LIMPROSUR,CORDOBA,1,4.C,4,"6,208","0,000","0,000","5,000"
11249040,LINARES,TUCUMAN,1,4.C,4,"3,692","0,000","0,000","7,518"
12749405,LINCOLN BZB CREDI,BUENOS AIRES,1,5.D,6,"0,608","0,000","0,000","1,000"
9249028,LINEA CERO AUTOMOTORES S.R.L,JUJUY,1,4.C,4,"2,097","0,000","0,000","4,000"
7549959,LIONEL POLIRRUBRO,BUENOS AIRES,1,1.VIP,2,"3,898","-0,021","0,000","31,470"
6949584,LITORAL DEL VALLE SRL,CORRIENTES,1,2.A,3,"8,192","-0,018","0,000","3,652"
13049080,LITORAL MIX,CORDOBA,1,4.C,4,"-0,099","0,000","0,000","1,931"
12049373,LITTLE MONSTER,SANTA FE,1,1.VIP,2,"2,086","0,000","0,000","1,439"
12649286,LLALLAWA,CATAMARCA,1,4.C,4,"1,330","0,854","0,000","4,000"
7049791,LLASTAY,BUENOS AIRES,1,2.A,3,"1,564","-0,070","0,000","5,511"
12949645,LLS GROUP,CAPITAL FEDERAL,1,5.D,6,"6,446","0,000","0,000","3,664"
8149635,LLS ORGANIZACION DE SEGUROS,MISIONES,1,N,2,"0,000","0,000","0,000","0,000"
12049653,LM Y LM MAXIKIOSCO,MISIONES,1,2.A,3,"0,792","0,342","0,000","2,934"
12649669,LMB,MENDOZA,1,4.C,4,"4,995","0,000","0,000","1,187"
11649257,LNG COMPUTACION,MENDOZA,1,N,2,"0,000","0,000","0,000","0,000"
12149260,LO COTIDIANO (SOLO PEI),LA PAMPA,1,N,2,"-0,043","0,000","0,000","0,899"
12449731,LO D BUSTOS,CORDOBA,1,1.VIP,2,"4,313","1,000","0,000","2,137"
6149720,LO DE BAUTI,BUENOS AIRES,1,5.D,6,"-0,024","-0,010","0,000","-0,001"
11949743,LO DE BAUTI,TIERRA DEL FUEGO,1,2.A,3,"0,659","0,056","0,000","4,821"
12949613,LO DE BECHO,CORRIENTES,1,5.D,6,"6,248","0,000","0,000","6,546"
12149287,LO DE CARI,RIO NEGRO,1,5.D,6,"-0,055","-0,010","0,000","-0,025"
12949433,LO DE CARLITOS,BUENOS AIRES,1,4.C,4,"-0,415","0,000","0,000","1,751"
12949124,LO DE CARLOS,BUENOS AIRES,1,N,2,"3,088","0,500","0,000","0,000"
12849192,LO DE CLAU,CHACO,1,1.VIP,2,"1,035","0,000","0,000","0,916"
6949570,LO DE COCO,LA PAMPA,1,3.B,4,"-0,341","0,000","0,000","8,004"
10949070,LO DE COCO SERVICIOS,BUENOS AIRES,1,4.C,4,"1,517","0,000","0,000","1,000"
12949107,LO DE DAIANA,CAPITAL FEDERAL,1,N,2,"3,096","0,180","0,000","0,000"
12849594,LO DE ELBA,FORMOSA,1,2.A,3,"1,161","0,060","0,000","4,908"
90049152,LO DE ESTHER CHANGO MAS SP,JUJUY,1,1.VIP,2,"3,468","1,793","0,000","2,907"
8749318,LO DE ESTHER CHANGO MAS SSJ,JUJUY,1,1.VIP,2,"4,096","1,000","0,000","2,817"
6149374,LO DE GERO,BUENOS AIRES,1,N,2,"2,097","0,000","0,000","0,000"
12149140,LO DE GLORIA,CHUBUT,1,N,2,"1,956","0,500","0,000","0,000"
6149701,LO DE GUILLE MARKET,BUENOS AIRES,1,5.D,6,"1,598","0,000","0,000","1,866"
12849512,LO DE GUIYE,BUENOS AIRES,1,1.VIP,2,"13,707","0,000","0,000","17,000"
13049464,LO DE GUIYE LANUS,BUENOS AIRES,1,N,2,"1,926","0,000","0,000","3,000"
12849095,LO DE HUGO,SALTA,1,3.B,4,"3,131","0,492","0,000","7,000"
9749849,LO DE INTI,SALTA,1,4.C,4,"5,238","0,000","0,000","2,000"
12849597,LO DE JAVI,CHACO,1,N,2,"3,588","0,496","0,000","0,000"
6949799,LO DE JOSE PAPELERIA,CHUBUT,1,N,2,"0,000","0,000","0,000","0,000"
12849316,LO DE LALO,BUENOS AIRES,1,N,2,"1,105","0,500","0,000","0,000"
13049802,LO DE LAU (SOLO PEI),BUENOS AIRES,1,5.D,6,"-0,043","0,000","0,000","-0,092"
11949892,LO DE LEONCITO,ENTRE RIOS,1,4.C,4,"-0,146","0,000","0,000","3,927"
11949025,LO DE MAJO,BUENOS AIRES,1,1.VIP,2,"4,564","0,000","0,000","4,155"
6149642,LO DE MARA,BUENOS AIRES,1,4.C,4,"2,495","0,000","0,000","12,000"
9749878,LO DE MARTA,SANTA FE,1,5.D,6,"0,000","0,000","0,000","0,000"
11949821,LO DE MINU,BUENOS AIRES,1,N,2,"0,000","0,277","0,000","0,000"
12949426,LO DE NESTOR,BUENOS AIRES,1,5.D,6,"0,813","0,000","0,000","0,000"
9849243,LO DE NIKO,SAN LUIS,1,2.A,3,"4,604","-0,128","0,000","2,723"
6949521,LO DE OFELIA,FORMOSA,1,N,2,"1,450","0,620","0,000","0,000"
12449844,LO DE PABLITO,BUENOS AIRES,1,2.A,3,"2,069","0,038","0,000","0,000"
11949200,LO DE PAPU,BUENOS AIRES,1,N,2,"1,962","1,136","0,000","0,000"
11949945,LO DE PATRICIA,CAPITAL FEDERAL,1,N,2,"4,591","0,484","0,000","0,000"
6149660,LO DE PIRI,BUENOS AIRES,1,4.C,4,"3,215","0,000","0,000","10,388"
12949704,LO DE SANTI,BUENOS AIRES,1,5.D,6,"-0,138","0,000","0,000","-0,115"
9749788,LO DE SEBAS,CORRIENTES,1,4.C,4,"0,000","0,000","0,000","0,000"
12149143,LO DE TUYI,CORRIENTES,1,5.D,6,"1,482","0,500","0,000","1,000"
12449030,LO DE VERO,BUENOS AIRES,1,N,2,"0,000","0,000","0,000","0,000"
9749590,LO DEL CHAZA,BUENOS AIRES,1,5.D,6,"1,877","0,638","0,000","0,000"
9749543,LO DEL POLA,BUENOS AIRES,1,4.C,4,"-0,314","1,000","0,000","2,857"
5749055,LO DEL TURCO,BUENOS AIRES,1,N,2,"2,088","0,300","0,000","0,000"
7549962,LO QUE FALTABA,RIO NEGRO,1,5.D,6,"0,044","0,000","0,000","0,000"
5449563,LOCAL & HOGAR,CORRIENTES,1,N,2,"1,886","0,000","0,000","0,000"
11949536,LOCAL Y VISITANTE,CAPITAL FEDERAL,1,N,2,"1,388","0,000","0,000","0,000"
11649354,LOCU LA PAZ,BUENOS AIRES,1,N,2,"5,631","0,000","0,000","0,000"
13049550,LOCULARA,BUENOS AIRES,1,5.D,6,"10,537","0,000","0,000","11,095"
8849529,LOCUTORIO ABC,BUENOS AIRES,1,N,2,"0,000","0,000","0,000","0,000"
8849238,LOCUTORIO ALEM,MENDOZA,1,1.VIP,2,"10,025","19,960","0,000","12,000"
8849857,LOCUTORIO ALFA,BUENOS AIRES,1,4.C,4,"-0,189","-0,010","0,000","6,800"
12249045,LOCUTORIO ALMAFUERTE,BUENOS AIRES,1,3.B,4,"9,689","2,116","0,000","7,000"
12249170,LOCUTORIO AMANECER,SAN JUAN,1,4.C,4,"1,282","0,000","0,000","1,868"
8849675,LOCUTORIO AMEGHINO,BUENOS AIRES,1,2.A,3,"49,944","0,830","0,000","12,000"
12249204,LOCUTORIO ANA MARIA,BUENOS AIRES,1,3.B,4,"4,729","0,000","0,000","6,870"
12249200,LOCUTORIO ARIETA,BUENOS AIRES,1,1.VIP,2,"3,992","0,070","0,000","5,000"
12249037,LOCUTORIO ATALAYA,BUENOS AIRES,1,2.A,3,"3,598","0,680","0,000","4,000"
8849341,LOCUTORIO AVENIDA,BUENOS AIRES,1,2.A,3,"1,558","0,655","0,000","7,000"
12249042,LOCUTORIO AVENIDA,BUENOS AIRES,1,4.C,4,"1,602","1,778","0,000","2,000"
8849743,LOCUTORIO AVENIDA ALBERTI,BUENOS AIRES,1,3.B,4,"1,986","1,816","0,000","5,270"
12249067,LOCUTORIO AYACUCHO,SAN LUIS,1,1.VIP,2,"10,623","2,007","0,000","5,158"
12249230,LOCUTORIO BERAZATEGUI II,BUENOS AIRES,1,3.B,4,"6,154","0,218","0,000","2,000"
12249179,LOCUTORIO BONORINO NSA,CAPITAL FEDERAL,1,5.D,6,"4,913","0,000","0,000","0,000"
8849954,LOCUTORIO BOUSQUETS,MENDOZA,1,4.C,4,"3,440","0,000","0,000","5,000"
12249124,LOCUTORIO BUSTOS,BUENOS AIRES,1,4.C,4,"-0,204","-0,036","0,000","3,946"
12449147,LOCUTORIO CABILDO,CAPITAL FEDERAL,1,3.B,4,"4,550","0,000","0,000","2,441"
6549071,LOCUTORIO CABINA 4,BUENOS AIRES,1,N,2,"0,000","0,087","0,000","0,000"
8849706,LOCUTORIO CADAC,CAPITAL FEDERAL,1,2.A,3,"6,136","0,000","0,000","9,000"
12249180,LOCUTORIO CALI,BUENOS AIRES,1,2.A,3,"6,624","-1,725","0,000","2,248"
12249112,LOCUTORIO CAMILA,BUENOS AIRES,1,N,2,"0,826","0,944","0,000","0,000"
12249235,LOCUTORIO CASANOVA,BUENOS AIRES,1,2.A,3,"4,066","0,152","0,000","3,000"
12249036,LOCUTORIO CASTILLO,BUENOS AIRES,1,3.B,4,"3,205","0,902","0,000","5,000"
12249185,LOCUTORIO CASTILLO 4,BUENOS AIRES,1,1.VIP,2,"6,322","2,000","0,000","2,593"
12249167,LOCUTORIO CENTRAL,MENDOZA,1,2.A,3,"5,385","0,611","0,000","1,412"
8849936,LOCUTORIO CENTRO,MISIONES,1,1.VIP,2,"1,681","-0,107","0,000","1,644"
8249189,LOCUTORIO CENTRO 2,MISIONES,1,4.C,4,"12,263","0,000","0,000","0,000"
12449916,LOCUTORIO COMUNICARSE,BUENOS AIRES,1,3.B,4,"2,895","0,000","0,000","3,000"
12249222,LOCUTORIO CRUZ,CAPITAL FEDERAL,1,3.B,4,"4,080","1,000","0,000","1,967"
8849659,LOCUTORIO DE LA MONTANA,RIO NEGRO,1,1.VIP,2,"4,122","1,000","0,000","1,963"
12949232,LOCUTORIO DG,CAPITAL FEDERAL,1,4.C,4,"-0,287","0,000","0,000","7,702"
12249178,LOCUTORIO EL DORADO,BUENOS AIRES,1,2.A,3,"8,032","0,123","0,000","15,143"
8249208,LOCUTORIO EL DORADO II,BUENOS AIRES,1,2.A,3,"4,589","0,000","0,000","2,000"
12249065,LOCUTORIO ENTRE RIOS,BUENOS AIRES,1,3.B,4,"2,527","0,281","0,000","4,000"
12249238,LOCUTORIO ESCALADA FULL,CAPITAL FEDERAL,1,2.A,3,"3,709","2,756","0,000","3,536"
12349026,LOCUTORIO ESPANA,SAN LUIS,1,1.VIP,2,"8,009","2,125","0,000","9,000"
12249041,LOCUTORIO ESTACION,BUENOS AIRES,1,1.VIP,2,"4,312","2,068","0,000","4,000"
8849458,LOCUTORIO FLOPY,BUENOS AIRES,1,1.VIP,2,"11,772","1,000","0,000","2,039"
8849824,LOCUTORIO FONOSHOP,SAN JUAN,1,1.VIP,2,"6,135","0,000","0,000","6,259"
8849318,LOCUTORIO GABRIEL,BUENOS AIRES,1,1.VIP,2,"3,457","0,000","0,000","0,583"
12249108,LOCUTORIO GALERIA,BUENOS AIRES,1,4.C,4,"2,096","1,387","0,000","4,000"
8849589,LOCUTORIO GRAFITI,BUENOS AIRES,1,4.C,4,"-0,315","0,000","0,000","-0,002"
8849674,LOCUTORIO HASTA TODOS LOS MUNDOS,BUENOS AIRES,1,4.C,4,"4,454","0,000","0,000","2,710"
12249050,LOCUTORIO HIPOLITO IRIGOYEN,BUENOS AIRES,1,3.B,4,"2,916","0,968","0,000","5,000"
12249047,LOCUTORIO HORTIGUERA,BUENOS AIRES,1,2.A,3,"6,245","0,120","0,000","6,000"
12249183,LOCUTORIO HUDSON,BUENOS AIRES,1,1.VIP,2,"1,992","1,000","0,000","1,564"
12249250,LOCUTORIO ICARDI,CAPITAL FEDERAL,1,1.VIP,2,"13,221","0,000","0,000","4,000"
12249079,LOCUTORIO ICARDI,CAPITAL FEDERAL,1,N,2,"5,015","2,000","0,000","0,000"
13049342,LOCUTORIO IRIGOYEN,BUENOS AIRES,1,2.A,3,"3,466","0,000","0,000","4,000"
12249157,LOCUTORIO IRIGOYEN,MISIONES,1,4.C,4,"-0,114","2,538","0,000","1,987"
12249247,LOCUTORIO JACHAL,SAN JUAN,1,2.A,3,"6,713","0,000","0,000","3,982"
8849999,LOCUTORIO JOSEPHINA,CAPITAL FEDERAL,1,1.VIP,2,"3,443","4,000","0,000","2,086"
12249169,LOCUTORIO JUFRE,BUENOS AIRES,1,N,2,"0,000","0,380","0,000","0,000"
12249043,LOCUTORIO JURAMENTO,BUENOS AIRES,1,2.A,3,"3,731","0,000","0,000","4,000"
12249040,LOCUTORIO KM-35,BUENOS AIRES,1,3.B,4,"3,904","0,000","0,000","5,000"
8949373,LOCUTORIO LA ESPERANZA,BUENOS AIRES,1,2.A,3,"4,256","2,000","0,000","1,600"
8849814,LOCUTORIO LA MONTANA II,RIO NEGRO,1,3.B,4,"3,550","-0,162","0,000","3,534"
12249208,LOCUTORIO LA PIRAMIDE,MENDOZA,1,3.B,4,"2,288","1,384","0,000","3,000"
12249048,LOCUTORIO LARRE,BUENOS AIRES,1,4.C,4,"3,697","0,404","0,000","4,000"
12349055,LOCUTORIO LOMA HERMOSA,BUENOS AIRES,1,1.VIP,2,"9,563","6,858","0,000","10,890"
8849971,LOCUTORIO LOS ANDES,BUENOS AIRES,1,N,2,"0,398","0,000","0,000","0,000"
12249172,LOCUTORIO LOS CHICOS,BUENOS AIRES,1,1.VIP,2,"5,545","2,306","0,000","4,000"
12249253,LOCUTORIO LOS CHICOS,BUENOS AIRES,1,N,2,"8,865","0,000","0,000","4,023"
12349031,LOCUTORIO LUGANO,CAPITAL FEDERAL,1,1.VIP,2,"7,258","0,000","0,000","2,989"
12249234,LOCUTORIO LUZURIAGA,BUENOS AIRES,1,2.A,3,"3,577","0,808","0,000","5,000"
8849941,LOCUTORIO MARINA S,CAPITAL FEDERAL,1,1.VIP,2,"6,724","1,757","0,000","4,206"
12349069,LOCUTORIO MARINAS II,CAPITAL FEDERAL,1,1.VIP,2,"6,532","2,404","0,000","5,266"
8849856,LOCUTORIO MI-NOE,BUENOS AIRES,1,3.B,4,"2,555","0,000","0,000","11,620"
8849985,LOCUTORIO MIRADOR,BUENOS AIRES,1,1.VIP,2,"10,980","0,000","0,000","2,000"
8849289,LOCUTORIO MIS MONTANAS CHILECITO,LA RIOJA,1,1.VIP,2,"4,870","0,000","0,000","3,403"
8849488,LOCUTORIO MODELO RIVADAVIA,BUENOS AIRES,1,2.A,3,"3,520","0,000","0,000","2,281"
12249146,LOCUTORIO MONTERO II,CAPITAL FEDERAL,1,2.A,3,"2,938","0,493","0,000","0,000"
12249121,LOCUTORIO MR,CAPITAL FEDERAL,1,1.VIP,2,"7,853","0,000","0,000","3,992"
12249116,LOCUTORIO NORVEA,CORDOBA,1,2.A,3,"1,847","0,352","0,000","0,000"
12249101,LOCUTORIO OMAR,BUENOS AIRES,1,1.VIP,2,"3,543","8,000","0,000","0,857"
12849374,LOCUTORIO OMAR II,BUENOS AIRES,1,4.C,4,"-0,388","0,000","0,000","2,872"
12249241,LOCUTORIO OMBU II,CAPITAL FEDERAL,1,1.VIP,2,"7,681","14,692","0,000","0,542"
12249193,LOCUTORIO OTTA,MENDOZA,1,3.B,4,"5,337","1,466","0,000","0,000"
12249038,LOCUTORIO PARAGUAY,BUENOS AIRES,1,2.A,3,"4,260","0,000","0,000","4,000"
9149125,LOCUTORIO PARANA,BUENOS AIRES,1,4.C,4,"0,000","0,584","0,000","0,000"
12849491,LOCUTORIO PEATONAL,BUENOS AIRES,1,1.VIP,2,"3,924","0,342","0,000","4,000"
8949566,LOCUTORIO PERON,BUENOS AIRES,1,5.D,6,"1,696","0,000","0,000","0,000"
12249248,LOCUTORIO PERU,BUENOS AIRES,1,4.C,4,"0,572","0,000","0,000","1,000"
12349068,LOCUTORIO PILAR,BUENOS AIRES,1,5.D,6,"1,219","0,450","0,000","1,000"
12249239,LOCUTORIO PILAR,CAPITAL FEDERAL,1,1.VIP,2,"7,000","3,000","0,000","16,000"
8849332,LOCUTORIO PLAZA MERCEDES,BUENOS AIRES,1,1.VIP,2,"5,856","1,000","0,000","1,000"
12249046,LOCUTORIO PUENTE,BUENOS AIRES,1,4.C,4,"3,359","1,136","0,000","4,000"
12249119,LOCUTORIO RICCI 1,BUENOS AIRES,1,N,2,"2,264","1,364","0,000","0,000"
8849736,LOCUTORIO RICCI II,BUENOS AIRES,1,4.C,4,"17,394","0,000","0,000","5,757"
12249039,LOCUTORIO RUTA,BUENOS AIRES,1,3.B,4,"2,721","1,639","0,000","3,000"
13049685,LOCUTORIO SA-MI,LA PAMPA,1,5.D,6,"3,316","0,000","0,000","1,886"
12349057,LOCUTORIO SAN BERNARDO,SALTA,1,N,2,"0,195","0,000","0,000","0,000"
12349064,LOCUTORIO SAN EXPEDITO,TUCUMAN,1,1.VIP,2,"3,465","1,255","0,000","1,899"
12349030,LOCUTORIO SAN MARIA,BUENOS AIRES,1,4.C,4,"0,000","1,238","0,000","0,000"
12249225,LOCUTORIO SAN PEDRO 2,CAPITAL FEDERAL,1,N,2,"1,910","0,454","0,000","0,000"
8849519,LOCUTORIO SIRIA,BUENOS AIRES,1,1.VIP,2,"2,324","-0,151","0,000","1,492"
12349061,LOCUTORIO TELECENTER,NEUQUEN,1,3.B,4,"2,861","0,000","0,000","4,709"
12249022,LOCUTORIO VARELA,BUENOS AIRES,1,N,2,"0,000","0,000","0,000","0,000"
9149124,LOCUTORIO VIRREY,BUENOS AIRES,1,3.B,4,"3,454","1,590","0,000","2,000"
12249182,LOCUTORIO VLF,BUENOS AIRES,1,2.A,3,"5,047","3,475","0,000","2,768"
8849901,LOCUTORIO WHITE,CAPITAL FEDERAL,1,N,2,"9,613","0,000","0,000","0,000"
8849906,LOCUTORIO Y CIBER ACTIVA 2,BUENOS AIRES,1,N,2,"0,000","1,892","0,000","0,000"
6149575,LODELAIZ,CORDOBA,1,N,2,"0,885","1,000","0,000","0,000"
90049144,LODETOMAS,BUENOS AIRES,1,4.C,4,"1,528","0,373","0,000","11,000"
12749252,LODETOMAS CAPILLA,BUENOS AIRES,1,4.C,4,"2,799","1,000","0,000","2,846"
9949029,LOGISTICA ABASTANZA,BUENOS AIRES,1,1.VIP,2,"2,977","0,000","0,000","1,000"
10349216,LOGISTICA Y SERVICIOS II,RIO NEGRO,1,N,2,"20,950","5,234","0,000","0,000"
10349215,LOGISTICA Y SERVICIOS III,CHUBUT,1,N,2,"0,786","0,000","0,000","0,000"
12949099,LOLA SHOW ROOM,SAN JUAN,1,N,2,"4,848","0,222","0,000","0,000"
6949922,LOLY,SALTA,1,5.D,6,"0,000","0,000","0,000","0,000"
12849716,LOLY & CHUCHU,BUENOS AIRES,1,4.C,4,"0,539","1,936","0,000","1,000"
12949248,LOLY RAMOS GENERALES,CORDOBA,1,N,2,"0,000","0,000","0,000","0,000"
12449943,LOLY REGALOS,SALTA,1,N,2,"0,000","0,000","0,000","0,000"
11949898,LOMAS SERVICIOS,BUENOS AIRES,1,5.D,6,"3,253","0,232","0,000","0,000"
12649374,LOPBA AG.LA DIOSA DE LA FORTUNA BENAVIDE,BUENOS AIRES,1,N,2,"3,118","0,500","0,000","0,000"
12649373,LOPBA AG.LA DIOSA DE LA FORTUNA TORTUGUI,BUENOS AIRES,1,N,2,"3,953","0,500","0,000","0,000"
12649480,LOPBA AGENCIA  BELEN 4,BUENOS AIRES,1,N,2,"1,607","0,500","0,000","0,000"
12649365,LOPBA AGENCIA 2 A LA CABEZA,BUENOS AIRES,1,N,2,"3,760","1,164","0,000","0,000"
12649502,LOPBA AGENCIA BALCARCE,BUENOS AIRES,1,4.C,4,"0,000","0,000","0,000","1,000"
12649495,LOPBA AGENCIA BANCALARI,BUENOS AIRES,1,4.C,4,"2,040","1,418","0,000","4,000"
12649256,LOPBA AGENCIA BELEN 1,BUENOS AIRES,1,N,2,"0,000","0,000","0,000","0,000"
12649258,LOPBA AGENCIA BELEN 2,BUENOS AIRES,1,N,2,"0,000","0,000","0,000","0,000"
12649257,LOPBA AGENCIA BELEN 3,BUENOS AIRES,1,N,2,"0,000","0,000","0,000","0,000"
12649255,LOPBA AGENCIA COSTA RICA,BUENOS AIRES,1,N,2,"0,720","0,000","0,000","0,000"
12649188,LOPBA AGENCIA DON TOTO,BUENOS AIRES,1,N,2,"3,635","0,000","0,000","0,000"
12649169,LOPBA AGENCIA DONTORCUATO,BUENOS AIRES,1,5.D,6,"-0,039","0,670","0,000","3,889"
12649427,LOPBA AGENCIA DUMPER,BUENOS AIRES,1,1.VIP,2,"8,007","0,000","0,000","11,870"
12649171,LOPBA AGENCIA EL 99,BUENOS AIRES,1,1.VIP,2,"3,103","0,272","0,000","0,997"
12649208,LOPBA AGENCIA EL DIQUE,BUENOS AIRES,1,N,2,"0,000","0,000","0,000","0,000"
12649385,LOPBA AGENCIA EL DIQUE II,BUENOS AIRES,1,N,2,"1,729","0,500","0,000","0,000"
12649143,LOPBA AGENCIA JUGATE CONMIGO 1,BUENOS AIRES,1,N,2,"0,000","0,000","0,000","0,000"
12649147,LOPBA AGENCIA JUGATE CONMIGO 3,BUENOS AIRES,1,N,2,"0,000","0,000","0,000","0,000"
12649148,LOPBA AGENCIA JUGATE CONMIGO 4,BUENOS AIRES,1,N,2,"0,000","0,000","0,000","0,000"
12649430,LOPBA AGENCIA LA AMISTAD F.F.G.,BUENOS AIRES,1,N,2,"3,179","0,000","0,000","0,000"
12649372,LOPBA AGENCIA LA DIOSA DE LA FORTUNA GB,BUENOS AIRES,1,N,2,"1,286","0,452","0,000","0,000"
12649503,LOPBA AGENCIA LA GRAN 7 III,BUENOS AIRES,1,N,2,"0,000","0,094","0,000","0,000"
12649250,LOPBA AGENCIA LA SONADORA,BUENOS AIRES,1,N,2,"3,722","0,000","0,000","0,000"
12649197,LOPBA AGENCIA LOS DOS GRILLOS,BUENOS AIRES,1,N,2,"1,683","0,000","0,000","0,000"
12649375,LOPBA AGENCIA LOS DOS GRILLOS IV,BUENOS AIRES,1,N,2,"2,805","0,500","0,000","0,000"
12649142,LOPBA AGENCIA MAGUS,BUENOS AIRES,1,2.A,3,"3,429","2,968","0,000","0,000"
12649493,LOPBA AGENCIA MUNRO 2,BUENOS AIRES,1,4.C,4,"2,915","2,500","0,000","3,000"
12649446,LOPBA AGENCIA NEGRO EL 11,BUENOS AIRES,1,5.D,6,"0,000","0,492","0,000","0,000"
12649318,LOPBA AGENCIA PAGO AL TOQUE,BUENOS AIRES,1,N,2,"0,000","0,156","0,000","0,000"
12649166,LOPBA AGENCIA POR FIN,BUENOS AIRES,1,2.A,3,"0,000","0,000","0,000","0,000"
12649135,LOPBA AGENCIA SAN JOSE,CAPITAL FEDERAL,1,2.A,3,"2,377","0,372","0,000","5,014"
12649246,LOPBA AGENCIA SUAREZ SPIRITO,BUENOS AIRES,1,3.B,4,"6,378","0,000","0,000","6,804"
12649214,LOPBA AGENCIA TITO,BUENOS AIRES,1,2.A,3,"5,678","2,756","0,000","0,000"
12649236,LOPBA AGENCIA UMA,BUENOS AIRES,1,3.B,4,"4,245","1,104","0,000","3,000"
12649518,LOPBA AGENCIA VERTIZ,BUENOS AIRES,1,4.C,4,"0,000","0,500","0,000","0,000"
12649269,LOPBA AGENCIA VIA NORTE LA LUCILA,BUENOS AIRES,1,1.VIP,2,"3,294","1,486","0,000","2,014"
12649182,LOPBA AGENCIA VIA NORTE ROLON,BUENOS AIRES,1,2.A,3,"3,116","0,532","0,000","1,402"
12649663,LOPBA AVELLANEDA,BUENOS AIRES,1,4.C,4,"1,222","0,000","0,000","4,000"
12649665,LOPBA AVELLANEDA 2,BUENOS AIRES,1,3.B,4,"4,919","0,000","0,000","6,000"
12649661,LOPBA COLORADO EL 32,BUENOS AIRES,1,4.C,4,"1,000","0,000","0,000","1,000"
12649205,LOPBA COMODIN II,BUENOS AIRES,1,N,2,"1,531","0,548","0,000","0,000"
12649127,LOPBA EL 32 DE LA BUENA SUERTE,BUENOS AIRES,1,5.D,6,"1,339","0,000","0,000","0,000"
12649262,LOPBA EL PRINCIPIANTE,BUENOS AIRES,1,2.A,3,"3,206","0,948","0,000","0,000"
12649163,LOPBA GENA 1,BUENOS AIRES,1,N,2,"0,980","0,000","0,000","0,000"
12649662,LOPBA LA SUERTUDA,BUENOS AIRES,1,4.C,4,"5,435","0,000","0,000","6,000"
12649411,LOPBA LOS 05 DE ZULEMA,BUENOS AIRES,1,5.D,6,"0,000","0,500","0,000","0,000"
12649157,LOPBA LOTERIA EL TIO OTTO,BUENOS AIRES,1,1.VIP,2,"52,102","0,000","0,000","1,433"
12649664,LOPBA TIGRE,BUENOS AIRES,1,4.C,4,"3,636","0,000","0,000","4,000"
12649239,LOPBA TU PRIMER MILLON,BUENOS AIRES,1,N,2,"0,298","0,968","0,000","0,000"
12649225,LOPBA-AGENCIA ESCOBAR 2,BUENOS AIRES,1,N,2,"1,278","0,000","0,000","0,000"
8249119,LOPBA-AGENCIA VIA NORTE PIGUE 2,BUENOS AIRES,1,3.B,4,"-0,327","-0,013","0,000","5,672"
7749025,LOPEZ BIENES RAICES,CORDOBA,1,4.C,4,"1,295","0,000","0,000","2,000"
7749028,LOPEZ CARLOS GUSTAVO,CORDOBA,1,4.C,4,"3,296","0,000","0,000","3,000"
9049077,LOQUIS,CAPITAL FEDERAL,1,5.D,6,"2,280","0,000","0,000","7,000"
9149070,LORENZ PAGOS,CAPITAL FEDERAL,1,1.VIP,2,"3,162","5,000","0,000","9,177"
12949379,LORETTA,ENTRE RIOS,1,3.B,4,"1,410","0,000","0,000","0,957"
6149627,LOS 3 AMIGOS,BUENOS AIRES,1,N,2,"0,172","0,000","0,000","0,000"
13049361,LOS 4 HERMANOS 3,BUENOS AIRES,1,4.C,4,"0,793","0,000","0,000","2,000"
12449073,LOS 7 COLORES,BUENOS AIRES,1,4.C,4,"-0,314","4,012","0,000","2,902"
12449255,LOS 7 COLORES II,BUENOS AIRES,1,4.C,4,"-0,257","0,000","0,000","1,950"
6949822,LOS ABUELOS,CORDOBA,1,5.D,6,"-0,065","0,000","0,000","0,000"
7949093,LOS ABUELOS DE JULI,SANTIAGO DEL ESTERO,1,N,2,"0,000","0,000","0,000","2,000"
7949095,LOS ABUELOS DE JULI,SANTIAGO DEL ESTERO,1,N,2,"5,551","0,000","0,000","3,960"
12849680,LOS ACUYAS,SANTIAGO DEL ESTERO,1,3.B,4,"-0,207","-0,010","0,000","3,920"
13049747,LOS BETOS,BUENOS AIRES,1,N,2,"1,408","-0,108","0,000","1,675"
9849281,LOS BURSIA,SALTA,1,4.C,4,"9,602","0,000","0,000","4,000"
12849484,LOS CARDONES,BUENOS AIRES,1,4.C,4,"0,581","0,500","0,000","2,000"
13049399,LOS CAROZOS,MENDOZA,1,N,2,"1,531","0,000","0,000","1,731"
6349352,LOS CAUDILLOS 2,LA RIOJA,1,3.B,4,"2,304","0,000","0,000","4,000"
12849268,LOS GIRASOLES,CHUBUT,1,N,2,"1,416","1,000","0,000","0,000"
9749914,LOS GURISES,CORDOBA,1,N,2,"-0,014","0,000","0,000","-0,010"
13049753,LOS HERMANITOS,ENTRE RIOS,1,N,2,"-0,032","0,000","0,000","-0,002"
12149126,LOS HERMANITOS MORA,SALTA,1,1.VIP,2,"2,950","-0,021","0,000","1,638"
12649364,LOS HERMANOS,JUJUY,1,3.B,4,"-0,324","-0,138","0,000","0,840"
12649770,LOS HERMANOS,TUCUMAN,1,5.D,6,"11,478","0,000","0,000","7,882"
13049807,LOS KUMPAS,SANTA FE,1,N,2,"0,000","0,000","0,000","0,000"
5749033,LOS LIRIOS,CHUBUT,1,N,2,"0,068","0,000","0,000","0,000"
12449688,LOS LIRIOS TREVELIN,CHUBUT,1,N,2,"5,465","0,000","0,000","0,000"
11649285,LOS LUISES,BUENOS AIRES,1,1.VIP,2,"4,121","3,000","0,000","2,377"
13049372,LOS LUISES 2,BUENOS AIRES,1,5.D,6,"3,217","0,000","0,000","0,872"
5449553,LOS MELLIZOS ART.DEL HOGAR Y MUEBLES 1,CORDOBA,1,N,2,"3,878","0,500","0,000","0,000"
5449554,LOS MELLIZOS ART.DEL HOGAR Y MUEBLES 2,CORDOBA,1,N,2,"2,909","0,500","0,000","0,000"
5449555,LOS MELLIZOS ART.DEL HOGAR Y MUEBLES 3,CORDOBA,1,N,2,"3,853","0,500","0,000","0,000"
12449185,LOS MOSKAS DEL SUR 2,CHUBUT,1,N,2,"0,321","0,000","0,000","0,000"
12449635,LOS MOSKAS SAN MARTIN 112,CHUBUT,1,N,2,"2,962","0,000","0,000","0,000"
12049491,LOS NANOS,CORDOBA,1,3.B,4,"-0,407","0,000","0,000","2,571"
9749757,LOS NIETOS,MENDOZA,1,N,2,"7,577","0,000","0,000","0,000"
9849143,LOS NIETOS I,SANTA FE,1,N,2,"0,000","0,000","0,000","0,000"
13049451,LOS PALMARES,CORDOBA,1,N,2,"0,000","0,000","0,000","0,000"
5749044,LOS PARRALES,JUJUY,1,N,2,"1,263","0,496","0,000","0,000"
12649222,LOS PEQUES,CHACO,1,5.D,6,"0,000","0,000","0,000","1,000"
8449016,LOS PERA,SAN JUAN,1,4.C,4,"-1,006","-0,236","0,000","-0,818"
9749674,LOS PETRICH,MENDOZA,1,4.C,4,"-0,124","-0,048","0,000","3,905"
6649066,LOS PRIMOS,JUJUY,1,1.VIP,2,"1,999","1,273","0,000","1,858"
13049599,LOS RULYTOS,CORDOBA,1,N,2,"1,803","0,000","0,000","1,000"
13049277,LOS SANCHEZ,BUENOS AIRES,1,5.D,6,"3,038","0,000","0,000","1,966"
12949010,LOS SAUCES,CORDOBA,1,5.D,6,"-0,112","-0,012","0,000","0,924"
7149090,LOS SAUCES IMPRESIONES,LA RIOJA,1,5.D,6,"1,318","0,142","0,000","1,970"
13049179,LOS SOBRINOS,ENTRE RIOS,1,5.D,6,"0,000","0,000","0,000","0,000"
12649039,LOS TATES,CORDOBA,1,1.VIP,2,"6,175","2,140","0,000","5,486"
12849878,LOS TERRIBLES,BUENOS AIRES,1,N,2,"2,468","0,000","0,000","0,000"
12849220,LOS TRES PIBES,JUJUY,1,4.C,4,"-0,136","0,802","0,000","3,868"
10249740,LOS TRES PIBES,SALTA,1,2.A,3,"1,672","-0,042","0,000","2,644"
6149560,LOS TUCHOS,SANTIAGO DEL ESTERO,1,N,2,"1,698","0,000","0,000","0,000"
12849598,LOS VASCOS,CHACO,1,N,2,"3,797","0,414","0,000","0,000"
8149989,LOS VECINOS,CORRIENTES,1,5.D,6,"-0,001","0,000","0,000","0,000"
12649200,LOTBA AGENCIA EL CEIBO,BUENOS AIRES,1,2.A,3,"0,000","0,000","0,000","0,000"
12649328,LOTBA AGENCIA ESCORPIO,BUENOS AIRES,1,N,2,"0,817","0,448","0,000","0,000"
12649395,LOTERIA CHAQUENA LU-LA,CHACO,1,4.C,4,"1,911","0,496","0,000","0,960"
12649655,LOTERIA COSTUMBRES ARGENTINAS,CAPITAL FEDERAL,1,4.C,4,"5,457","0,000","0,000","5,000"
12649636,LOTERIA DE CORDOBA AGENCIA OFICIAL 029,CORDOBA,1,N,2,"0,000","0,000","0,000","0,000"
12649196,LOTERIA EL LEGADO,CAPITAL FEDERAL,1,4.C,4,"-0,382","0,000","0,000","2,557"
12649705,LOTERIA LA 25,SALTA,1,4.C,4,"1,987","0,000","0,000","2,964"
12649145,LOTERIA LAS BRUJITAS DE LA SUERTE,CAPITAL FEDERAL,1,1.VIP,2,"3,386","0,000","0,000","1,407"
12649608,LOTERIA MAGARINOS CERVANTES,CAPITAL FEDERAL,1,N,2,"2,000","0,000","0,000","1,000"
10249993,LOTERIA MENDOZA JOSE,CHACO,1,4.C,4,"4,335","0,000","0,000","3,882"
12949578,LOTERIA PAGOS OLAZABAL,CAPITAL FEDERAL,1,5.D,6,"9,009","0,000","0,000","53,763"
12649080,LOTERIA RIKI GIMENEZ,CHACO,1,2.A,3,"2,256","0,000","0,000","0,990"
12649032,LOTERIA RIVERO,CHACO,1,N,2,"5,569","0,300","0,000","0,000"
12649005,LOTERIA SUSANA GOMEZ,CHACO,1,4.C,4,"0,280","0,000","0,000","2,000"
10249994,LOTERIAS JIMENEZ,CHACO,1,1.VIP,2,"4,105","0,000","0,000","1,986"
9749112,LOURDES,CAPITAL FEDERAL,1,5.D,6,"1,125","0,000","0,000","4,989"
12949594,LOURDES POLIRRUBRO,ENTRE RIOS,1,5.D,6,"0,000","0,000","0,000","0,000"
7449209,LOURMAT,CHUBUT,1,N,2,"2,436","0,496","0,000","0,000"
7249232,LOZADA VD,CORDOBA,1,N,2,"0,249","0,000","0,000","1,900"
13049610,LR TU ESQUINA,MISIONES,1,N,2,"5,574","0,000","0,000","3,996"
10349341,LS SEGUROS & GESTORIA,NEUQUEN,1,4.C,4,"-0,233","0,882","0,000","3,754"
12749315,LT SEGUROS,BUENOS AIRES,1,N,2,"0,000","0,000","0,000","0,000"
8149899,LU EM COMPANIA DE SEGUROS,MENDOZA,1,N,2,"0,000","0,000","0,000","0,000"
12849187,LU&CE,SANTA CRUZ,1,N,2,"3,453","0,492","0,000","0,000"
10849082,LUBRI CAR R5,SAN LUIS,1,N,2,"3,949","-0,128","0,000","3,890"
9249029,LUBRI MARTINEZ AUTOMOTORES,SAN LUIS,1,5.D,6,"5,976","0,000","0,000","2,000"
10549014,LUBRICENTRO CARSHOP,LA PAMPA,1,4.C,4,"0,000","0,000","0,000","1,000"
6949497,LUBRICENTRO CHONGO,CORDOBA,1,N,2,"0,000","0,000","0,000","0,000"
10849085,LUBRICENTRO EL CHANARAL,MENDOZA,1,N,2,"-0,008","0,000","0,000","-0,004"
10349241,LUBRICENTRO LAS PERLAS,RIO NEGRO,1,5.D,6,"-0,082","0,524","0,000","1,921"
12649463,LUCANITA,CORDOBA,1,N,2,"0,793","1,480","0,000","0,000"
12849537,LUCAS,BUENOS AIRES,1,4.C,4,"0,951","1,266","0,000","5,000"
13049750,LUCAS,FORMOSA,1,N,2,"-0,056","-0,110","0,000","-0,011"
10049048,LUCATECNO,ENTRE RIOS,1,4.C,4,"1,671","0,000","0,000","0,982"
9749808,LUCERO MULTIRUBRO,CORDOBA,1,5.D,6,"1,588","0,000","0,000","5,000"
12749161,LUCERO SEGUROS DERQUI,BUENOS AIRES,1,5.D,6,"2,471","0,500","0,000","0,000"
12749163,LUCERO SEGUROS PILAR,BUENOS AIRES,1,N,2,"1,326","0,500","0,000","0,000"
12749162,LUCERO SEGUROS PILAR 2,BUENOS AIRES,1,N,2,"3,889","0,500","0,000","0,000"
6149361,LUCIANO,BUENOS AIRES,1,1.VIP,2,"3,378","0,000","0,000","7,000"
13049251,LUGAR SONADO 2 0,BUENOS AIRES,1,1.VIP,2,"5,567","0,000","0,000","20,663"
13049468,LUGAR SONADO BUZON,BUENOS AIRES,1,N,2,"5,733","0,000","0,000","2,951"
12849704,LUGUI S( SOLO PEI ),BUENOS AIRES,1,N,2,"3,623","0,000","0,000","0,000"
12849224,LUIGI DRUGSTORE,CATAMARCA,1,4.C,4,"0,392","0,468","0,000","0,000"
10349456,LUIS ALBERTO HOFBAUER,MISIONES,1,N,2,"3,015","0,000","0,000","3,807"
12949557,LUISANA MARKET,LA RIOJA,1,5.D,6,"0,000","0,000","0,000","0,000"
13049095,LUJAN,SALTA,1,2.A,3,"2,316","0,000","0,000","6,845"
8249198,LUJERSO,BUENOS AIRES,1,N,2,"0,588","0,000","0,000","0,000"
7149088,LUMAR PRINT,MENDOZA,1,2.A,3,"8,432","2,206","0,000","17,000"
12649158,LUNA ANIBAL OMAR,CHACO,1,2.A,3,"1,378","0,426","0,000","6,779"
5749053,LUNA BAR,TUCUMAN,1,N,2,"0,000","0,000","0,000","0,000"
6149402,LUNA NUEVA 3 CRS,BUENOS AIRES,1,1.VIP,2,"2,237","0,206","0,000","3,191"
9049055,LUNA Y ESTRELLA,CORDOBA,1,3.B,4,"2,000","0,858","0,000","3,000"
8349014,LUPITA,CORDOBA,1,1.VIP,2,"8,415","0,000","0,000","6,453"
10049116,LUPITEC,CORDOBA,1,5.D,6,"0,000","0,000","0,000","1,000"
12749078,LUPYBEN S.R.L.,BUENOS AIRES,1,N,2,"2,620","0,468","0,000","0,000"
9949043,LUSERJO II,BUENOS AIRES,1,2.A,3,"2,907","0,000","0,000","6,777"
8249204,LUSERJO III HUDSON,BUENOS AIRES,1,3.B,4,"10,631","0,000","0,000","2,697"
6149668,LUSERJO LAVALLE,CAPITAL FEDERAL,1,4.C,4,"0,378","0,000","0,000","3,906"
5249110,LUTAC 1,BUENOS AIRES,1,N,2,"0,593","0,000","0,000","0,000"
6149442,LUZ,CORRIENTES,1,2.A,3,"3,483","0,492","0,000","0,000"
8249236,LUZ DE LUNA,JUJUY,1,5.D,6,"0,000","0,000","0,000","0,000"
9849267,LYL MINIMERCADO,MISIONES,1,4.C,4,"1,924","0,000","0,000","0,000"
12049771,LYM,SANTA FE,1,N,2,"36,341","0,810","0,000","0,000"
13049844,M & M,BUENOS AIRES,1,N,2,"-0,006","-0,016","0,000","-0,001"
12749232,M & S SERVICIOS INTEGRALES,MISIONES,1,N,2,"3,347","0,422","0,000","0,000"
6349436,M B CELULARES,MENDOZA,1,1.VIP,2,"4,391","2,691","0,000","2,482"
5449378,M E BANOS Y COCINAS,BUENOS AIRES,1,3.B,4,"4,130","-0,254","0,000","9,383"
7549683,M P M RUCA SUYAI,SALTA,1,1.VIP,2,"1,965","8,968","0,000","2,000"
8149867,M SOLUCIONES,MENDOZA,1,N,2,"0,000","0,000","0,000","0,000"
7249155,M Y C,BUENOS AIRES,1,N,2,"0,000","0,000","0,000","0,000"
12449568,M Y F,BUENOS AIRES,1,4.C,4,"-0,469","0,000","0,000","4,483"
12449920,M Y M,MISIONES,1,N,2,"0,000","0,000","0,000","0,000"
12949019,M Y M DESCARTABLES,TUCUMAN,1,2.A,3,"5,209","0,000","0,000","5,263"
11649213,M Y M DRUGSTORE,SANTIAGO DEL ESTERO,1,4.C,4,"0,054","0,000","0,000","0,984"
12649761,M Y M QUINIELA,TUCUMAN,1,N,2,"0,000","0,000","0,000","0,000"
12949225,M Y N,ENTRE RIOS,1,N,2,"1,550","0,000","0,000","0,000"
6349473,M&A,SANTIAGO DEL ESTERO,1,2.A,3,"2,143","0,000","0,000","0,925"
6349503,M.A. COMUNICACIONES,CHACO,1,5.D,6,"2,308","0,286","0,000","0,000"
10649011,M.C,LA RIOJA,1,N,2,"6,941","0,908","0,000","0,000"
6149460,M.C 2,LA RIOJA,1,N,2,"5,170","0,476","0,000","0,000"
10249469,M.G.,CORDOBA,1,5.D,6,"-0,065","0,000","0,000","1,935"
7249133,M.P.M AUKAN,SALTA,1,4.C,4,"0,043","0,704","0,000","2,000"
19125,MA.IS.LED,BUENOS AIRES,1,N,2,"0,000","0,000","0,000","0,000"
6949682,MABALU LIBRERIA,CORDOBA,1,2.A,3,"3,233","-0,056","0,000","3,895"
12749213,MAC VIAJES,BUENOS AIRES,1,N,2,"1,000","1,000","0,000","0,000"
7349024,MACER S.A - SIERRA GRANDE,RIO NEGRO,1,5.D,6,"2,354","0,000","0,000","7,860"
7349030,MACER S.A. - CALETA OLIVIA,SANTA CRUZ,1,5.D,6,"-0,011","0,000","0,000","-0,022"
5449609,MACER S.A. - EL BOLSON,RIO NEGRO,1,N,2,"-0,033","0,000","0,000","0,929"
7349028,MACER S.A. - LAS HERAS,SANTA CRUZ,1,5.D,6,"-0,019","0,000","0,000","-0,029"
7349029,MACER S.A. - PICO TRUNCADO,SANTA CRUZ,1,5.D,6,"0,000","0,000","0,000","0,000"
7349027,MACER SA PUERTO DESEADO,SANTA CRUZ,1,5.D,6,"-0,020","0,000","0,000","-0,048"
12949760,MACONDO,CORDOBA,1,N,2,"-0,003","-0,016","0,000","-0,002"
12449955,MACS,SANTA FE,1,1.VIP,2,"2,190","0,700","0,000","4,000"
7549995,MACU,BUENOS AIRES,1,3.B,4,"-0,433","-0,127","0,000","6,630"
5449605,MADERERA CAMPEONES,BUENOS AIRES,1,N,2,"0,000","0,000","0,000","0,000"
13049178,MADHUR,SANTA FE,1,2.A,3,"5,495","0,000","0,000","7,000"
10849086,MADOL RESPUESTOS,SANTIAGO DEL ESTERO,1,N,2,"-0,040","0,000","0,000","-0,014"
7449275,MAGA,SANTA FE,1,N,2,"-0,111","-0,052","0,000","-0,060"
11849153,MAGA SHOP EZPELETA,BUENOS AIRES,1,N,2,"0,326","0,000","0,000","0,000"
11849065,MAGA SHOP SANAR 12,BUENOS AIRES,1,N,2,"0,409","0,000","0,000","0,000"
11849166,MAGA SOY DEL SUR,BUENOS AIRES,1,N,2,"2,600","0,000","0,000","0,000"
11849291,MAGADAN,BUENOS AIRES,1,4.C,4,"1,272","0,658","0,000","0,000"
12049233,MAGO SOL,CORRIENTES,1,1.VIP,2,"8,815","7,672","0,000","6,852"
9149092,MAGUIEXPRESS LINIERS,CAPITAL FEDERAL,1,N,2,"3,732","0,500","0,000","0,000"
9149091,MAGUIEXPRESS MAR DEL PLATA,BUENOS AIRES,1,N,2,"1,317","0,500","0,000","0,000"
9149095,MAGUIEXPRESS ONCE,CAPITAL FEDERAL,1,N,2,"2,191","0,500","0,000","0,000"
9149096,MAGUIEXPRESS PILAR,BUENOS AIRES,1,N,2,"3,690","0,500","0,000","0,000"
9149089,MAGUIEXPRESS POSADAS,MISIONES,1,N,2,"2,786","0,500","0,000","0,000"
9149093,MAGUIEXPRESS RIO CUARTO,CORDOBA,1,N,2,"2,064","0,500","0,000","0,000"
9149094,MAGUIEXPRESS SALTA,SALTA,1,N,2,"2,869","0,500","0,000","0,000"
12649172,MAIA Y JUANI,CORRIENTES,1,2.A,3,"1,969","1,926","0,000","1,724"
9749530,MAIA Y JUANI 2,CORRIENTES,1,1.VIP,2,"0,936","-0,028","0,000","4,892"
6949695,MAIA Y JUANI 3,CORRIENTES,1,2.A,3,"1,492","-0,186","0,000","3,671"
12949371,MAIPU EXPRESS,CAPITAL FEDERAL,1,N,2,"5,151","0,000","0,000","0,000"
8149488,MAIPU SEGUROS,MENDOZA,1,5.D,6,"-0,078","0,000","0,000","0,000"
13049269,MAISLED,BUENOS AIRES,1,5.D,6,"-0,088","0,000","0,000","-0,054"
13049181,MAJO,BUENOS AIRES,1,5.D,6,"0,000","0,000","0,000","0,000"
13049580,MAKARENA,CAPITAL FEDERAL,1,5.D,6,"0,000","0,000","0,000","0,000"
9749908,MAKUNDALES Y ALGO MAS SOLO PEI,CHUBUT,1,N,2,"0,000","0,000","0,000","0,000"
12849777,MALLORCA,CORRIENTES,1,N,2,"4,510","0,752","0,000","1,000"
12849799,MALTAGLIATI 2,CAPITAL FEDERAL,1,N,2,"2,402","0,000","0,000","0,000"
7549455,MALU,BUENOS AIRES,1,4.C,4,"-0,120","0,000","0,000","0,908"
12649592,MALU,CORDOBA,1,5.D,6,"5,903","0,000","0,000","6,000"
9849283,MALU,LA PAMPA,1,4.C,4,"0,000","0,000","0,000","1,000"
6949873,MALVINA LIBRERIA,BUENOS AIRES,1,4.C,4,"0,000","0,000","0,000","0,000"
11449167,MALVINAS GAMING CENTER,BUENOS AIRES,1,2.A,3,"5,142","0,000","0,000","2,248"
7449148,MALVY INDUMENTARIA,FORMOSA,1,2.A,3,"1,110","0,000","0,000","4,856"
12949247,MAMA YO QUIERO,CORDOBA,1,5.D,6,"0,000","0,000","0,000","1,000"
12949173,MANASES,BUENOS AIRES,1,1.VIP,2,"5,076","1,138","0,000","1,992"
12949180,MANASES II,BUENOS AIRES,1,1.VIP,2,"4,023","0,514","0,000","2,115"
9749568,MANCHESTER,CAPITAL FEDERAL,1,N,2,"3,933","0,376","0,000","0,000"
10349067,MANDADOS SANTO TOME,CORRIENTES,1,1.VIP,2,"2,687","0,000","0,000","2,270"
9749622,MANDADOS SANTO TOME 2,CORRIENTES,1,1.VIP,2,"2,632","9,816","0,000","0,464"
10349504,MANDADOS SANTO TOME 3,CORRIENTES,1,5.D,6,"-0,156","-0,038","0,000","-0,087"
16631,MANGLAR VIAJES,MISIONES,1,4.C,4,"2,000","0,000","0,000","0,000"
12849200,MANGLAR VIAJES,MISIONES,1,N,2,"4,000","0,798","0,000","0,000"
12849431,MANIAS MAXIKIOSCO,BUENOS AIRES,1,1.VIP,2,"3,659","0,032","0,000","2,957"
9749559,MANITO CELULARES,CORRIENTES,1,3.B,4,"-0,352","-0,042","0,000","4,000"
7507001,MANJARES GENERAL BELGRANO (SOLO PEI),BUENOS AIRES,1,N,2,"0,000","0,000","0,000","0,000"
7149110,MANOLITO COPISTERIA,BUENOS AIRES,1,1.VIP,2,"4,669","-0,126","0,000","7,193"
12449390,MANUCHO,SANTA FE,1,1.VIP,2,"1,940","-0,072","0,000","0,000"
13049330,MAR,SANTIAGO DEL ESTERO,1,4.C,4,"2,580","0,000","0,000","3,000"
12849492,MAR DE ANGELES,SANTA FE,1,N,2,"1,704","0,500","0,000","0,000"
13049518,MAR&DIEGO 1 24 HORAS,CHACO,1,5.D,6,"0,000","0,000","0,000","0,000"
13049517,MAR&DIEGO 2 24 HORAS,CHACO,1,5.D,6,"0,000","0,000","0,000","0,000"
8149589,MARCELO ISEN PROD. Y ASESOR DE SEGUROS,MENDOZA,1,5.D,6,"1,578","0,000","0,000","0,943"
11449102,MARCRAF COMUNICACIONES,MISIONES,1,5.D,6,"0,432","0,556","0,000","0,000"
13049051,MARDELKIOSCOS,BUENOS AIRES,1,3.B,4,"6,987","0,000","0,000","6,564"
13049456,MARDELKIOSCOS 2,BUENOS AIRES,1,5.D,6,"2,185","-0,050","0,000","0,850"
9249013,MARELLISPORTS,BUENOS AIRES,1,N,2,"0,000","0,000","0,000","0,000"
10349297,MARFED,BUENOS AIRES,1,N,2,"3,581","1,292","0,000","0,000"
9749649,MARGARITA,MENDOZA,1,N,2,"2,926","0,166","0,000","0,000"
13049376,MARGARITA FULLSHOP,CORDOBA,1,5.D,6,"0,000","0,000","0,000","1,000"
11949204,MARGARITA REGALERIA,CORDOBA,1,4.C,4,"0,694","0,000","0,000","4,000"
12749506,MARGEN CENTRO,CHUBUT,1,1.VIP,2,"7,392","1,532","0,000","6,000"
12749036,MARGEN SRL,CHUBUT,1,1.VIP,2,"0,740","2,866","0,000","1,000"
12749276,MARGEN SRL AV. POLONIA 520,CHUBUT,1,1.VIP,2,"0,000","0,462","0,000","0,000"
12749150,MARGEN SRL KILOMETRO 3,CHUBUT,1,1.VIP,2,"2,752","3,080","0,000","2,000"
5749059,MARGOT SPECIALTIES,MENDOZA,1,5.D,6,"0,000","0,000","0,000","0,000"
6949852,MARI LIBRERIA Y REGALERIA,SANTA FE,1,5.D,6,"2,257","0,000","0,000","0,960"
12949732,MARIA,FORMOSA,1,5.D,6,"2,128","-0,622","0,000","0,869"
8249223,MARIA & NOEMI TUS VIAJES,MISIONES,1,5.D,6,"0,000","0,000","0,000","0,000"
5349530,MARIA CHIQUITA,BUENOS AIRES,1,2.A,3,"2,728","-0,205","0,000","2,170"
9849065,MARIA EMILIANA,SANTA FE,1,3.B,4,"-0,211","0,248","0,000","1,968"
7449174,MARIA NOVEDADES,FORMOSA,1,2.A,3,"0,710","0,000","0,000","2,906"
13049344,MARIA PF,BUENOS AIRES,1,4.C,4,"3,302","0,000","0,000","4,626"
9749384,MARIANA,LA RIOJA,1,4.C,4,"-0,029","0,000","0,000","1,902"
8149564,MARIANA OROPEZA SEGUROS GENERALES,SAN LUIS,1,2.A,3,"2,311","0,692","0,000","1,648"
5349427,MARIANO MAX,CORDOBA,1,1.VIP,2,"7,922","0,000","0,000","16,757"
8149343,MARIANO ROMERO SEGUROS,CORDOBA,1,5.D,6,"0,074","0,000","0,000","-0,025"
6149396,MARIAVILLA MINIMARKET,CORDOBA,1,2.A,3,"5,192","0,000","0,000","10,851"
7549520,MARICAR,BUENOS AIRES,1,2.A,3,"1,914","0,000","0,000","2,960"
6949694,MARIE CLAUDE,SANTA FE,1,2.A,3,"1,122","-0,273","0,000","6,576"
10049083,MARIELA COMUNICACIONES,SANTA FE,1,N,2,"0,989","0,000","0,000","0,000"
7049906,MARIETI,TUCUMAN,1,1.VIP,2,"6,424","0,778","0,000","5,889"
10349471,MARILU URBIZU GESTORIA Y SEGUROS,BUENOS AIRES,1,N,2,"5,376","0,000","0,000","4,000"
8149560,MARISCOTTI SEGUROS,BUENOS AIRES,1,5.D,6,"0,429","0,000","0,000","4,952"
12049787,MARITA,CORDOBA,1,2.A,3,"3,703","-0,048","0,000","4,548"
13049467,MARITA 2,CORDOBA,1,5.D,6,"0,000","0,000","0,000","0,000"
13049077,MARKET ARGENCHINO,BUENOS AIRES,1,5.D,6,"0,946","0,000","0,000","4,000"
5249122,MARKET EXPRESS,MENDOZA,1,4.C,4,"-0,332","0,000","0,000","10,575"
7049382,MARKET PUEYRREDON,CAPITAL FEDERAL,1,1.VIP,2,"2,835","0,541","0,000","2,967"
12949633,MARLENE,CAPITAL FEDERAL,1,N,2,"0,000","0,000","0,000","0,000"
9149138,MARQUETTI SOLUCIONES FINANCIERAS,CORDOBA,1,N,2,"0,000","0,000","0,000","0,000"
5449529,MARQUEZ ATALAYA,BUENOS AIRES,1,N,2,"0,000","0,000","0,000","0,000"
5449528,MARQUEZ SAN JUSTO,BUENOS AIRES,1,N,2,"0,278","0,000","0,000","0,000"
5449527,MARQUEZ V DEL PINO,BUENOS AIRES,1,N,2,"3,374","0,000","0,000","0,000"
9749783,MAR-TEL,CORDOBA,1,3.B,4,"2,411","0,000","0,000","3,765"
12449781,MARTELLI PAGOS,BUENOS AIRES,1,N,2,"11,616","2,816","0,000","0,000"
13049568,MARTHA HELENA 1,MISIONES,1,N,2,"0,000","0,000","0,000","0,000"
13049567,MARTHA HELENA 2,MISIONES,1,5.D,6,"2,284","0,000","0,000","2,810"
7849184,MARTILLERA QUINTANA,CORDOBA,1,N,2,"-0,175","-0,086","0,000","-0,108"
12749539,MARTIN ERREGARENA - SEGUROS GENERALES,CORDOBA,1,4.C,4,"-0,205","0,000","0,000","0,000"
6749237,MARTIN Y MOLINA FERRETERIA,SANTA FE,1,5.D,6,"-0,018","0,000","0,000","-0,014"
9949023,MARTO CALAFATE,SANTA CRUZ,1,N,2,"3,987","0,480","0,000","0,000"
9949020,MARTO RIO GALLEGOS,SANTA CRUZ,1,4.C,4,"1,322","0,000","0,000","2,896"
12449561,MARY LU SHOP,BUENOS AIRES,1,4.C,4,"1,815","0,756","0,000","5,661"
7549788,MARY Y MARY,SALTA,1,4.C,4,"0,109","0,000","0,000","4,888"
6349462,MAS CELULAR,MENDOZA,1,N,2,"0,000","0,000","0,000","0,000"
7449272,MAS DE INCHINA,JUJUY,1,N,2,"0,000","0,000","0,000","0,000"
12849924,MAS FACIL I,BUENOS AIRES,1,N,2,"39,867","0,000","0,000","0,000"
12849925,MAS FACIL II,BUENOS AIRES,1,N,2,"39,320","0,000","0,000","0,000"
9749747,MAS FACIL POLIRUBRO,BUENOS AIRES,1,N,2,"38,523","0,000","0,000","0,000"
10349410,MAS GAS BALVIN,BUENOS AIRES,1,3.B,4,"2,753","0,000","0,000","3,000"
10349347,MAS GAS MERLO,BUENOS AIRES,1,1.VIP,2,"4,290","0,000","0,000","3,000"
10349399,MAS GAS PARQUE,BUENOS AIRES,1,1.VIP,2,"5,457","0,000","0,000","5,000"
10349348,MAS GAS SAN JUSTO,BUENOS AIRES,1,3.B,4,"2,297","0,000","0,000","7,000"
12849639,MAS QUE BRILLANTE,CORDOBA,1,4.C,4,"2,375","0,000","0,000","3,000"
6949732,MAS QUE PAPEL,FORMOSA,1,N,2,"2,499","0,352","0,000","0,000"
6949777,MAS QUE PAPEL,FORMOSA,1,N,2,"0,000","0,000","0,000","0,000"
12749612,MAS SERVICIOS TERMINAL,CORDOBA,1,N,2,"4,461","0,000","0,000","3,908"
6949803,MAS UTILES (SOLO PEI),BUENOS AIRES,1,N,2,"0,000","0,000","0,000","0,000"
9749748,MASGOOD CHACRAS,MENDOZA,1,N,2,"1,400","0,000","0,000","0,000"
7249192,MASTER BAZARES,BUENOS AIRES,1,2.A,3,"1,596","1,544","0,000","1,000"
13049603,MATEO CENTER I,BUENOS AIRES,1,N,2,"3,287","0,000","0,000","1,800"
11949431,MATUS,CORDOBA,1,2.A,3,"3,236","0,470","0,000","2,302"
10049102,MAURI HOGAR,SANTA FE,1,3.B,4,"-0,282","0,000","0,000","4,809"
12449962,MAURO DE CLAY,BUENOS AIRES,1,1.VIP,2,"4,717","-2,266","0,000","1,948"
13049608,MAURO DE CLAY II,BUENOS AIRES,1,N,2,"1,273","-0,260","0,000","1,773"
11949683,MAURO SURT,BUENOS AIRES,1,2.A,3,"3,431","1,000","0,000","7,504"
11749121,MAVE,TUCUMAN,1,N,2,"-0,130","-0,018","0,000","-0,053"
12149092,MAX HOGAR,BUENOS AIRES,1,4.C,4,"-0,178","0,831","0,000","1,905"
9749761,MAX JAZ,LA RIOJA,1,N,2,"0,000","0,000","0,000","0,000"
11949580,MAXI CENTER LA PAZ,CATAMARCA,1,2.A,3,"1,516","-0,038","0,000","7,658"
12049274,MAXI GUILLE,BUENOS AIRES,1,2.A,3,"4,528","0,000","0,000","1,338"
12849381,MAXI IROCO,ENTRE RIOS,1,N,2,"1,448","2,034","0,000","0,000"
13049680,MAXI KIOSCO,CAPITAL FEDERAL,1,5.D,6,"-0,062","-0,120","0,000","-0,020"
13049716,MAXI KIOSCO AL PASO,CORRIENTES,1,5.D,6,"-0,016","0,000","0,000","-0,021"
13049354,MAXI KIOSCO FERNANDO,CORRIENTES,1,4.C,4,"4,812","0,000","0,000","3,944"
12849929,MAXI KIOSCO KACHE,CHACO,1,4.C,4,"38,434","0,000","0,000","-0,023"
12049638,MAXI KIOSCO LOS HERMANITOS,ENTRE RIOS,1,2.A,3,"1,799","0,000","0,000","2,565"
6349450,MAXI KIOSCO MULTI EXPRESS,MISIONES,1,1.VIP,2,"1,352","-0,140","0,000","3,932"
12849821,MAXI KIOSCO NORTE,FORMOSA,1,N,2,"0,532","0,000","0,000","0,000"
12649178,MAXI KIOSCO SIMON,JUJUY,1,N,2,"3,390","0,548","0,000","0,000"
12849567,MAXI KIOSKO BURBUJAS,MISIONES,1,4.C,4,"-0,099","0,000","0,000","0,000"
9749441,MAXI KIOSKO EL RAYO,CORRIENTES,1,N,2,"0,000","0,000","0,000","0,000"
9749417,MAXI KIOSKO WANDA,CHACO,1,5.D,6,"0,000","0,000","0,000","4,000"
12049913,MAXI LA VIEJA ESQUINA,BUENOS AIRES,1,1.VIP,2,"4,086","1,000","0,000","3,466"
9749614,MAXI PUYAU,CORRIENTES,1,N,2,"3,925","0,500","0,000","0,000"
13049530,MAXI SHOP,MISIONES,1,N,2,"-0,065","0,000","0,000","-0,008"
12049416,MAXI SHOP SOL,CORDOBA,1,4.C,4,"-0,364","-0,054","0,000","1,767"
6049045,MAXI SPORT,CORRIENTES,1,1.VIP,2,"1,784","0,000","0,000","2,714"
13049281,MAXI STORE 1,CORDOBA,1,5.D,6,"0,000","0,000","0,000","0,000"
12949686,MAXI TODO 533,SAN LUIS,1,N,2,"5,537","0,000","0,000","4,000"
12849414,MAXI24,BUENOS AIRES,1,N,2,"4,000","1,568","0,000","2,000"
12449168,MAXICARINA,ENTRE RIOS,1,2.A,3,"0,690","-0,010","0,000","4,867"
9749363,MAXICOR ALEM,CORDOBA,1,N,2,"0,000","0,000","0,000","0,000"
12849012,MAXIKIOSCO,BUENOS AIRES,1,N,2,"0,000","0,000","0,000","0,000"
11949074,MAXIKIOSCO,CORDOBA,1,4.C,4,"-0,068","0,000","0,000","4,843"
12849296,MAXIKIOSCO  LA FLIA,TUCUMAN,1,3.B,4,"5,924","0,492","0,000","14,256"
11949977,MAXIKIOSCO 1979,BUENOS AIRES,1,3.B,4,"-0,256","-0,176","0,000","1,628"
13049236,MAXIKIOSCO 24 7 II,CORDOBA,1,5.D,6,"-0,041","0,000","0,000","0,000"
13049627,MAXIKIOSCO 24 HRS,BUENOS AIRES,1,5.D,6,"2,603","0,000","0,000","3,673"
12049965,MAXIKIOSCO 24 HRS,CORDOBA,1,N,2,"1,268","0,000","0,000","0,000"
13049313,MAXIKIOSCO 24 HS,CORDOBA,1,5.D,6,"0,000","0,000","0,000","0,000"
12449974,MAXIKIOSCO 24/7,BUENOS AIRES,1,N,2,"0,000","0,000","0,000","0,000"
13049678,MAXIKIOSCO 70 30,CORDOBA,1,N,2,"-0,035","-0,010","0,000","-0,013"
13049244,MAXIKIOSCO 99,CORDOBA,1,5.D,6,"-0,111","0,000","0,000","-0,017"
12849284,MAXIKIOSCO ACEVEDO,BUENOS AIRES,1,N,2,"1,264","0,500","0,000","0,000"
13049151,MAXIKIOSCO ACHA,BUENOS AIRES,1,N,2,"5,254","0,000","0,000","0,000"
12849771,MAXIKIOSCO ACHAVAL,BUENOS AIRES,1,4.C,4,"-0,337","0,000","0,000","2,781"
12849225,MAXIKIOSCO ACUARIO,MISIONES,1,4.C,4,"1,429","0,500","0,000","0,000"
13049182,MAXIKIOSCO ALAN,BUENOS AIRES,1,5.D,6,"0,000","0,000","0,000","0,000"
12849810,MAXIKIOSCO ALMAFUERTE,BUENOS AIRES,1,N,2,"0,250","0,000","0,000","0,000"
11949534,MAXIKIOSCO ALVEAR,CORDOBA,1,2.A,3,"4,537","0,610","0,000","1,352"
12449301,MAXIKIOSCO AMARENA,MISIONES,1,N,2,"3,635","0,000","0,000","0,000"
12049024,MAXIKIOSCO ANGELIS,SANTA FE,1,1.VIP,2,"8,408","1,188","0,000","7,153"
12449306,MAXIKIOSCO ANGELITO,SALTA,1,N,2,"0,000","0,000","0,000","0,000"
12449929,MAXIKIOSCO ANGELITO II,SALTA,1,N,2,"0,000","0,000","0,000","0,000"
13049694,MAXIKIOSCO AVENIDA 2,BUENOS AIRES,1,5.D,6,"-0,097","0,000","0,000","-0,066"
13049274,MAXIKIOSCO AVENIDA ARIAS,CORDOBA,1,5.D,6,"1,165","0,000","0,000","4,837"
13049211,MAXIKIOSCO AVENIDA VILLA PEHUENIA,NEUQUEN,1,5.D,6,"0,000","0,000","0,000","0,000"
12449510,MAXIKIOSCO BARBI,BUENOS AIRES,1,2.A,3,"3,650","0,000","0,000","3,096"
12449454,MAXIKIOSCO BARILO,CORDOBA,1,5.D,6,"0,253","0,000","0,000","0,988"
13049621,MAXIKIOSCO BELGRANO,CORDOBA,1,N,2,"-0,046","0,000","0,000","0,000"
12849531,MAXIKIOSCO BIANCA,CORDOBA,1,N,2,"2,697","0,500","0,000","0,000"
12449912,MAXIKIOSCO BRISA,MISIONES,1,1.VIP,2,"3,228","0,000","0,000","1,333"
12449455,MAXIKIOSCO BUENOS TIEMPOS,BUENOS AIRES,1,N,2,"4,142","0,000","0,000","0,000"
7049530,MAXIKIOSCO CANDY,CAPITAL FEDERAL,1,3.B,4,"2,116","1,890","0,000","9,000"
12849064,MAXIKIOSCO CAPITAN BERMUDEZ,SANTA FE,1,2.A,3,"7,902","3,010","0,000","0,000"
12849304,MAXIKIOSCO CARAMELO,CORDOBA,1,4.C,4,"0,920","0,500","0,000","1,000"
12449430,MAXIKIOSCO CASCO,BUENOS AIRES,1,5.D,6,"0,640","0,000","0,000","1,000"
6149662,MAXIKIOSCO CASEROS,CORDOBA,1,5.D,6,"0,000","0,000","0,000","0,000"
12049561,MAXIKIOSCO CERRITO,BUENOS AIRES,1,1.VIP,2,"5,779","2,000","0,000","7,439"
12449061,MAXIKIOSCO CHOCOLATE,BUENOS AIRES,1,3.B,4,"4,248","0,768","0,000","4,431"
13049370,MAXIKIOSCO CHOCOLATE 2,BUENOS AIRES,1,5.D,6,"-0,008","0,000","0,000","1,000"
12849398,MAXIKIOSCO CIRO,BUENOS AIRES,1,4.C,4,"1,000","0,168","0,000","2,000"
12449636,MAXIKIOSCO CONGRESO II,CAPITAL FEDERAL,1,1.VIP,2,"2,184","5,566","0,000","2,000"
13049445,MAXIKIOSCO COYOTE,MENDOZA,1,N,2,"0,000","0,000","0,000","0,000"
7049248,MAXIKIOSCO CRISTIANIA,BUENOS AIRES,1,1.VIP,2,"15,955","3,900","0,000","3,152"
11949130,MAXIKIOSCO DAI,BUENOS AIRES,1,5.D,6,"1,528","0,000","0,000","0,000"
12049066,MAXIKIOSCO DALMI,CORDOBA,1,3.B,4,"1,083","1,324","0,000","3,000"
12449802,MAXIKIOSCO DANI,MISIONES,1,4.C,4,"1,969","0,496","0,000","0,991"
12949050,MAXIKIOSCO DANIEL,CAPITAL FEDERAL,1,2.A,3,"0,701","2,036","0,000","0,000"
12049754,MAXIKIOSCO DANIEL,MISIONES,1,N,2,"0,000","0,654","0,000","0,000"
13049186,MAXIKIOSCO DIANA,CAPITAL FEDERAL,1,N,2,"3,546","0,000","0,000","1,000"
7049378,MAXIKIOSCO DITUTTO,BUENOS AIRES,1,1.VIP,2,"5,280","1,000","0,000","4,142"
12849163,MAXIKIOSCO DON  PEDRO,RIO NEGRO,1,2.A,3,"3,597","0,166","0,000","4,013"
12449479,MAXIKIOSCO DON JUAN,BUENOS AIRES,1,2.A,3,"0,000","1,052","0,000","2,000"
12449722,MAXIKIOSCO DS 24,MISIONES,1,5.D,6,"-0,007","0,000","0,000","0,000"
7549881,MAXIKIOSCO DULZURA S,BUENOS AIRES,1,1.VIP,2,"4,019","-0,193","0,000","4,603"
6649036,MAXIKIOSCO EL 06,BUENOS AIRES,1,4.C,4,"1,644","0,968","0,000","1,972"
11949129,MAXIKIOSCO EL ALGARROBO,CORDOBA,1,5.D,6,"0,556","0,000","0,000","0,970"
7049832,MAXIKIOSCO EL DUENDE,CORDOBA,1,3.B,4,"1,878","-0,063","0,000","12,600"
13049142,MAXIKIOSCO EL GRINGO,CORDOBA,1,N,2,"0,802","0,000","0,000","0,000"
12449779,MAXIKIOSCO EL LEON,MISIONES,1,1.VIP,2,"2,579","1,634","0,000","2,528"
12049901,MAXIKIOSCO EL MUNDO,BUENOS AIRES,1,1.VIP,2,"2,823","1,623","0,000","2,000"
12849670,MAXIKIOSCO EL MUNDO 2,BUENOS AIRES,1,N,2,"0,000","0,000","0,000","0,000"
7049952,MAXIKIOSCO EL ROJO,BUENOS AIRES,1,1.VIP,2,"4,873","0,000","0,000","2,941"
13049019,MAXIKIOSCO EL SAUCE,CORDOBA,1,N,2,"0,000","0,000","0,000","0,000"
12449684,MAXIKIOSCO EL TINCHO,MISIONES,1,1.VIP,2,"1,985","-0,097","0,000","1,928"
12849864,MAXIKIOSCO EL TIRO,BUENOS AIRES,1,3.B,4,"1,951","0,000","0,000","4,820"
12849844,MAXIKIOSCO ELI-FER,BUENOS AIRES,1,2.A,3,"5,074","0,000","0,000","4,240"
7049873,MAXIKIOSCO EMANUEL II,BUENOS AIRES,1,5.D,6,"0,060","0,564","0,000","-0,011"
13049294,MAXIKIOSCO EMMA 2,CORDOBA,1,5.D,6,"1,000","0,000","0,000","0,000"
7549894,MAXIKIOSCO ESPERANZA,CAPITAL FEDERAL,1,1.VIP,2,"4,481","0,000","0,000","2,838"
7749023,MAXIKIOSCO EZEQUIEL I,CAPITAL FEDERAL,1,1.VIP,2,"4,864","1,243","0,000","7,000"
13049200,MAXIKIOSCO FENA,BUENOS AIRES,1,4.C,4,"2,321","0,000","0,000","8,000"
12949477,MAXIKIOSCO FENIX,CAPITAL FEDERAL,1,3.B,4,"7,000","0,000","0,000","10,000"
13049279,MAXIKIOSCO FRIDA,CORDOBA,1,5.D,6,"3,999","0,000","0,000","1,978"
12849011,MAXIKIOSCO FULL TIME,CORDOBA,1,N,2,"2,818","0,500","0,000","0,000"
7049940,MAXIKIOSCO GASTON,BUENOS AIRES,1,2.A,3,"2,880","0,000","0,000","1,460"
13049703,MAXIKIOSCO GC,BUENOS AIRES,1,5.D,6,"-0,157","-0,010","0,000","-0,062"
13049498,MAXIKIOSCO GENERAL PAZ,CORDOBA,1,5.D,6,"-0,009","0,000","0,000","0,000"
12449681,MAXIKIOSCO GIUSEPPONE,BUENOS AIRES,1,N,2,"0,000","0,000","0,000","0,000"
7049379,MAXIKIOSCO GMG,BUENOS AIRES,1,3.B,4,"-0,529","0,000","0,000","-0,601"
9749553,MAXIKIOSCO GREYS,CATAMARCA,1,2.A,3,"3,300","0,394","0,000","1,471"
13049171,MAXIKIOSCO HASTHTAG,BUENOS AIRES,1,4.C,4,"0,395","0,000","0,000","0,000"
9749276,MAXIKIOSCO HOLA,CORDOBA,1,1.VIP,2,"2,975","0,000","0,000","4,000"
13049533,MAXIKIOSCO HOLA NVO,CORDOBA,1,N,2,"2,000","0,000","0,000","4,000"
11949657,MAXIKIOSCO HUGO,BUENOS AIRES,1,3.B,4,"7,529","0,000","0,000","7,495"
13049773,MAXIKIOSCO INARI,CHUBUT,1,5.D,6,"3,629","0,000","0,000","0,867"
12849169,MAXIKIOSCO INES,BUENOS AIRES,1,4.C,4,"1,159","0,940","0,000","-0,616"
7049938,MAXIKIOSCO IV-EL,BUENOS AIRES,1,2.A,3,"2,274","-0,136","0,000","3,383"
13049704,MAXIKIOSCO JIREH,BUENOS AIRES,1,5.D,6,"0,000","0,000","0,000","0,000"
12849868,MAXIKIOSCO JUNIN,JUJUY,1,N,2,"0,000","0,000","0,000","0,000"
12849171,MAXIKIOSCO KALA,CHACO,1,1.VIP,2,"1,977","1,688","0,000","3,771"
9849289,MAXIKIOSCO KISS,BUENOS AIRES,1,5.D,6,"5,541","0,000","0,000","4,000"
13049520,MAXIKIOSCO LA BARRA,BUENOS AIRES,1,5.D,6,"0,000","0,000","0,000","0,000"
12449280,MAXIKIOSCO LA CASITA DE MADERA,BUENOS AIRES,1,4.C,4,"1,817","0,000","0,000","4,000"
13049023,MAXIKIOSCO LA ESQUINA,CORDOBA,1,4.C,4,"1,561","0,000","0,000","1,925"
12849386,MAXIKIOSCO LA ESQUINA DE SAN LORENZO II,CAPITAL FEDERAL,1,1.VIP,2,"2,672","-0,936","0,000","5,691"
13049835,MAXIKIOSCO LA ESQUINA II,CORDOBA,1,5.D,6,"-0,020","-0,010","0,000","-0,004"
12049971,MAXIKIOSCO LA IGUANA,BUENOS AIRES,1,N,2,"0,000","0,000","0,000","0,000"
13049288,MAXIKIOSCO LA LOMITA,CORDOBA,1,5.D,6,"0,000","0,000","0,000","0,000"
13049426,MAXIKIOSCO LA PARADA,BUENOS AIRES,1,5.D,6,"3,241","0,000","0,000","4,814"
13049145,MAXIKIOSCO LA PLACITA MAX,BUENOS AIRES,1,3.B,4,"6,578","0,000","0,000","8,160"
11949623,MAXIKIOSCO LA TAVERNA,MISIONES,1,N,2,"1,077","0,248","0,000","0,000"
12849830,MAXIKIOSCO LA TURCA,SANTIAGO DEL ESTERO,1,2.A,3,"3,344","0,000","0,000","1,788"
12049264,MAXIKIOSCO LAS TRIBUS,BUENOS AIRES,1,4.C,4,"0,186","0,000","0,000","0,000"
9849127,MAXIKIOSCO LAUTARO,CORRIENTES,1,4.C,4,"2,107","0,000","0,000","0,000"
12049677,MAXIKIOSCO LAUTARO II,BUENOS AIRES,1,N,2,"0,528","0,000","0,000","0,000"
11949844,MAXIKIOSCO LEO 2 SAN JOSE,BUENOS AIRES,1,N,2,"0,000","0,000","0,000","0,000"
12849923,MAXIKIOSCO LEZI,SANTIAGO DEL ESTERO,1,5.D,6,"1,094","0,000","0,000","1,000"
12849321,MAXIKIOSCO LIBERTAD,SANTA FE,1,N,2,"1,470","0,244","0,000","0,000"
12849880,MAXIKIOSCO LINA,CORDOBA,1,4.C,4,"-0,152","0,000","0,000","3,926"
11949913,MAXIKIOSCO LO DE ANITA,CAPITAL FEDERAL,1,N,2,"1,254","0,000","0,000","0,000"
12049951,MAXIKIOSCO LO DE AYE,CORRIENTES,1,2.A,3,"2,552","1,370","0,000","2,620"
11949484,MAXIKIOSCO LO DE JUAN LAS HERAS,BUENOS AIRES,1,2.A,3,"2,016","0,000","0,000","0,561"
12449703,MAXIKIOSCO LO DE JUAN LAS HERAS II,BUENOS AIRES,1,3.B,4,"0,626","1,084","0,000","3,784"
12049510,MAXIKIOSCO LO DE LALO II,BUENOS AIRES,1,1.VIP,2,"10,475","-1,966","0,000","3,456"
12849857,MAXIKIOSCO LO DE LEO Y NATY,BUENOS AIRES,1,N,2,"1,170","0,000","0,000","0,000"
12449705,MAXIKIOSCO LOLA,BUENOS AIRES,1,5.D,6,"2,000","0,604","0,000","6,000"
13049696,MAXIKIOSCO LOS 100,CORDOBA,1,5.D,6,"-0,179","0,000","0,000","-0,238"
7049159,MAXIKIOSCO LOS AMIGOS,CAPITAL FEDERAL,1,3.B,4,"2,794","1,452","0,000","0,530"
12449126,MAXIKIOSCO LOS HERMANOS,BUENOS AIRES,1,N,2,"1,690","0,476","0,000","0,000"
13049690,MAXIKIOSCO LOS PIBES,CAPITAL FEDERAL,1,N,2,"1,176","0,000","0,000","0,000"
13049660,MAXIKIOSCO LOS PITUFOS,SAN LUIS,1,5.D,6,"4,228","-0,085","0,000","3,772"
12449354,MAXIKIOSCO LOS SANCHEZ,BUENOS AIRES,1,2.A,3,"3,769","0,000","0,000","2,735"
7049870,MAXIKIOSCO LUCAS,CAPITAL FEDERAL,1,4.C,4,"-0,262","0,000","0,000","6,607"
11949084,MAXIKIOSCO LUGAR SONADO,BUENOS AIRES,1,N,2,"6,019","0,000","0,000","0,000"
11949525,MAXIKIOSCO LUNA,RIO NEGRO,1,4.C,4,"-0,227","0,000","0,000","0,794"
12849916,MAXIKIOSCO LURO,BUENOS AIRES,1,4.C,4,"1,715","0,000","0,000","3,000"
13049831,MAXIKIOSCO M&M (SOLO PEI),LA PAMPA,1,N,2,"-0,003","0,000","0,000","-0,004"
13049102,MAXIKIOSCO MABECE,SANTA FE,1,5.D,6,"-0,016","0,000","0,000","0,994"
13049495,MAXIKIOSCO MACS,SANTA FE,1,N,2,"4,156","0,000","0,000","12,000"
13049416,MAXIKIOSCO MAJO,CORDOBA,1,5.D,6,"-0,062","0,000","0,000","-0,026"
12449992,MAXIKIOSCO MANDALA,BUENOS AIRES,1,N,2,"0,537","0,000","0,000","0,000"
12049034,MAXIKIOSCO MARIMAR,BUENOS AIRES,1,4.C,4,"-0,425","0,000","0,000","1,733"
12049156,MAXIKIOSCO MASCARITA,BUENOS AIRES,1,5.D,6,"0,616","0,000","0,000","0,000"
8249199,MAXIKIOSCO MATEO,CAPITAL FEDERAL,1,N,2,"0,000","0,000","0,000","0,000"
13049700,MAXIKIOSCO MAUI,ENTRE RIOS,1,5.D,6,"0,000","0,000","0,000","0,000"
12049160,MAXIKIOSCO MAXITODO,BUENOS AIRES,1,3.B,4,"9,391","0,000","0,000","9,714"
13049829,MAXIKIOSCO MDQ,BUENOS AIRES,1,5.D,6,"-0,010","-0,010","0,000","0,000"
12849789,MAXIKIOSCO MEGA,BUENOS AIRES,1,N,2,"0,000","0,000","0,000","0,000"
12149160,MAXIKIOSCO MONSTER,CORDOBA,1,5.D,6,"1,982","1,052","0,000","0,000"
13049420,MAXIKIOSCO MULIK,CORDOBA,1,5.D,6,"4,479","0,000","0,000","1,747"
13049332,MAXIKIOSCO MYM,SANTIAGO DEL ESTERO,1,5.D,6,"0,000","0,000","0,000","0,000"
9749889,MAXIKIOSCO NABIL (SOLO PEI),RIO NEGRO,1,N,2,"0,000","0,000","0,000","0,000"
12849217,MAXIKIOSCO NATALIA,BUENOS AIRES,1,N,2,"0,000","0,500","0,000","0,000"
12849420,MAXIKIOSCO NICO,BUENOS AIRES,1,3.B,4,"0,738","0,000","0,000","2,847"
12849759,MAXIKIOSCO NOVA,BUENOS AIRES,1,N,2,"1,728","1,660","0,000","3,000"
7049188,MAXIKIOSCO PANCHOMOCHO,CAPITAL FEDERAL,1,5.D,6,"-0,095","-0,012","0,000","-0,030"
12849096,MAXIKIOSCO PASO DEL REY,BUENOS AIRES,1,2.A,3,"6,398","0,514","0,000","3,911"
12849886,MAXIKIOSCO PATO,BUENOS AIRES,1,4.C,4,"2,839","0,000","0,000","5,000"
6949764,MAXIKIOSCO PBD,BUENOS AIRES,1,4.C,4,"2,644","0,000","0,000","2,933"
12449264,"MAXIKIOSCO PIKARO ""S""",TIERRA DEL FUEGO,1,1.VIP,2,"1,449","0,000","0,000","2,622"
12849252,MAXIKIOSCO PLATITI,RIO NEGRO,1,N,2,"0,000","0,012","0,000","0,000"
12849421,MAXIKIOSCO PLATITI II,RIO NEGRO,1,5.D,6,"0,898","0,724","0,000","0,000"
12049564,MAXIKIOSCO PLAY I,BUENOS AIRES,1,2.A,3,"5,389","1,638","0,000","0,000"
12049565,MAXIKIOSCO PLAY II,BUENOS AIRES,1,2.A,3,"2,301","2,580","0,000","0,000"
12849412,MAXIKIOSCO PLAY III,BUENOS AIRES,1,N,2,"0,000","0,000","0,000","0,000"
12849061,MAXIKIOSCO PLAY VI,BUENOS AIRES,1,2.A,3,"2,700","1,537","0,000","0,000"
12449961,MAXIKIOSCO PUERTO MORENO,CORDOBA,1,N,2,"2,499","0,502","0,000","0,000"
13049602,MAXIKIOSCO PUNTO EXPRESS,BUENOS AIRES,1,N,2,"5,059","0,000","0,000","2,000"
12449699,MAXIKIOSCO QUEEN,SANTA FE,1,1.VIP,2,"5,693","-0,131","0,000","5,474"
11949830,MAXIKIOSCO RIVADAVIA,CAPITAL FEDERAL,1,2.A,3,"1,053","0,000","0,000","2,000"
12449370,MAXIKIOSCO ROJO,SANTA FE,1,1.VIP,2,"4,770","1,335","0,000","5,000"
12049053,MAXIKIOSCO ROMI,BUENOS AIRES,1,4.C,4,"3,685","0,000","0,000","4,832"
12049661,MAXIKIOSCO ROSE,BUENOS AIRES,1,2.A,3,"3,594","0,606","0,000","8,561"
13049511,MAXIKIOSCO RPL 3,BUENOS AIRES,1,5.D,6,"3,009","0,000","0,000","27,037"
12449874,MAXIKIOSCO RPL2,BUENOS AIRES,1,1.VIP,2,"4,969","0,248","0,000","5,614"
13049493,MAXIKIOSCO SALVADORES,CORDOBA,1,5.D,6,"0,000","0,000","0,000","0,000"
13049809,MAXIKIOSCO SAN JOSE (SOLO PEI),BUENOS AIRES,1,5.D,6,"-0,012","0,000","0,000","-0,013"
13049207,MAXIKIOSCO SAN MARTIN,BUENOS AIRES,1,4.C,4,"7,533","0,000","0,000","1,000"
12849872,MAXIKIOSCO SANTY,SANTIAGO DEL ESTERO,1,3.B,4,"-0,299","0,000","0,000","0,882"
13049250,MAXIKIOSCO SASHA,CAPITAL FEDERAL,1,4.C,4,"0,000","0,000","0,000","2,000"
12849240,MAXIKIOSCO SAYA S,SANTA FE,1,1.VIP,2,"5,262","3,356","0,000","4,319"
12349007,MAXIKIOSCO SECRETOS,TUCUMAN,1,3.B,4,"-0,516","1,000","0,000","2,625"
12449765,MAXIKIOSCO SERVICIOS MORENO,BUENOS AIRES,1,N,2,"0,000","1,770","0,000","0,000"
12949003,MAXIKIOSCO SERVICIOS MORENO 2,BUENOS AIRES,1,N,2,"4,528","1,102","0,000","0,000"
13049566,MAXIKIOSCO SEVERINO,BUENOS AIRES,1,N,2,"11,737","0,000","0,000","9,000"
12849357,MAXIKIOSCO THIAGO,LA PAMPA,1,4.C,4,"1,485","0,500","0,000","1,996"
9749774,MAXIKIOSCO TIK TOK,CORDOBA,1,N,2,"7,479","0,000","0,000","0,000"
12849574,MAXIKIOSCO TOLEDO,CHACO,1,1.VIP,2,"1,545","1,196","0,000","4,701"
12049947,MAXIKIOSCO TRINI,BUENOS AIRES,1,4.C,4,"0,536","0,000","0,000","15,769"
12849313,MAXIKIOSCO TUKUM,BUENOS AIRES,1,2.A,3,"2,692","0,732","0,000","2,574"
13049810,MAXIKIOSCO URBANO,ENTRE RIOS,1,5.D,6,"0,000","0,000","0,000","0,000"
12849202,MAXIKIOSCO URUGUAY,CAPITAL FEDERAL,1,2.A,3,"2,520","1,358","0,000","0,000"
12449697,MAXIKIOSCO VALENTINA,MISIONES,1,1.VIP,2,"1,121","0,000","0,000","9,872"
12449557,MAXIKIOSCO VICENTE LOPEZ,BUENOS AIRES,1,N,2,"2,335","0,000","0,000","0,000"
9749850,MAXIKIOSCO WALL,CORDOBA,1,2.A,3,"2,249","0,000","0,000","1,929"
13049558,MAXIKIOSCO YANINA I,CAPITAL FEDERAL,1,4.C,4,"6,786","0,000","0,000","23,000"
13049569,MAXIKIOSCO YANINA II,CAPITAL FEDERAL,1,5.D,6,"7,660","0,000","0,000","15,099"
12849363,MAXIKIOSCO YOHE,NEUQUEN,1,2.A,3,"3,859","3,190","0,000","3,076"
12149161,MAXIKIOSKO 182,MISIONES,1,N,2,"0,707","0,192","0,000","0,000"
11949615,MAXIKIOSKO ALF,BUENOS AIRES,1,1.VIP,2,"3,845","0,214","0,000","4,035"
12349008,MAXIKIOSKO EL JOACO,SANTIAGO DEL ESTERO,1,1.VIP,2,"3,356","1,304","0,000","1,337"
13049195,MAXIKIOSKO LA AVENIDA,MISIONES,1,3.B,4,"1,534","0,000","0,000","2,785"
9849284,MAXIKIOSKO LA CUEVA,MISIONES,1,5.D,6,"-0,068","0,000","0,000","-0,019"
12049557,MAXIKIOSKO LA CURVA,BUENOS AIRES,1,N,2,"0,787","0,000","0,000","0,000"
12049950,MAXIKIOSKO LIDIA,CORDOBA,1,1.VIP,2,"7,991","4,514","0,000","3,302"
12449998,MAXIKIOSKO RAFITA,SANTIAGO DEL ESTERO,1,2.A,3,"1,558","0,000","0,000","1,949"
12049801,MAXIKIOSKO SOMOS BICHOS,CAPITAL FEDERAL,1,1.VIP,2,"5,213","2,012","0,000","5,000"
13049125,MAXIKIOSKO VALENTINOS,SANTIAGO DEL ESTERO,1,4.C,4,"-0,160","0,000","0,000","1,970"
11649347,MAXIKIOSKO YANILUZ I,SANTIAGO DEL ESTERO,1,2.A,3,"2,505","0,000","0,000","2,000"
9749752,MAXIMO LIMPIEZA,ENTRE RIOS,1,N,2,"39,713","0,000","0,000","0,000"
9749561,MAXIQUIOSCO BARKY,BUENOS AIRES,1,N,2,"1,339","0,500","0,000","0,000"
12449598,MAXIQUIOSCO MORITA,BUENOS AIRES,1,4.C,4,"1,483","0,000","0,000","2,000"
12449483,MAXIQUIOSCO QUICKLY,MISIONES,1,2.A,3,"3,579","0,000","0,000","7,000"
12449022,MAXIQUIOSCO SAN MARTIN,ENTRE RIOS,1,1.VIP,2,"6,516","0,000","0,000","4,368"
12849115,MAXISCONTO,CORDOBA,1,3.B,4,"4,005","0,046","0,000","8,000"
11749115,MAXSERV,BUENOS AIRES,1,N,2,"0,000","0,000","0,000","0,000"
10049090,MAXTELL,BUENOS AIRES,1,4.C,4,"-0,432","0,000","0,000","2,705"
6949585,MAY LA LIBRERIA,CORDOBA,1,3.B,4,"-0,411","0,000","0,000","3,805"
12949357,MAYER SERVICIOS,BUENOS AIRES,1,4.C,4,"4,237","0,000","0,000","5,000"
13049722,MAYOR CLICK,BUENOS AIRES,1,5.D,6,"-0,083","0,000","0,000","-0,052"
12949478,MAYORISTA DE LIMPIEZA I,CORDOBA,1,4.C,4,"2,462","0,000","0,000","2,000"
12949479,MAYORISTA DE LIMPIEZA II,CORDOBA,1,5.D,6,"0,000","0,000","0,000","0,000"
5349564,MAYORISTA EL GALLEGO,BUENOS AIRES,1,5.D,6,"1,031","0,000","0,000","0,976"
11349060,MAYORISTA MAYO DIET,BUENOS AIRES,1,N,2,"0,000","0,000","0,000","0,000"
8149828,MAYRA AMARILLA,BUENOS AIRES,1,N,2,"0,487","0,368","0,000","0,000"
12649626,MAZALUP PAGOS,CAPITAL FEDERAL,1,2.A,3,"19,045","0,000","0,000","14,961"
12049205,MC KIO I SAN MARTIN,TUCUMAN,1,2.A,3,"5,045","1,744","0,000","6,251"
12849501,MC KIO II AV. AVELLANEDA,TUCUMAN,1,1.VIP,2,"2,979","0,272","0,000","2,051"
12049187,MC KIO III JUJUY,TUCUMAN,1,1.VIP,2,"4,920","0,228","0,000","2,741"
12049188,MC KIO IV CORDOBA 600,TUCUMAN,1,2.A,3,"9,556","1,000","0,000","7,174"
12049277,MC KIO IX ACONQUIJA,TUCUMAN,1,2.A,3,"4,872","0,000","0,000","4,369"
13049114,MC KIO LIII  PELLEGRINI SALTA,SALTA,1,1.VIP,2,"3,504","0,000","0,000","1,344"
13049161,MC KIO LIV AEROPUERTO SALTA,SALTA,1,5.D,6,"-0,039","0,000","0,000","-0,004"
10349455,MC KIO LIX DIRECC. DE TRANSITO,TUCUMAN,1,N,2,"3,885","0,000","0,000","0,367"
13049300,MC KIO LVI  MITRE 230,TUCUMAN,1,4.C,4,"6,776","0,000","0,000","8,848"
5849024,MC KIO LVII CORDOBA 295,TUCUMAN,1,5.D,6,"2,262","0,000","0,000","2,403"
13049299,MC KIO LVIII AEROPUERTO IGUAZU,MISIONES,1,5.D,6,"-0,012","0,000","0,000","-0,002"
13049454,MC KIO LX PANCHO RAMIREZ,MISIONES,1,5.D,6,"1,713","0,000","0,000","-0,033"
13049455,MC KIO LXI AV. VICTORIA AGUIRRE,MISIONES,1,5.D,6,"1,757","0,000","0,000","0,000"
13049526,MC KIO LXII  JUJUY 1267,TUCUMAN,1,5.D,6,"10,939","0,000","0,000","10,450"
13049519,MC KIO LXIII ROCA 2264,TUCUMAN,1,5.D,6,"4,955","0,000","0,000","6,759"
13049525,MC KIO LXIV PERON,TUCUMAN,1,5.D,6,"0,881","0,000","0,000","1,938"
13049527,MC KIO LXV CORDOBA 1115,TUCUMAN,1,5.D,6,"3,321","0,000","0,000","4,738"
13049524,MC KIO LXVI MENDOZA,TUCUMAN,1,5.D,6,"3,286","0,000","0,000","8,719"
13049626,MC KIO LXVII  24 Y ALEM,TUCUMAN,1,N,2,"1,419","0,000","0,000","2,717"
13049652,MC KIO LXVIII  ALEM 364,TUCUMAN,1,N,2,"3,387","-0,040","0,000","2,735"
12049189,MC KIO V SAN LORENZO,TUCUMAN,1,1.VIP,2,"5,643","0,000","0,000","7,000"
12849500,MC KIO VI SANTIAGO Y MONTEAGUDO,TUCUMAN,1,2.A,3,"5,322","0,352","0,000","7,343"
12049204,MC KIO VII JOSE,TUCUMAN,1,1.VIP,2,"12,403","0,507","0,000","4,133"
12049276,MC KIO VIII LAPRIDA,TUCUMAN,1,4.C,4,"4,389","0,000","0,000","1,426"
12049695,MC KIO X MATE DE LUNA,TUCUMAN,1,2.A,3,"9,297","0,000","0,000","3,233"
12049582,MC KIO XI ROCA,TUCUMAN,1,2.A,3,"4,956","0,958","0,000","2,370"
12049583,MC KIO XII MUNECAS,TUCUMAN,1,1.VIP,2,"3,696","4,000","0,000","3,474"
12049584,MC KIO XIII TRIBUNALES,TUCUMAN,1,2.A,3,"4,394","0,000","0,000","2,168"
11949231,MC KIO XIV MERCED,TUCUMAN,1,2.A,3,"2,846","0,000","0,000","2,188"
12449338,MC KIO XIX BAIRES,TUCUMAN,1,2.A,3,"5,295","0,000","0,000","3,076"
12849787,MC KIO XLIX BENJAMIN ARAOZ,TUCUMAN,1,3.B,4,"4,357","0,000","0,000","4,666"
12849781,MC KIO XLVII COLON 582,TUCUMAN,1,2.A,3,"5,592","0,000","0,000","5,076"
12849792,MC KIO XLVIII   ACONQUIJA 1629,TUCUMAN,1,4.C,4,"7,330","0,000","0,000","5,777"
11949225,MC KIO XV - TRIBUNAL DE FALTAS,TUCUMAN,1,3.B,4,"3,299","0,000","0,000","1,807"
11949272,MC KIO XVI CENTRAL,TUCUMAN,1,2.A,3,"4,057","0,000","0,000","2,177"
12449048,MC KIO XVII PADILLA,TUCUMAN,1,2.A,3,"3,599","5,000","0,000","12,716"
12449339,MC KIO XVIII MARCOS PAZ,TUCUMAN,1,2.A,3,"5,784","0,556","0,000","4,816"
12449336,MC KIO XX CRISOSTOMO,TUCUMAN,1,3.B,4,"7,710","0,000","0,000","10,932"
12449337,MC KIO XXI GOMEZ,TUCUMAN,1,1.VIP,2,"7,033","-0,152","0,000","4,900"
12449331,MC KIO XXII CORDOBA 400,TUCUMAN,1,2.A,3,"4,637","0,000","0,000","12,952"
12449487,MC KIO XXIII SAENZ PENA,TUCUMAN,1,2.A,3,"3,893","0,000","0,000","1,478"
12449486,MC KIO XXIV HIPER,TUCUMAN,1,1.VIP,2,"11,881","2,368","0,000","8,284"
12449828,MC KIO XXIX JUNIN,TUCUMAN,1,3.B,4,"8,119","0,000","0,000","4,367"
12449594,MC KIO XXV EDET,TUCUMAN,1,1.VIP,2,"4,860","0,500","0,000","3,622"
12449595,MC KIO XXVI SALTA 10,TUCUMAN,1,2.A,3,"4,945","0,000","1,000","9,140"
12449578,MC KIO XXVII FRANCIA,TUCUMAN,1,1.VIP,2,"5,037","0,000","0,000","4,143"
12449579,MC KIO XXVIII SANTA FE,TUCUMAN,1,1.VIP,2,"6,334","2,458","0,000","7,646"
12449782,MC KIO XXX EJERCITO,TUCUMAN,1,2.A,3,"7,482","0,000","0,000","5,476"
12449942,MC KIO XXXI MONTEAGUDO,TUCUMAN,1,2.A,3,"4,331","0,000","0,000","3,904"
12449904,MC KIO XXXII MAIPU Y CORRIENTES,TUCUMAN,1,1.VIP,2,"6,251","0,000","0,000","3,972"
12449983,MC KIO XXXIII MAIPU 4,TUCUMAN,1,2.A,3,"5,628","0,000","0,000","6,618"
12449891,MC KIO XXXIV SALTA 218,TUCUMAN,1,2.A,3,"3,019","1,000","0,000","2,524"
7549867,MC KIO XXXIX CORRIENTES 480,TUCUMAN,1,2.A,3,"2,097","-0,048","0,000","9,391"
12849502,MC KIO XXXV  SANTIAGO,TUCUMAN,1,3.B,4,"3,958","0,000","0,000","4,776"
12849543,MC KIO XXXVI  25 DE MAYO 123,TUCUMAN,1,3.B,4,"3,995","0,492","0,000","6,710"
12849593,MC KIO XXXVII LAVALLE 577,TUCUMAN,1,4.C,4,"11,006","0,242","0,000","6,096"
12849503,MC KIO XXXVIII CATEDRAL,TUCUMAN,1,3.B,4,"6,372","0,000","0,000","10,360"
8749205,MC SEGUROS,JUJUY,1,N,2,"1,380","0,000","0,000","0,000"
7449169,MC SEGUROS II,JUJUY,1,N,2,"0,000","0,000","0,000","0,000"
8049177,MC SERVICIOS,CORDOBA,1,4.C,4,"1,196","0,000","0,000","0,000"
11449085,MD COMPUTACION,CORRIENTES,1,N,2,"4,454","1,220","0,000","0,000"
12849551,MDQPAGOS ALBERTI,BUENOS AIRES,1,3.B,4,"2,884","0,677","0,000","1,553"
12949087,MDQPAGOS ALMAFUERTE,BUENOS AIRES,1,2.A,3,"4,209","0,864","0,000","6,006"
12849549,MDQPAGOS AVELLANEDA,BUENOS AIRES,1,2.A,3,"3,197","0,800","0,000","4,137"
10449066,MDQPAGOS BERUTTI,BUENOS AIRES,1,2.A,3,"0,000","1,000","0,000","0,000"
13049506,MDQPAGOS CATAMARCA,BUENOS AIRES,1,5.D,6,"2,772","0,000","0,000","8,681"
12949085,MDQPAGOS COLON,BUENOS AIRES,1,3.B,4,"2,000","2,793","0,000","4,000"
12949089,MDQPAGOS ENTRE RIOS,BUENOS AIRES,1,1.VIP,2,"3,474","1,000","0,000","3,397"
12849658,MDQPAGOS ESPANA,BUENOS AIRES,1,2.A,3,"3,405","0,000","0,000","2,146"
12849894,MDQPAGOS ESTACION,BUENOS AIRES,1,1.VIP,2,"6,127","0,000","4,000","4,631"
12849550,MDQPAGOS FALUCHO,BUENOS AIRES,1,2.A,3,"1,872","0,278","0,000","2,439"
13049630,MDQPAGOS FERIA CRS,BUENOS AIRES,1,1.VIP,2,"6,557","0,000","0,000","4,833"
12949084,MDQPAGOS INDEPENDENCIA,BUENOS AIRES,1,1.VIP,2,"2,455","1,000","0,000","5,278"
12949086,MDQPAGOS JARA,BUENOS AIRES,1,1.VIP,2,"3,695","-0,859","0,000","2,882"
12149231,MDQPAGOS JARA2,BUENOS AIRES,1,N,2,"0,742","0,000","0,000","3,000"
12949083,MDQPAGOS LA RIOJA,BUENOS AIRES,1,2.A,3,"7,057","-0,487","0,000","3,806"
12949081,MDQPAGOS PENA,BUENOS AIRES,1,1.VIP,2,"7,104","1,488","0,000","5,674"
12949088,MDQPAGOS SAN LORENZO,BUENOS AIRES,1,1.VIP,2,"3,787","0,610","0,000","3,642"
12949082,MDQPAGOS SANTA FE,BUENOS AIRES,1,2.A,3,"4,794","-0,079","0,000","3,880"
13049259,MDQPAGOS TEJEDOR,BUENOS AIRES,1,3.B,4,"4,974","0,000","0,000","10,794"
13049227,MDR I,SANTA FE,1,5.D,6,"0,000","0,000","0,000","0,000"
13049228,MDR II,SANTA FE,1,5.D,6,"0,000","0,000","0,000","0,000"
6249124,MEDAMAX BAHIA BLANCA,BUENOS AIRES,1,N,2,"3,918","0,500","0,000","0,000"
6249134,MEDAMAX BELLA SAN MARTIN,BUENOS AIRES,1,5.D,6,"2,013","0,500","0,000","0,000"
6249136,MEDAMAX BERAZATEGUI,BUENOS AIRES,1,N,2,"3,998","0,500","0,000","0,000"
6249131,MEDAMAX CLAYPOLE,BUENOS AIRES,1,N,2,"3,793","0,500","0,000","0,000"
6249133,MEDAMAX JOSE C PAZ,BUENOS AIRES,1,N,2,"3,193","0,500","0,000","0,000"
6249125,MEDAMAX LAFERRERE,BUENOS AIRES,1,N,2,"1,648","0,500","0,000","0,000"
6249127,MEDAMAX QUILMES,BUENOS AIRES,1,N,2,"3,864","0,500","0,000","0,000"
6249126,MEDAMAX SALTA,SALTA,1,N,2,"3,185","0,500","0,000","0,000"
6249135,MEDAMAX SAN MIGUEL,BUENOS AIRES,1,N,2,"2,930","0,500","0,000","0,000"
6249130,MEDAMAX TUCUMAN,TUCUMAN,1,N,2,"3,808","0,500","0,000","0,000"
11849328,MEDIK FARMA 3,CORDOBA,1,1.VIP,2,"3,574","0,000","0,000","3,427"
12449438,MEELO,CORDOBA,1,3.B,4,"0,276","1,234","0,000","0,000"
13049034,MEGA,CORDOBA,1,3.B,4,"3,226","0,000","0,000","9,610"
12649798,MEGA AGENCIA 429,MISIONES,1,N,2,"5,690","-0,056","0,000","3,916"
11449145,MEGA INFORMATICA,CHACO,1,N,2,"0,000","0,000","0,000","0,000"
7149047,MEGA STREET,BUENOS AIRES,1,2.A,3,"4,803","3,000","0,000","7,628"
9749176,MEGAKIOSCO JOACO,CAPITAL FEDERAL,1,N,2,"0,000","0,000","0,000","0,000"
12449925,MEGAMIX III,BUENOS AIRES,1,1.VIP,2,"5,602","0,000","0,000","3,477"
6149610,MEGAN PAGOS,BUENOS AIRES,1,N,2,"0,320","0,000","0,000","0,000"
11449141,MEGANET PERITO,SANTA CRUZ,1,N,2,"3,190","0,000","0,000","0,000"
9849208,MEGASHOP EL PUEBLO,SANTA FE,1,3.B,4,"1,149","0,000","0,000","1,368"
6149420,MEGASTORE TATIANA,BUENOS AIRES,1,N,2,"10,252","0,930","0,000","2,000"
8249111,MELCEJ VIAJES,MENDOZA,1,5.D,6,"1,492","1,827","0,000","0,000"
11249033,MELULI,CORDOBA,1,5.D,6,"0,316","0,360","0,000","0,980"
12649500,MENDANA JOSE IGNACIO,CORDOBA,1,N,2,"0,887","0,500","0,000","0,000"
12149200,MENSAJERIA ROJAS,SALTA,1,3.B,4,"-0,181","0,000","0,000","3,877"
8249140,MENSAJERIA SAN MARTIN,NEUQUEN,1,N,2,"0,209","0,000","0,000","0,000"
13049486,MERAKI,BUENOS AIRES,1,N,2,"2,055","0,000","0,000","1,284"
13049085,MERCADITO AEROPUERTO,TIERRA DEL FUEGO,1,4.C,4,"2,843","0,000","0,000","4,000"
10249481,MERCADITO AEROPUERTO,TIERRA DEL FUEGO,1,N,2,"0,962","0,000","0,000","0,000"
13049229,MERCADITO AIMAR,CORDOBA,1,5.D,6,"0,000","0,000","0,000","0,000"
9749926,MERCADITO ANALIA (SOLO PEI),SAN LUIS,1,N,2,"-0,007","0,000","0,000","-0,014"
12149088,MERCADITO ANGELICA,MENDOZA,1,N,2,"1,999","1,184","0,000","0,000"
5349247,MERCADITO BRUNO,CORDOBA,1,N,2,"0,190","0,000","0,000","0,000"
9749944,MERCADITO DONA ROSA,MENDOZA,1,N,2,"-0,018","-0,010","0,000","-0,013"
9849212,MERCADITO EL KEY,CORDOBA,1,4.C,4,"-0,349","0,932","0,000","4,837"
12149039,MERCADITO FER MAR,SALTA,1,N,2,"7,865","0,000","0,000","0,000"
7549376,MERCADITO LA MATI,MENDOZA,1,2.A,3,"3,717","-0,092","0,000","2,994"
13049450,MERCADITO OMAR,BUENOS AIRES,1,N,2,"2,669","0,000","0,000","2,185"
10449004,MERCADO ALSINA,BUENOS AIRES,1,1.VIP,2,"5,435","0,000","0,000","3,823"
9749883,MERCADO ANGELICA,MENDOZA,1,N,2,"0,932","0,000","0,000","3,000"
10449060,MERCADO DEBORA,NEUQUEN,1,2.A,3,"2,141","1,506","0,000","9,000"
12949752,MERCADO DEBORA,NEUQUEN,1,N,2,"5,330","-0,022","0,000","3,630"
9849285,MERCADO DEL REY,NEUQUEN,1,4.C,4,"0,679","0,000","0,000","2,000"
5349563,MERCADO EL PUENTE,TIERRA DEL FUEGO,1,N,2,"0,000","0,000","0,000","0,000"
10449049,MERCADO EL PUESTO,MISIONES,1,3.B,4,"2,008","0,000","0,000","5,956"
6449500,MERCADO FISHERTON,SANTA FE,1,N,2,"0,000","0,000","0,000","0,000"
12149261,MERCADO L Y L (SOLO PEI),NEUQUEN,1,5.D,6,"0,000","0,000","0,000","0,000"
7249215,MERCADO MAGICO,SANTA FE,1,4.C,4,"0,991","1,438","0,000","3,000"
12149222,MERCADO MONSENOR,CORDOBA,1,5.D,6,"0,000","0,000","0,000","2,000"
10449053,MERCADO MONTECARLO,SANTA CRUZ,1,N,2,"0,969","0,976","0,000","0,000"
5826000,MERCADO PAGO CENTRAL (COMUNICACION),CAPITAL FEDERAL,1,N,2,"0,000","0,000","0,000","0,000"
9849306,MERCADO RUTA 40,RIO NEGRO,1,5.D,6,"0,000","0,000","0,000","0,000"
12149257,MERCADO RYG (SOLO PEI),RIO NEGRO,1,N,2,"0,000","0,000","0,000","0,000"
9849230,MERCADO SAN ANTONIO,MISIONES,1,1.VIP,2,"5,395","1,601","0,000","2,637"
12949421,MERCADO ZAFIRO,RIO NEGRO,1,4.C,4,"3,391","0,000","0,000","3,000"
10349253,MERCANTIL,TUCUMAN,1,1.VIP,2,"7,122","1,682","0,000","3,152"
9049076,MERCERIA MIRIAM,BUENOS AIRES,1,5.D,6,"2,440","0,000","0,000","3,000"
9049016,MERCERIA Y FOTOS MAGENTA,SAN JUAN,1,3.B,4,"3,768","0,000","0,000","4,590"
12849834,MERCOSUR,SANTA FE,1,N,2,"1,938","0,000","0,000","0,000"
9749526,MERECES LO QUE TIENES,BUENOS AIRES,1,N,2,"0,448","0,384","0,000","0,000"
7549481,MERLIN,BUENOS AIRES,1,2.A,3,"2,451","0,000","0,000","11,895"
11249038,METABASA SA OBRAS Y SERVICIOS,BUENOS AIRES,1,N,2,"0,678","0,000","0,000","0,000"
9149097,MG CAMBIO,CAPITAL FEDERAL,1,4.C,4,"-0,484","0,000","0,000","12,583"
12949386,MG CAPITAL,CAPITAL FEDERAL,1,3.B,4,"8,478","0,000","0,000","6,000"
8749391,MG DISTRIBUCIONES,FORMOSA,1,3.B,4,"-0,183","0,190","0,000","0,983"
10849056,MGYS,CORDOBA,1,4.C,4,"-0,339","1,666","0,000","2,816"
12949451,MI AMIGO FIEL,CORDOBA,1,N,2,"3,897","0,000","0,000","3,000"
9749860,MI ANGELUZ,BUENOS AIRES,1,5.D,6,"0,000","0,000","0,000","0,000"
11649394,MI CARAMELO,BUENOS AIRES,1,N,2,"1,322","0,000","0,000","1,336"
9749832,MI CATUCATU,JUJUY,1,4.C,4,"-0,215","0,000","0,000","1,849"
11949540,MI CUNADO,CAPITAL FEDERAL,1,4.C,4,"0,575","0,000","0,000","6,635"
11949907,MI DEBILIDAD,CHACO,1,N,2,"0,000","0,484","0,000","0,000"
12049548,MI DELFINA,BUENOS AIRES,1,N,2,"0,000","0,000","0,000","0,000"
13049341,MI DRUGSTORE,SALTA,1,4.C,4,"1,809","0,000","0,000","2,000"
7449149,MI DULCE JAZMIN,FORMOSA,1,5.D,6,"0,000","0,000","0,000","0,000"
13049764,MI DULZURA CARAZA,BUENOS AIRES,1,4.C,4,"23,526","-1,059","0,000","8,897"
13049790,MI DULZURA II,BUENOS AIRES,1,3.B,4,"32,690","-0,969","0,000","10,877"
6749140,MI FERRETERIA,MISIONES,1,4.C,4,"0,830","0,000","0,000","0,949"
9749703,MI GRANJA,CATAMARCA,1,4.C,4,"3,280","0,828","0,000","3,924"
12849659,MI LEON FELIZ,BUENOS AIRES,1,N,2,"0,804","0,000","0,000","0,000"
12149081,MI LUGAR,BUENOS AIRES,1,4.C,4,"-0,353","0,000","0,000","1,000"
9749318,MI MEDIA NARANJA,BUENOS AIRES,1,N,2,"0,000","0,360","0,000","0,000"
11449101,MI PAGO,BUENOS AIRES,1,2.A,3,"6,749","2,000","0,000","5,631"
10349452,MI PAGO,CAPITAL FEDERAL,1,N,2,"0,985","0,000","0,000","1,928"
10349453,MI PAGO 2,CAPITAL FEDERAL,1,5.D,6,"-0,262","0,000","0,000","-0,101"
12649234,MI PRIMER MILLON,SANTA FE,1,1.VIP,2,"2,928","0,000","0,000","4,565"
12649349,MI PRIMER MILLON II,SANTA FE,1,1.VIP,2,"9,015","3,196","0,000","5,000"
8021000,MI RECARGA VITACOM (PARENT),CAPITAL FEDERAL,1,N,2,"0,000","0,000","0,000","0,000"
7249086,MIA,CORDOBA,1,4.C,4,"-0,105","-0,120","0,000","3,930"
12849586,MIA ANGELES,MENDOZA,1,N,2,"2,040","0,382","0,000","0,000"
7449270,MIASTORE,SALTA,1,5.D,6,"5,240","-0,112","0,000","3,790"
12649263,MICA MORCILLO,CORDOBA,1,2.A,3,"1,545","-0,060","0,000","2,093"
6949864,MICERINO,CORRIENTES,1,5.D,6,"3,341","0,000","0,000","3,975"
12849452,MICHEL CINTIA LORENA,ENTRE RIOS,1,4.C,4,"1,726","0,438","0,000","0,951"
11449152,MICROFAD COMPUTACION,BUENOS AIRES,1,4.C,4,"2,964","0,000","0,000","11,615"
12949452,MICROFLORIDA,CAPITAL FEDERAL,1,4.C,4,"8,554","7,652","0,000","4,000"
12749071,MIEREZ PRODUCTORES ASESORES DE SEGURO,CORRIENTES,1,4.C,4,"1,704","0,490","0,000","4,678"
6549074,MIG DIGITAL,SANTA FE,1,4.C,4,"1,677","0,000","0,000","2,706"
8249171,MIGUELITO,SANTA FE,1,5.D,6,"1,620","0,500","0,000","3,000"
11949800,MIKA,MENDOZA,1,4.C,4,"1,030","0,748","0,000","1,827"
7149078,MIKASERVICIOS,CAPITAL FEDERAL,1,4.C,4,"1,674","0,000","0,000","0,996"
7449203,MIKELA BOUTIQUE Y ACCESORIOS,BUENOS AIRES,1,2.A,3,"1,482","0,000","0,000","11,696"
12949414,MILENA Y SIMON,BUENOS AIRES,1,3.B,4,"1,125","0,000","0,000","5,681"
5649009,MILENIUM,ENTRE RIOS,1,1.VIP,2,"14,162","0,000","0,000","2,698"
12949213,MILES DE SONRISAS,CORDOBA,1,N,2,"3,000","0,000","0,000","0,000"
9849316,MILES-SHOP,SANTA FE,1,5.D,6,"-0,102","-0,010","0,000","-0,101"
6249164,MILLANEL PAGOS (SOLO PEI),BUENOS AIRES,1,5.D,6,"-0,008","0,000","0,000","-0,013"
6949813,MILOYE,CORDOBA,1,4.C,4,"0,000","0,000","0,000","3,000"
8149853,MILTON KEES SERVICIOS Y SEGUROS,CHUBUT,1,5.D,6,"0,000","0,000","0,000","1,000"
10949047,MIMEY PETSHOP,BUENOS AIRES,1,N,2,"2,100","0,622","0,000","0,000"
12449740,MINI ACEBAL,SANTA FE,1,N,2,"0,722","0,000","0,000","0,000"
12449821,MINI DEL SUR,SANTA FE,1,2.A,3,"0,953","0,872","0,000","2,000"
13049666,MINI GARAY,BUENOS AIRES,1,5.D,6,"-0,024","0,000","0,000","-0,031"
9749930,MINI MARKET MUTUAL,CHUBUT,1,5.D,6,"-0,043","-0,046","0,000","-0,050"
9849202,MINI MARKET RICARDITO,FORMOSA,1,N,2,"0,868","0,448","0,000","0,000"
6149577,MINI MERCADO EL SOL,CORDOBA,1,N,2,"1,419","0,000","0,000","0,000"
9849237,MINI MERCADO FENIX,RIO NEGRO,1,5.D,6,"1,290","0,476","0,000","0,000"
9749431,MINI MERCADO LA LOMA,CORRIENTES,1,2.A,3,"0,701","0,000","0,000","0,974"
9749470,MINI MERCADO LA LOMA 2,CORRIENTES,1,4.C,4,"-0,079","1,552","0,000","-0,012"
9749640,MINI MERCADO LA LOMA 3,CORRIENTES,1,4.C,4,"1,402","0,230","0,000","-0,004"
13049427,MINI MERCADO LAS CANITAS,CORDOBA,1,5.D,6,"0,780","0,000","0,000","1,000"
9849227,MINI MERCADO LO DE TAPIA,LA PAMPA,1,1.VIP,2,"3,784","-0,176","0,000","2,999"
9749474,MINI MERCADO LOS MANANTIALES,CORDOBA,1,N,2,"0,229","0,746","0,000","0,000"
9849209,MINI MERCADO MELINA,TIERRA DEL FUEGO,1,1.VIP,2,"2,144","0,060","0,000","4,721"
13049038,MINI SHOP,BUENOS AIRES,1,N,2,"0,890","0,482","0,000","0,000"
9849290,MINI SHOP CAMELOT II,TUCUMAN,1,4.C,4,"3,386","0,000","0,000","2,666"
12049805,MINI STORE MAXI KIOSCO,BUENOS AIRES,1,5.D,6,"-0,089","0,000","0,000","0,000"
5349491,MINI SUPER LA ESTACION,BUENOS AIRES,1,N,2,"1,331","0,480","0,000","0,000"
9749829,MINI SUPER LOS HERMANOS,SAN JUAN,1,5.D,6,"0,000","0,000","0,000","0,000"
9749588,MINI SUPER NATI,BUENOS AIRES,1,N,2,"0,743","0,414","0,000","0,000"
11949489,MINIMARKET 1 DE MARZO,LA RIOJA,1,5.D,6,"0,514","0,000","0,000","2,000"
6149632,MINIMARKET 348,SAN LUIS,1,5.D,6,"-0,054","0,000","0,000","-0,021"
6949720,MINIMARKET 815,CORRIENTES,1,N,2,"5,485","0,000","0,000","0,000"
9849298,MINIMARKET EL MIKILO,LA RIOJA,1,N,2,"0,000","0,000","0,000","0,000"
9749932,MINIMARKET EL MOTIVO (SOLO PEI),SAN LUIS,1,N,2,"-0,003","0,000","0,000","-0,004"
12149250,MINIMARKET HUA HUM (SOLO PEI),NEUQUEN,1,N,2,"0,000","0,000","0,000","-0,001"
9749746,MINIMARKET HUMBERT,MENDOZA,1,N,2,"1,287","0,000","0,000","0,000"
12849769,MINIMARKET KITU,SANTA FE,1,3.B,4,"-0,519","-0,354","0,000","7,678"
9749937,MINIMARKET LA FOCA,MENDOZA,1,5.D,6,"-0,165","-0,018","0,000","-0,053"
12449244,MINIMARKET LO DEL VIEJO,MISIONES,1,3.B,4,"0,792","0,000","0,000","2,876"
9849039,MINIMARKET LULY,MENDOZA,1,4.C,4,"2,850","0,000","0,000","2,000"
9749525,MINIMARKET M 613,MENDOZA,1,3.B,4,"1,971","-0,056","0,000","6,769"
12849828,MINIMARKET MAGGIOLO,SANTA FE,1,4.C,4,"0,587","0,000","0,000","1,835"
12049849,MINIMARKET MIKA,MENDOZA,1,4.C,4,"4,406","0,244","0,000","3,641"
9749523,MINIMARKET MILANO,SAN LUIS,1,N,2,"0,000","0,000","0,000","0,000"
12149208,MINIMARKET NACHI,SANTIAGO DEL ESTERO,1,3.B,4,"0,405","0,000","0,000","2,000"
13049388,MINIMARKET PAGOS,SANTA FE,1,2.A,3,"3,800","0,000","0,000","3,429"
6149527,MINIMARKET ROMERO,LA PAMPA,1,3.B,4,"1,708","3,042","0,000","2,000"
6149674,MINIMARKET TODO EN UNO,ENTRE RIOS,1,5.D,6,"-0,050","0,000","0,000","0,000"
12049854,MINIMARKET UP,MENDOZA,1,N,2,"2,681","0,331","0,000","0,000"
12649304,MINIMARKET VICK-NICK,LA RIOJA,1,4.C,4,"0,346","0,000","0,000","0,971"
9849308,MINIMARKET Y SERVICIOS CAUCETE,SAN JUAN,1,5.D,6,"-0,136","-0,066","0,000","-0,048"
9749542,MINIMAX,CORRIENTES,1,4.C,4,"0,000","0,000","0,000","0,000"
12449191,MINIMAX (CRS),CORDOBA,1,2.A,3,"2,718","0,000","0,000","2,559"
9849269,MINIMERCADITO ISRAEL,FORMOSA,1,N,2,"1,000","0,000","0,000","0,000"
12149190,MINIMERCADITO LA MERCED,CORDOBA,1,N,2,"0,000","0,000","0,000","0,000"
9849301,MINIMERCADITO LUPITA,JUJUY,1,N,2,"5,086","0,000","0,000","3,989"
9849315,MINIMERCADITO LUPITA 2,JUJUY,1,N,2,"-0,053","-0,024","0,000","-0,004"
9749642,MINIMERCADITO SAN ANTONIO,SALTA,1,2.A,3,"4,710","0,404","0,000","9,000"
9849018,MINIMERCADO  EL 12,CORDOBA,1,4.C,4,"-0,128","0,000","0,000","3,954"
6149569,MINIMERCADO 10 DE JUNIO,BUENOS AIRES,1,N,2,"0,475","0,000","0,000","0,000"
9849130,MINIMERCADO AL PASO,BUENOS AIRES,1,4.C,4,"0,599","0,000","0,000","1,000"
9849276,MINIMERCADO ALFA,MENDOZA,1,4.C,4,"1,162","0,000","0,000","5,000"
6149680,MINIMERCADO BEBU,SANTA FE,1,N,2,"0,887","0,000","0,000","1,790"
6149664,MINIMERCADO CARLI,CORRIENTES,1,5.D,6,"0,000","0,000","0,000","1,000"
5349148,MINIMERCADO CASAPUEBLO,SANTA FE,1,1.VIP,2,"4,012","0,000","0,000","8,000"
9849251,MINIMERCADO CELESTE,MISIONES,1,N,2,"3,452","0,500","0,000","0,000"
6149673,MINIMERCADO CHICHO GILES,BUENOS AIRES,1,5.D,6,"0,000","0,000","0,000","1,000"
9749839,MINIMERCADO CORDOBA,SANTA FE,1,4.C,4,"3,544","0,000","0,000","5,000"
9849223,MINIMERCADO EL ABASTO,BUENOS AIRES,1,4.C,4,"0,344","0,000","0,000","0,000"
9749540,MINIMERCADO EL GRINGO,SANTA FE,1,N,2,"2,754","0,500","0,000","0,000"
6149273,MINIMERCADO EL PORVENIR,SANTA FE,1,N,2,"1,690","0,000","0,000","0,000"
6149496,MINIMERCADO EL TUERK,RIO NEGRO,1,3.B,4,"1,304","0,000","0,000","4,624"
9749874,MINIMERCADO FLORES,JUJUY,1,5.D,6,"-0,015","0,000","0,000","0,000"
12149158,MINIMERCADO FRAN,BUENOS AIRES,1,4.C,4,"1,989","1,610","0,000","2,000"
13049497,MINIMERCADO GREEN,BUENOS AIRES,1,N,2,"1,324","0,000","0,000","0,921"
6149075,MINIMERCADO HORIZONTE,BUENOS AIRES,1,4.C,4,"1,834","-0,064","0,000","1,975"
9849203,MINIMERCADO LA BETTY,MISIONES,1,2.A,3,"1,400","-0,444","0,000","2,889"
9849303,MINIMERCADO LA BODEGA,CHACO,1,5.D,6,"-0,056","0,000","0,000","-0,010"
9849313,MINIMERCADO LA COMARCA,BUENOS AIRES,1,5.D,6,"-0,001","-0,030","0,000","0,000"
6649063,MINIMERCADO LA HERENCIA,MENDOZA,1,N,2,"2,812","0,500","0,000","0,000"
12149277,MINIMERCADO LA HERENCIA (SOLO PEI),NEUQUEN,1,N,2,"-0,036","0,000","0,000","0,916"
9849215,MINIMERCADO LA ROCA,LA PAMPA,1,N,2,"0,518","0,220","0,000","0,000"
9849149,MINIMERCADO LAS GRINGUITAS,ENTRE RIOS,1,2.A,3,"1,993","0,380","0,000","1,936"
10449040,MINIMERCADO LAS MARILINAS CRS,BUENOS AIRES,1,5.D,6,"0,000","0,000","0,000","0,000"
12149225,MINIMERCADO LO DE NICO,BUENOS AIRES,1,5.D,6,"-0,043","0,000","0,000","-0,043"
12149226,MINIMERCADO LO DE NICO 2,BUENOS AIRES,1,5.D,6,"0,000","0,000","0,000","0,000"
9749868,MINIMERCADO LO DE SEBA,CORRIENTES,1,4.C,4,"0,000","0,000","0,000","0,000"
9749476,MINIMERCADO LOS HERMANOS,CORRIENTES,1,1.VIP,2,"3,744","-0,015","0,000","2,824"
6149670,MINIMERCADO LOS HERMANOS 2,CORRIENTES,1,4.C,4,"3,777","0,000","0,000","6,000"
9749801,MINIMERCADO LOS LEONES,BUENOS AIRES,1,5.D,6,"0,000","0,000","0,000","0,000"
9849268,MINIMERCADO LUCERITO,BUENOS AIRES,1,N,2,"1,139","0,000","0,000","0,000"
9849255,MINIMERCADO MAR-FER,CORDOBA,1,5.D,6,"-0,011","0,500","0,000","1,981"
9849280,MINIMERCADO MARIA GREGORIA,NEUQUEN,1,5.D,6,"-0,022","0,000","0,000","0,000"
9849176,MINIMERCADO MAXIMERCADO,BUENOS AIRES,1,3.B,4,"-0,191","0,000","0,000","2,592"
12149202,MINIMERCADO MIL 1,SANTA FE,1,1.VIP,2,"9,661","0,000","0,000","0,000"
9849081,MINIMERCADO MK,BUENOS AIRES,1,5.D,6,"-0,120","0,000","0,000","0,000"
5349159,MINIMERCADO MULTISERVICIOS,SANTA FE,1,1.VIP,2,"5,416","0,000","0,000","2,724"
9849264,MINIMERCADO NANO,BUENOS AIRES,1,N,2,"0,000","0,000","0,000","0,000"
6149526,MINIMERCADO PICHI,ENTRE RIOS,1,4.C,4,"2,435","0,500","0,000","0,000"
9749682,MINIMERCADO PIPA,BUENOS AIRES,1,N,2,"0,204","0,000","0,000","0,000"
9849113,MINIMERCADO RIPAMONTI & ESPANA,SANTA FE,1,5.D,6,"1,382","0,000","0,000","1,000"
9849121,MINIMERCADO RUANA,BUENOS AIRES,1,5.D,6,"0,000","0,000","0,000","0,000"
6149388,MINIMERCADO SANTA ROSA,FORMOSA,1,3.B,4,"0,743","0,000","0,000","2,950"
9849296,MINIMERCADO TATITA 1,ENTRE RIOS,1,5.D,6,"0,000","0,000","0,000","0,000"
9849297,MINIMERCADO TATITA 2,ENTRE RIOS,1,5.D,6,"0,908","0,000","0,000","0,000"
9749688,MINIMERCADO Y QUINIELA DARIO,CHACO,1,4.C,4,"-0,085","-0,018","0,000","4,919"
9849318,MINIMERCADO.MIL.1,SANTA FE,1,5.D,6,"-0,525","-0,243","0,000","-0,442"
9749862,MINISERVICE ELY,TUCUMAN,1,N,2,"0,316","0,000","0,000","1,958"
7049171,MINISHOP FLORIDA,SANTA FE,1,1.VIP,2,"1,888","0,000","0,000","1,456"
9849027,MINISHOP MAR-EM,BUENOS AIRES,1,4.C,4,"-0,162","0,000","0,000","-0,040"
13049188,MINISHOPIN NACHO,RIO NEGRO,1,4.C,4,"2,990","0,000","0,000","1,695"
12949596,MINISHOPING KAYROS,RIO NEGRO,1,5.D,6,"0,000","0,000","0,000","0,000"
7549822,MINISHOPING YANI,SANTIAGO DEL ESTERO,1,3.B,4,"2,065","1,098","0,000","2,000"
13049740,MINISHOPPING OSCAR,RIO NEGRO,1,5.D,6,"10,025","0,000","0,000","10,073"
9049060,MINISUPER AR CO,SALTA,1,2.A,3,"0,000","0,000","0,000","7,000"
8149540,MINNITI HNOS.PROD.ASESORES DE SEGUROS,SANTA FE,1,4.C,4,"-0,172","0,000","0,000","1,000"
13049674,MIRO PINA,BUENOS AIRES,1,5.D,6,"6,264","0,000","0,000","4,000"
7949040,MIS AMORES,LA PAMPA,1,5.D,6,"2,832","0,000","0,000","1,000"
7149042,MIS APUNTES,ENTRE RIOS,1,5.D,6,"0,458","0,000","0,000","4,000"
13049425,MIS CUATRO SOLES MINIMARKET,SANTA FE,1,5.D,6,"2,985","0,000","0,000","4,000"
6949838,MIS PASTELITOS,CORDOBA,1,N,2,"4,727","0,000","0,000","5,000"
12449131,MIS PEQUES,LA RIOJA,1,4.C,4,"0,454","0,000","0,000","4,000"
12149130,MIS SOLES,CORDOBA,1,N,2,"2,851","0,500","0,000","0,000"
12949728,MIS TRES AMORES,ENTRE RIOS,1,N,2,"-0,073","0,000","0,000","-0,011"
6149622,MIS TRES SOLES,MENDOZA,1,5.D,6,"3,781","0,000","0,000","5,000"
6949910,MIS TRES SOLES,MENDOZA,1,N,2,"0,000","0,000","0,000","0,000"
13049197,MISENCO BERNAL,BUENOS AIRES,1,5.D,6,"3,993","0,000","0,000","0,000"
9049079,MISOLPEKES,SAN JUAN,1,5.D,6,"0,000","0,000","0,000","0,000"
7449136,MISTIKA,FORMOSA,1,2.A,3,"2,304","0,000","0,000","1,886"
6149692,MITO,CORDOBA,1,N,2,"5,091","0,000","0,000","4,932"
7249228,MITRE,TUCUMAN,1,5.D,6,"5,912","0,000","0,000","6,652"
10349404,MITRE 148 PAGOS,BUENOS AIRES,1,4.C,4,"5,775","0,000","0,000","5,000"
12949187,MITRE EXPRESS,CAPITAL FEDERAL,1,N,2,"1,513","2,489","0,000","0,000"
12449922,MIX 24 HS,CHACO,1,5.D,6,"1,203","0,522","0,000","0,000"
11349039,MIX DE SABORES,LA RIOJA,1,1.VIP,2,"9,258","1,320","0,000","2,233"
12449755,MIX SHOP,CORDOBA,1,N,2,"5,168","1,450","0,000","0,000"
11949993,MK MARISA,BUENOS AIRES,1,N,2,"1,427","0,000","0,000","0,000"
7949034,MM GRIDO SANTA CLARA 4362,BUENOS AIRES,1,N,2,"0,843","0,984","0,000","0,000"
12449434,MMM,LA RIOJA,1,N,2,"0,000","0,000","0,000","0,000"
90049111,MN ITUZAINGO,BUENOS AIRES,1,N,2,"0,620","0,000","0,000","0,000"
8749219,MN UDAONDO,BUENOS AIRES,1,N,2,"2,755","0,000","0,000","0,000"
5449593,MOD EN CASA III,BUENOS AIRES,1,5.D,6,"3,328","0,000","0,000","0,000"
12849648,MOLLY'S,TUCUMAN,1,N,2,"5,413","0,408","0,000","0,000"
6749199,MOMO FERRETERIA,CAPITAL FEDERAL,1,N,2,"3,834","0,500","0,000","0,000"
5449611,MOMOCASH,BUENOS AIRES,1,5.D,6,"6,123","-0,229","0,000","3,584"
7249217,MONA LISA BAZAR,CHACO,1,5.D,6,"-0,002","0,000","0,000","0,000"
8749021,MONEY OLD SERVICIOS,CAPITAL FEDERAL,1,4.C,4,"1,846","0,082","0,000","1,889"
6949903,MONKEY LIBRERIA,ENTRE RIOS,1,5.D,6,"0,000","0,000","0,000","0,000"
12749588,MONKEY MONEY,CORDOBA,1,5.D,6,"4,381","0,000","0,000","10,000"
12949427,MONROE PAGOS,CAPITAL FEDERAL,1,3.B,4,"6,196","0,000","0,000","0,465"
12949767,MONTERO LOCUTORIO,CAPITAL FEDERAL,1,N,2,"-0,107","-1,865","0,000","-0,001"
9149133,MONTEVIDEO ENVIOS AVELLANEDA,CAPITAL FEDERAL,1,N,2,"0,000","0,000","0,000","0,000"
9149134,MONTEVIDEO ENVIOS DEFENSA,CAPITAL FEDERAL,1,N,2,"0,000","0,000","0,000","0,000"
9149135,MONTEVIDEO ENVIOS LAVALLE,CAPITAL FEDERAL,1,N,2,"0,000","0,000","0,000","0,000"
9149132,MONTEVIDEO ENVIOS P DE MENDOZA,CAPITAL FEDERAL,1,N,2,"0,000","0,000","0,000","0,000"
9249024,MOOBI II MOTOS Y BICIS,BUENOS AIRES,1,N,2,"0,000","0,000","0,000","0,000"
9249025,MOOBI III MOTOS Y BICIS,BUENOS AIRES,1,N,2,"0,000","0,000","0,000","0,000"
9249023,MOOBI MOTOS Y BICIS,BUENOS AIRES,1,N,2,"0,000","0,000","0,000","0,000"
6949900,MORALU TIENDA (SOLO PEI),CAPITAL FEDERAL,1,5.D,6,"0,000","0,000","0,000","0,000"
7249149,MORENA CAMPO Y CIUDAD,CHACO,1,N,2,"0,269","0,000","0,000","0,000"
12949705,MORENO COIN,CAPITAL FEDERAL,1,4.C,4,"-0,222","-0,397","0,000","0,000"
8649087,MORENO EXPRESS,CAPITAL FEDERAL,1,2.A,3,"18,473","2,653","0,000","0,000"
7849182,MORENO INMOBILIARIA,ENTRE RIOS,1,5.D,6,"-0,036","0,000","0,000","0,000"
6149614,MORISQUETA,SAN JUAN,1,4.C,4,"0,798","0,000","0,000","2,000"
12849396,MOSCONI,BUENOS AIRES,1,1.VIP,2,"12,208","0,000","0,000","4,000"
10349066,MOSSO SEGUROS,BUENOS AIRES,1,4.C,4,"11,685","0,000","0,000","1,889"
8149777,MOTO GIMENEZ,BUENOS AIRES,1,5.D,6,"1,968","0,324","0,000","0,000"
8049363,MOTO YA,FORMOSA,1,1.VIP,2,"2,717","1,670","0,000","3,696"
8049276,MOTOMANDADOS VILLA ANGELA,CHACO,1,N,2,"2,520","0,578","0,000","2,000"
10849068,MOTOREPUESTOS CACHO,CORRIENTES,1,1.VIP,2,"4,152","1,682","0,000","2,710"
13049572,MOTOREPUESTOS CACHO 2,CORRIENTES,1,N,2,"-0,085","0,000","0,000","-0,005"
13049748,MOTOREPUESTOS CACHO 3,CORRIENTES,1,5.D,6,"-0,086","0,000","0,000","-0,035"
6149722,MOTOREPUESTOS CACHO 4,CORRIENTES,1,N,2,"-0,022","0,000","0,000","-0,011"
7049693,MOVITEL,MENDOZA,1,1.VIP,2,"2,916","2,013","0,000","2,329"
12749627,MP PRESTAMOS PERSONALES,CATAMARCA,1,5.D,6,"-0,283","-0,034","0,000","-0,093"
13049123,MR CHAPLIN,TUCUMAN,1,3.B,4,"10,010","0,000","0,000","12,000"
8649125,MR DONAS,CORDOBA,1,4.C,4,"1,496","0,000","0,000","2,000"
7149023,MR. COPY,ENTRE RIOS,1,2.A,3,"10,377","0,000","0,000","0,000"
8649114,MR. GRINGO,TUCUMAN,1,4.C,4,"1,176","0,000","0,000","6,000"
12749495,MS ASESOR DE SEGUROS,CORRIENTES,1,5.D,6,"0,306","0,000","0,000","0,946"
12949662,MS BLANCO,SANTA FE,1,5.D,6,"0,000","0,000","0,000","0,000"
6149606,MT DISTRIBUCIONES,SAN JUAN,1,N,2,"5,589","0,000","0,000","0,000"
6449281,MU.ONCAT.DE SOC.Y ADH.DEL CLUB D.Y C.UNI,CORDOBA,1,4.C,4,"-0,272","0,000","0,000","0,000"
7349022,MUEBLERIA ARIEL,MISIONES,1,N,2,"0,000","0,000","0,000","0,000"
7349017,MUEBLERIA EL ALGARROBO,MENDOZA,1,4.C,4,"0,534","2,852","0,000","3,000"
11949765,MUEBLERIA EL SOL,MISIONES,1,4.C,4,"0,269","0,000","0,000","0,987"
5449545,MUEBLERIA EMANUELA EL COLORADO,FORMOSA,1,2.A,3,"1,769","0,426","0,000","1,913"
5449546,MUEBLERIA EMANUELA VILLA DOS TRECE,FORMOSA,1,5.D,6,"1,537","0,416","0,000","3,000"
5449600,MUEBLERIA SWISTONIUK,CHACO,1,N,2,"0,624","0,000","0,000","1,895"
7349026,MUEBLERIA TORCA SA  SARMIENTO,CHUBUT,1,N,2,"-0,068","0,000","0,000","0,879"
5449566,MUEBLES DON EDUARDO,MISIONES,1,4.C,4,"-0,089","0,000","0,000","1,921"
9749486,MUJERCITAS,MISIONES,1,1.VIP,2,"1,313","0,000","0,000","2,952"
12749635,MULLER SEGUROS,MISIONES,1,5.D,6,"1,060","-0,030","0,000","0,895"
6949876,MULTI2,MISIONES,1,5.D,6,"0,000","0,000","0,000","0,000"
5449570,MULTIENERGIAS,BUENOS AIRES,1,5.D,6,"2,898","0,000","0,000","3,000"
12449586,MULTIESPACIO MATILDA,CORDOBA,1,1.VIP,2,"3,091","2,631","0,000","2,732"
12849139,MULTIKIOSCO CG,BUENOS AIRES,1,4.C,4,"1,221","-0,010","0,000","2,820"
12449824,MULTIKIOSCO JUMACA,BUENOS AIRES,1,N,2,"3,926","0,084","0,000","0,000"
13049202,MULTIKIOSCO M Y S,BUENOS AIRES,1,4.C,4,"1,309","0,000","0,000","5,000"
7049546,MULTIKIOSCO RINCON PATAGONICO,BUENOS AIRES,1,2.A,3,"2,573","0,000","0,000","0,000"
11949713,MULTIPAGO 2,BUENOS AIRES,1,2.A,3,"3,273","1,000","0,000","3,111"
8049062,MULTIPAGO(BA),BUENOS AIRES,1,N,2,"0,000","0,000","0,000","0,000"
12649479,MULTIRUBRO  LUZ,TIERRA DEL FUEGO,1,N,2,"3,854","0,492","0,000","0,000"
12849311,MULTIRUBRO ALAN,SANTA CRUZ,1,N,2,"3,081","0,340","0,000","0,000"
11949910,MULTIRUBRO ARACELI,ENTRE RIOS,1,2.A,3,"2,422","0,500","0,000","10,000"
12949419,MULTIRUBRO EL 31,RIO NEGRO,1,5.D,6,"5,805","0,000","0,000","0,000"
11949588,MULTIRUBRO EL SITIO,SANTA CRUZ,1,N,2,"0,841","0,000","0,000","0,000"
10449080,MULTIRUBRO LA ESQUINA,RIO NEGRO,1,5.D,6,"2,266","0,000","0,000","2,620"
9749492,MULTIRUBRO LOCOS POR EL POLLO,BUENOS AIRES,1,4.C,4,"-0,142","0,764","0,000","2,844"
12949706,MULTIRUBRO LOS LEONCITOS,CORDOBA,1,5.D,6,"10,743","-0,198","0,000","6,384"
12949374,MULTIRUBRO PRESENTE PERFECTO,BUENOS AIRES,1,3.B,4,"0,572","0,000","0,000","1,000"
11949591,MULTIRUBRO RC,CHACO,1,1.VIP,2,"2,173","-0,018","0,000","1,373"
12949654,MULTIRUBRO RIALDA,CHACO,1,5.D,6,"-0,032","0,000","0,000","-0,015"
9849278,MULTIRUBRO SABORES SERRANOS,BUENOS AIRES,1,5.D,6,"0,000","0,000","0,000","1,000"
12949033,MULTIRUBRO SARASIBAR,BUENOS AIRES,1,4.C,4,"0,000","0,000","0,000","3,000"
12949748,MULTIRUBRO SARASIBAR CRS,BUENOS AIRES,1,5.D,6,"-0,175","-0,098","0,000","-0,099"
12849518,MULTIRUBROS PERLITAS 1,TIERRA DEL FUEGO,1,1.VIP,2,"4,909","2,000","0,000","0,489"
12849351,MULTIRUBROS PERLITAS 2,TIERRA DEL FUEGO,1,N,2,"3,496","0,654","0,000","0,000"
6149666,MULTISERVI 1,MISIONES,1,5.D,6,"0,000","0,000","0,000","0,000"
10049141,MULTISERVI PYC,MISIONES,1,N,2,"-0,030","-0,006","0,000","-0,001"
10349267,MULTISERVICIOS CONSTITUCION,CAPITAL FEDERAL,1,1.VIP,2,"3,855","0,000","0,000","8,000"
10249808,MULTISERVICIOS RENO,CORDOBA,1,1.VIP,2,"1,682","-0,342","0,000","3,080"
12949401,MULTISERVICIOS SG,BUENOS AIRES,1,2.A,3,"9,123","0,000","0,000","6,536"
8749406,MULTISERVICIOS VIRREYES,BUENOS AIRES,1,2.A,3,"2,410","2,000","0,000","1,432"
11449045,MULTIVENTAS  JU II,BUENOS AIRES,1,1.VIP,2,"4,358","0,357","0,000","1,270"
6949333,MULTIVENTAS COLIBRI,ENTRE RIOS,1,2.A,3,"1,658","0,090","0,000","7,583"
12949372,MULTIVENTAS JR,SAN LUIS,1,4.C,4,"0,624","0,000","0,000","2,000"
11449044,MULTIVENTAS JU I,BUENOS AIRES,1,1.VIP,2,"4,358","1,317","0,000","2,116"
8749241,MUN PUNTO PAGO 25 DE MAYO,CORDOBA,1,N,2,"12,443","0,645","0,000","0,000"
11749035,MUN PUNTO PAGO AGUILARES,TUCUMAN,1,N,2,"0,000","0,000","0,000","0,000"
11749041,MUN PUNTO PAGO ALTA GRACIA,CORDOBA,1,N,2,"4,158","4,565","0,000","0,000"
11749023,MUN PUNTO PAGO ALTOLAGUIRRE,CORDOBA,1,N,2,"4,540","0,132","0,000","0,000"
8749239,MUN PUNTO PAGO AMBROSIO OLMOS,CORDOBA,1,N,2,"4,075","1,282","0,000","0,000"
11749021,MUN PUNTO PAGO CALASANZ,CORDOBA,1,N,2,"7,047","2,488","0,000","0,000"
11749024,MUN PUNTO PAGO CARLOS PAZ,CORDOBA,1,2.A,3,"6,791","1,050","0,000","0,000"
11749034,MUN PUNTO PAGO CHICLIGASTA,TUCUMAN,1,N,2,"3,090","0,500","0,000","0,000"
10349239,MUN PUNTO PAGO CINERAMA,CORDOBA,1,N,2,"7,523","3,039","0,000","0,000"
11749036,MUN PUNTO PAGO CONCEPCION,TUCUMAN,1,N,2,"0,448","0,000","0,000","0,000"
11749032,MUN PUNTO PAGO COSQUIN,CORDOBA,1,N,2,"3,052","1,334","0,000","0,000"
8749252,MUN PUNTO PAGO CPC ARGUELLO,CORDOBA,1,2.A,3,"3,892","0,000","0,000","0,000"
11749037,MUN PUNTO PAGO CPC BARRIO JARDIN,CORDOBA,1,2.A,3,"5,577","0,000","0,000","0,000"
8749244,MUN PUNTO PAGO CPC CENTRO AMERICA,CORDOBA,1,N,2,"7,196","0,000","0,000","0,000"
8749255,MUN PUNTO PAGO CPC CH.SAN FELI,CORDOBA,1,N,2,"3,211","1,000","0,000","0,000"
8749247,MUN PUNTO PAGO CPC COLON,CORDOBA,1,N,2,"3,164","0,000","0,000","0,000"
8749246,MUN PUNTO PAGO CPC GUINAZU,CORDOBA,1,2.A,3,"4,305","0,906","0,000","0,000"
8749250,MUN PUNTO PAGO CPC M.P.CABRERA,CORDOBA,1,2.A,3,"1,000","0,000","0,000","0,000"
8749251,MUN PUNTO PAGO CPC MERCADO DE LA CIUDAD,CORDOBA,1,2.A,3,"3,213","1,814","0,000","0,000"
8749256,MUN PUNTO PAGO CPC PUEYRREDON,CORDOBA,1,2.A,3,"2,975","0,000","0,000","0,000"
8749248,MUN PUNTO PAGO CPC RUTA 20,CORDOBA,1,N,2,"2,799","0,772","0,000","0,000"
8749243,MUN PUNTO PAGO CPC SAN VICENTE,CORDOBA,1,N,2,"2,000","0,820","0,000","0,000"
6449383,MUN PUNTO PAGO CPC TRANSITO,CORDOBA,1,N,2,"2,462","0,000","0,000","0,000"
8749249,MUN PUNTO PAGO CPC VILLA DEL LIBERTADOR,CORDOBA,1,N,2,"2,066","0,940","0,000","0,000"
12749006,MUN PUNTO PAGO DON CREDITO,CORDOBA,1,N,2,"1,230","0,000","0,000","0,000"
6449396,MUN PUNTO PAGO FADER (SOLO PEI),CORDOBA,1,N,2,"3,221","0,000","0,000","0,000"
8749240,MUN PUNTO PAGO GRUPAR,CORDOBA,1,N,2,"4,956","0,698","0,000","0,000"
8749238,MUN PUNTO PAGO HIPER CONSTRUCCION,CORDOBA,1,N,2,"10,902","3,291","0,000","0,000"
8749335,MUN PUNTO PAGO JESUS MARIA,CORDOBA,1,N,2,"6,391","1,808","0,000","0,000"
8749242,MUN PUNTO PAGO LARRANAGA,CORDOBA,1,N,2,"6,134","4,323","0,000","0,000"
8749334,MUN PUNTO PAGO LOS GIGANTES,CORDOBA,1,N,2,"6,780","0,000","0,000","0,000"
8749336,MUN PUNTO PAGO MAIPU 11,CORDOBA,1,N,2,"2,886","0,574","0,000","0,000"
11749022,MUN PUNTO PAGO MENENDEZ PIDAL,CORDOBA,1,2.A,3,"5,511","1,148","0,000","0,000"
11749025,MUN PUNTO PAGO NUNEZ,CORDOBA,1,N,2,"4,232","1,558","0,000","0,000"
8749237,MUN PUNTO PAGO ONCATIVO,CORDOBA,1,2.A,3,"3,735","0,000","0,000","0,000"
11749043,MUN PUNTO PAGO PASAJE CENTRAL,CORDOBA,1,2.A,3,"5,101","0,000","0,000","0,000"
8749236,MUN PUNTO PAGO PATIO OLMOS,CORDOBA,1,N,2,"8,157","3,277","0,000","0,000"
11749042,MUN PUNTO PAGO RIO CUARTO,CORDOBA,1,N,2,"0,311","0,310","0,000","0,000"
11749029,MUN PUNTO PAGO ROSARIO DE SANTA FE,CORDOBA,1,N,2,"1,089","4,978","0,000","0,000"
11749039,MUN PUNTO PAGO SALTA,SALTA,1,N,2,"4,159","1,145","0,000","0,000"
12649359,MUN PUNTO PAGO SAN MARTIN,CORDOBA,1,N,2,"3,713","0,000","0,000","0,000"
11749033,MUN PUNTO PAGO SANTA ANA,TUCUMAN,1,N,2,"2,153","0,500","0,000","0,000"
11749028,MUN PUNTO PAGO SANTA FE,CORDOBA,1,N,2,"5,668","2,598","0,000","0,000"
12849222,MUN PUNTO PAGO SIMOCA,TUCUMAN,1,N,2,"4,384","0,500","0,000","0,000"
11749031,MUN PUNTO PAGO TERMINAL,CORDOBA,1,N,2,"3,342","1,306","0,000","0,000"
12449835,MUN PUNTO PAGO TIO JULIO,CORDOBA,1,N,2,"0,000","0,000","0,000","0,000"
11749027,MUN PUNTO PAGO VILLA ALLENDE,CORDOBA,1,N,2,"6,565","1,689","0,000","0,000"
11749038,MUN PUNTO PAGO VILLA CABRERA,CORDOBA,1,2.A,3,"4,518","0,412","0,000","0,000"
11749026,MUN PUNTO PAGO VILLA DOLORES,CORDOBA,1,N,2,"4,120","1,532","0,000","0,000"
7149075,MUN PUNTO PAGO VILLA MARIA,CORDOBA,1,N,2,"4,810","0,579","0,000","0,000"
11949996,MUN PUNTO PAGO VILLA QUINTEROS,TUCUMAN,1,N,2,"1,486","0,500","0,000","0,000"
8749254,MUN. PUNTO PAGO CPC EMPALME,CORDOBA,1,N,2,"2,076","0,824","0,000","0,000"
8749253,MUN. PUNTO PAGO CPC RANCAGUA,CORDOBA,1,2.A,3,"2,768","1,978","0,000","0,000"
6949812,MUNAY,JUJUY,1,N,2,"1,528","0,000","0,000","0,000"
8249202,MUNDO 8,CORDOBA,1,5.D,6,"5,376","0,000","0,000","1,000"
10949064,MUNDO ANIMAL,NEUQUEN,1,4.C,4,"1,453","2,248","0,000","7,000"
10049085,MUNDO CELULAR,TIERRA DEL FUEGO,1,N,2,"1,605","6,069","0,000","0,000"
12749650,MUNDO FACIL,SALTA,1,N,2,"0,493","-0,210","0,000","-0,030"
12949693,MUNDO FANATICO,CHACO,1,5.D,6,"-0,029","0,000","0,000","-0,009"
9449054,MUNDO GRAFICO,BUENOS AIRES,1,4.C,4,"1,193","0,000","0,000","0,875"
12949184,MUNDO INFANTIL POLIRUBRO,LA PAMPA,1,5.D,6,"0,000","0,000","0,000","1,000"
6249089,MUNDO LIMPIO,BUENOS AIRES,1,N,2,"0,000","0,000","0,000","0,000"
13049658,MUNDO MAGICO,BUENOS AIRES,1,5.D,6,"6,445","0,000","0,000","3,000"
5449598,MUNDO MAGICO,CORDOBA,1,4.C,4,"2,580","0,000","0,000","2,542"
6349509,MUNDO MOVIL,BUENOS AIRES,1,N,2,"2,505","1,942","0,000","0,000"
5449437,MUNDO MUEBLE,BUENOS AIRES,1,2.A,3,"3,409","0,000","0,000","1,504"
5449508,MUNDO MUEBLES EZEIZA I SAN LORENZO,BUENOS AIRES,1,5.D,6,"0,421","0,944","0,000","0,969"
11449135,MUNDO PC,SANTA FE,1,2.A,3,"1,559","0,000","0,000","1,938"
11449078,MUNDO TECNO,BUENOS AIRES,1,1.VIP,2,"8,159","2,804","0,000","5,245"
11949258,MUNDO VIRTUAL,SANTA FE,1,5.D,6,"1,969","0,666","0,000","0,940"
11649287,MUNDOCELL,SANTA FE,1,2.A,3,"2,487","4,000","0,000","0,000"
12949336,MUNDOCRIP I,CAPITAL FEDERAL,1,3.B,4,"3,542","0,000","0,000","1,448"
12949337,MUNDOCRIP II,CAPITAL FEDERAL,1,4.C,4,"4,014","0,000","0,000","4,000"
11049462,MUNGO GE,BUENOS AIRES,1,N,2,"0,000","0,000","0,000","0,000"
6449428,MUNICIPALIDAD DE ANISACATE,CORDOBA,1,N,2,"0,000","0,500","0,000","0,000"
6449278,MUNICIPALIDAD DE CHAJAN,CORDOBA,1,4.C,4,"-0,144","0,000","0,000","-0,057"
6449194,MUNICIPALIDAD DE COLONIA ALMADA,CORDOBA,1,5.D,6,"-0,044","0,000","0,000","3,956"
6449254,MUNICIPALIDAD DE COLONIA PROSPERIDAD,CORDOBA,1,5.D,6,"-0,063","0,000","0,000","0,971"
6449349,MUNICIPALIDAD DE LOS ZORROS,CORDOBA,1,5.D,6,"0,000","0,000","0,000","0,000"
6449506,MUNICIPALIDAD DE LOZADA,CORDOBA,1,N,2,"0,684","0,000","0,000","1,681"
6449266,MUNICIPALIDAD DE PAMPAYASTA SUD,CORDOBA,1,4.C,4,"1,191","0,000","0,000","0,000"
6449321,MUNICIPALIDAD DE SECLANTAS,SALTA,1,N,2,"0,000","0,000","0,000","0,000"
6449339,MUNICIPALIDAD DE VAQUEROS,SALTA,1,4.C,4,"0,000","0,000","0,000","4,000"
10049089,MUNOZ COMUNICACIONES,SAN LUIS,1,4.C,4,"1,746","0,000","0,000","5,000"
6449233,MUT CLUB SOC Y DEP GODEKEN A.M(BERABEVU),SANTA FE,1,5.D,6,"-0,070","0,000","0,000","0,982"
6449232,MUT E ASOC Y ADH DEL CLUB UNI CULT Y DEP,SANTIAGO DEL ESTERO,1,4.C,4,"-0,211","0,000","0,000","0,951"
6449282,MUT EMPL MUNI Y COMU DPTO CONSTITUCION,SANTA FE,1,4.C,4,"-0,185","0,000","0,000","0,000"
6449520,MUT. ASOC Y ADH - C.A. CARCAR,SANTA FE,1,N,2,"-0,118","-0,006","0,000","-0,075"
6449299,MUT. DE INTEGRANTES DEL POD. JUDICIAL SF,SANTA FE,1,N,2,"0,889","1,000","0,000","0,000"
6449487,MUTUAL 23 DE JULIO,SANTA FE,1,5.D,6,"0,825","0,000","0,000","0,872"
6449453,MUTUAL ALMAFUERTE DE GENERAL CABRERA,CORDOBA,1,4.C,4,"1,951","0,000","0,000","4,000"
6449070,MUTUAL ALMAFUERTE I,CORDOBA,1,4.C,4,"-0,255","0,630","0,000","4,000"
6449071,MUTUAL ALMAFUERTE II,CORDOBA,1,4.C,4,"-0,182","0,000","0,000","4,879"
6449180,MUTUAL ALMAFUERTE III,CORDOBA,1,4.C,4,"-0,208","0,000","0,000","2,000"
6449248,MUTUAL ALMAFUERTE IV,CORDOBA,1,4.C,4,"-0,129","0,000","0,000","1,908"
6449288,MUTUAL AMERICA,MENDOZA,1,N,2,"2,154","0,000","0,000","0,000"
6449140,MUTUAL AMSA,CORDOBA,1,4.C,4,"0,435","0,000","0,000","3,000"
6449204,MUTUAL ASOC CLUB UNION  SAN GUILLERMO II,SANTA FE,1,N,2,"3,713","0,000","0,000","0,000"
6449363,MUTUAL ASOC CLUB UNION DE BANDERA,SANTIAGO DEL ESTERO,1,5.D,6,"-0,080","0,000","0,000","-0,027"
6449060,MUTUAL ASOC CLUB UNION DE SAN GUILLERMO,SANTA FE,1,4.C,4,"-0,142","0,742","0,000","1,000"
6449296,MUTUAL ASOCIACION ITALIANA PIAVE,SANTA FE,1,4.C,4,"-0,113","0,000","0,000","0,985"
6449045,MUTUAL BELGRANO CALCHAQUI,SANTA FE,1,3.B,4,"1,395","0,000","0,000","1,000"
6449046,MUTUAL BELGRANO GOB CRESPO,SANTA FE,1,4.C,4,"3,350","0,000","0,000","0,981"
6449073,MUTUAL BELGRANO LA CRIOLLA,SANTA FE,1,4.C,4,"-0,071","0,000","0,000","0,973"
6449344,MUTUAL BELGRANO MARCELINO ESCALADA,SANTA FE,1,4.C,4,"1,185","0,000","0,000","1,000"
6449368,MUTUAL BELGRANO RECONQUISTA,SANTA FE,1,4.C,4,"0,946","-0,020","0,000","1,000"
6449218,MUTUAL BELGRANO SAN JAVIER,SANTA FE,1,4.C,4,"-0,151","0,000","0,000","0,882"
6449279,MUTUAL BELGRANO VERA,SANTA FE,1,4.C,4,"-0,252","0,000","0,000","1,000"
6449191,MUTUAL BRIKMANN 2,CORDOBA,1,3.B,4,"2,052","0,000","0,000","1,472"
6449249,MUTUAL BRINKMANN III,CORDOBA,1,4.C,4,"-0,125","0,000","0,000","0,000"
6449375,MUTUAL BRINKMANN IV FILIAL OESTE,CORDOBA,1,4.C,4,"-0,199","0,000","0,000","-0,009"
6449258,MUTUAL CENTENARIO,CORDOBA,1,5.D,6,"-0,022","0,000","0,000","0,000"
6449259,MUTUAL CENTENO,SANTA FE,1,4.C,4,"2,489","1,000","0,000","1,000"
6449437,MUTUAL CENTRO FILIAL SAN MARTIN,CORDOBA,1,4.C,4,"1,173","0,500","0,000","2,471"
6449377,MUTUAL CLUB ATL. ARG. FILIAL CRESPO,ENTRE RIOS,1,4.C,4,"1,010","0,024","0,000","3,000"
6449069,MUTUAL CLUB ATL. ARG. FILIAL GALVEZ,SANTA FE,1,4.C,4,"-0,067","0,000","0,000","1,000"
6449280,MUTUAL CLUB ATL. ARG. FILIAL SANTA FE,SANTA FE,1,5.D,6,"0,000","0,000","0,000","1,000"
6449067,MUTUAL CLUB ATL.ARG.FILIAL SAN CARLOS,SANTA FE,1,4.C,4,"-0,069","0,000","0,000","1,000"
6449049,MUTUAL CLUB ATLETICO HURACAN DE CHABAS,SANTA FE,1,4.C,4,"-0,099","0,000","0,000","1,000"
6449105,MUTUAL CLUB ATLETICO LIBERTAD,SANTA FE,1,3.B,4,"-0,395","0,000","0,000","2,822"
6449047,MUTUAL CLUB ATLETICO SALTO GRANDE,SANTA FE,1,5.D,6,"-0,053","0,000","0,000","1,000"
6449242,MUTUAL CLUB ATLETICO TREBOLENSE,SANTA FE,1,4.C,4,"-0,106","0,000","0,000","1,000"
6449234,MUTUAL CLUB SOCIAL Y DEP GODEKEN A.M,SANTA FE,1,4.C,4,"-0,108","0,000","0,000","0,996"
6449149,MUTUAL CLUB T F Y D MORTEROS SUC MARULL,CORDOBA,1,5.D,6,"-0,022","0,000","0,000","0,000"
6449086,MUTUAL CLUB UNION CULT Y DEPORTIVA,SANTA FE,1,5.D,6,"-0,170","0,000","0,000","1,000"
6449449,MUTUAL DE AMIGOS DEL CLUB SARM DE LEONES,CORDOBA,1,2.A,3,"0,968","1,632","0,000","3,985"
6449168,MUTUAL DE ASOC. DEL CLUB DEP ARGENTINO 2,CORDOBA,1,4.C,4,"0,000","0,000","0,000","3,000"
6449336,MUTUAL DE ASOC.DEL CLUB A.YC RECREATIVO,CORDOBA,1,N,2,"0,741","0,000","0,000","0,000"
6449093,MUTUAL DE SOCIOS GENERAL ROCA,CORDOBA,1,4.C,4,"-0,353","0,000","0,000","1,586"
6449169,MUTUAL FORTIN SPORT CLUB,CORDOBA,1,N,2,"0,543","0,000","0,000","0,000"
6449265,MUTUAL INDEPENDENCIA FILIAL HERNANDO,CORDOBA,1,4.C,4,"0,280","0,000","0,000","4,648"
6449141,MUTUAL JAMES CRAIK,CORDOBA,1,5.D,6,"0,590","0,000","0,000","0,000"
6449068,MUTUAL PERSONAL JOHN DEERE ARGENTINA,SANTA FE,1,N,2,"0,524","0,000","0,000","0,000"
6449111,MUTUAL PUNTA DE RIEL,CAPITAL FEDERAL,1,N,2,"1,880","0,000","0,000","0,000"
6449197,MUTUAL REGIONAL FILIAL COLONIA ALDAO,SANTA FE,1,4.C,4,"-0,062","0,000","0,000","2,933"
6449077,MUTUAL REGIONAL-CASA CENTRAL,SANTA FE,1,4.C,4,"-0,268","0,000","0,000","3,705"
6449027,MUTUAL SIDERURGICA GRAL. SAVIO,BUENOS AIRES,1,4.C,4,"1,659","0,000","0,000","2,656"
6449151,MUTUAL SIDERURGICA GRAL. SAVIO - RAMALLO,BUENOS AIRES,1,4.C,4,"1,507","0,000","0,000","2,710"
6449376,MUTUAL SIDERURGICA GRAL. SAVIO - V.CONST,SANTA FE,1,3.B,4,"2,446","0,000","0,000","8,216"
6449238,MUTUAL SOCIOS C. S. BARRACAS Y U. FSA  I,BUENOS AIRES,1,5.D,6,"0,198","0,000","0,000","3,950"
6449239,MUTUAL SOCIOS C. S. BARRACAS Y U. FSA II,BUENOS AIRES,1,5.D,6,"1,048","0,000","0,000","5,865"
6449459,MUTUAL SOL EMP DE COM ARROYO SECO,SANTA FE,1,N,2,"5,996","0,000","0,000","1,000"
6449458,MUTUAL SOL EMP DE COM VILLA CONSTITUCION,SANTA FE,1,4.C,4,"3,384","0,000","0,000","6,635"
6449237,MUTUAL SOLIDARIA SALUD,CORDOBA,1,N,2,"0,000","0,000","0,000","0,000"
6449109,MUTUAL T F D M FILIAL MIRAMAR,CORDOBA,1,5.D,6,"1,313","0,000","0,000","7,872"
6449347,MUTUAL TALLERES CARRILOBO,CORDOBA,1,4.C,4,"1,583","0,000","0,000","0,955"
6449320,MUTUAL TALLERES ETRURIA,CORDOBA,1,3.B,4,"3,077","0,214","0,000","6,491"
6449360,MUTUAL TALLERES POZO DEL MOLLE,CORDOBA,1,4.C,4,"-0,090","0,050","0,000","-0,033"
6449394,MUTUAL TALLERES WENCESLAO ESCALANTE,CORDOBA,1,4.C,4,"-0,448","0,000","0,000","2,383"
6449062,MUTUAL UNION,CORDOBA,1,4.C,4,"1,129","2,000","0,000","0,000"
6449250,MUTUALBELGRANO HELVECIA,SANTA FE,1,3.B,4,"-0,289","0,000","0,000","2,000"
10349384,MV SEGUROS,BUENOS AIRES,1,4.C,4,"2,466","0,000","0,000","2,239"
9749891,MY FIAMBRERIA,CORDOBA,1,5.D,6,"0,000","0,000","0,000","0,000"
12949276,MY PAGOS HAEDO,BUENOS AIRES,1,2.A,3,"5,130","0,000","0,000","17,000"
12949351,MY PAGOS PADUA,BUENOS AIRES,1,2.A,3,"4,389","0,000","0,000","2,236"
7449234,MYM,FORMOSA,1,N,2,"0,268","0,000","0,000","1,000"
12849234,MYM,LA RIOJA,1,N,2,"3,953","0,500","0,000","0,000"
5349546,MYM DISTRIBUCIONES,SANTA FE,1,N,2,"2,351","0,000","0,000","0,000"
10049144,MYOCELUS,CORDOBA,1,N,2,"-0,018","0,000","0,000","-0,029"
5349552,MYV,CORDOBA,1,2.A,3,"4,935","0,600","0,000","12,000"
12749584,NACER SEGUROS,SANTA CRUZ,1,N,2,"0,688","0,000","0,000","1,936"
10449018,NAHUEL,MENDOZA,1,4.C,4,"-0,204","0,394","0,000","4,923"
6149678,NAIMA MARKET,BUENOS AIRES,1,N,2,"0,579","0,000","0,000","0,000"
6149617,NAMASTE,MENDOZA,1,N,2,"0,000","0,000","0,000","0,000"
12849645,NAMASTE (SOLO PEI),NEUQUEN,1,N,2,"0,000","0,000","0,000","0,000"
6149709,NANCY C. ESTILISTA (SOLO PEI),BUENOS AIRES,1,5.D,6,"-0,016","0,000","0,000","-0,007"
12149212,NARANJO EN FLOR,ENTRE RIOS,1,1.VIP,2,"3,517","0,000","0,000","4,000"
7149050,NATALIA REGIS PROD.ASESORA DE SEGUROS,CORDOBA,1,3.B,4,"1,580","0,000","0,000","4,567"
8149472,NATIVA SEGUROS,MISIONES,1,4.C,4,"1,540","0,000","0,000","0,951"
12749351,NAVARRO SEGUROS,SANTIAGO DEL ESTERO,1,5.D,6,"0,000","0,000","0,000","1,000"
9749730,NAVARRO Y ASOCIADOS,MISIONES,1,4.C,4,"1,051","0,000","0,000","0,000"
12749139,NAZARENO ENVIOS,CAPITAL FEDERAL,1,2.A,3,"4,191","6,655","0,000","3,517"
12449987,NAZCA PAGOS,CAPITAL FEDERAL,1,2.A,3,"2,914","1,048","0,000","5,197"
12949384,NECTAR PAGOS,BUENOS AIRES,1,2.A,3,"2,795","0,000","0,000","3,779"
11949823,NEGRO EL 28,CAPITAL FEDERAL,1,N,2,"0,000","0,000","0,000","0,000"
12649410,NEGRO EL ONCE 2,BUENOS AIRES,1,1.VIP,2,"3,095","0,000","0,000","2,000"
12649162,NEKO,CORDOBA,1,N,2,"37,660","0,763","0,000","0,000"
12449490,NENE (CRS),CORDOBA,1,1.VIP,2,"5,661","0,000","0,000","5,259"
13049283,NENE MINIMARKET,CHUBUT,1,4.C,4,"0,000","0,000","0,000","0,000"
11449177,NEO INFORMATICA,SANTA FE,1,N,2,"1,183","-0,012","0,000","1,894"
12949146,NESMAR II,CHACO,1,5.D,6,"4,450","0,500","0,000","0,000"
12749040,NESTOR MARTINI SEGUROS,CHUBUT,1,4.C,4,"-0,204","0,262","0,000","0,984"
10849059,NEUMATICOS PELLERITI,LA RIOJA,1,4.C,4,"0,000","0,000","0,000","4,000"
12849888,NEW AGE,LA PAMPA,1,4.C,4,"-0,048","0,000","0,000","1,000"
6349427,NEW EMARPHONE,SANTA FE,1,N,2,"0,000","0,000","0,000","0,000"
6749197,NEW LIFE PINTURERIAS,SANTA FE,1,N,2,"4,521","0,256","0,000","0,000"
12949194,NEW MARKET,CAPITAL FEDERAL,1,N,2,"0,988","0,000","0,000","0,000"
12749296,NEW MULTISERVICIOS AV DIRECTORIO,CAPITAL FEDERAL,1,N,2,"1,967","0,832","0,000","0,000"
5349604,NEW MULTISERVICIOS BOEDO,CAPITAL FEDERAL,1,5.D,6,"11,384","0,000","0,000","30,000"
5349579,NEW MULTISERVICIOS DIRECTORIO,CAPITAL FEDERAL,1,1.VIP,2,"23,739","0,000","0,000","7,000"
12749407,NEW MULTISERVICIOS DISCO PENA,CAPITAL FEDERAL,1,2.A,3,"3,833","0,000","0,000","3,000"
5349599,NEW MULTISERVICIOS LINIERS,CAPITAL FEDERAL,1,N,2,"0,808","0,000","0,000","4,000"
9149052,NEW MULTISERVICIOS MITRE,CAPITAL FEDERAL,1,1.VIP,2,"6,030","0,000","0,000","6,000"
5349595,NEW MULTISERVICIOS OBERA,MISIONES,1,5.D,6,"5,901","0,000","0,000","4,000"
5349598,NEW MULTISERVICIOS PILAR,BUENOS AIRES,1,N,2,"3,193","0,000","0,000","5,000"
5349603,NEW MULTISERVICIOS RAMOS,BUENOS AIRES,1,N,2,"1,000","0,000","0,000","1,000"
8749033,NEW MULTISERVICIOS RECOLETA,CAPITAL FEDERAL,1,N,2,"0,000","0,000","0,000","0,000"
5349578,NEW MULTISERVICIOS VEA CORDOBA 2,CAPITAL FEDERAL,1,1.VIP,2,"11,054","0,374","0,000","7,000"
7449213,NEW SENSATION,RIO NEGRO,1,5.D,6,"3,660","0,162","0,000","0,000"
12049794,NEWEN,CORDOBA,1,4.C,4,"-0,026","0,000","0,000","1,908"
90049141,NEXO PRODUCTORES  I,JUJUY,1,2.A,3,"1,256","0,670","0,000","3,688"
10049150,NEXSUS MEDIOS ELECTRONICOS,BUENOS AIRES,1,4.C,4,"1,714","-0,900","0,000","1,534"
8749320,NEXT BILL,LA RIOJA,1,3.B,4,"0,028","-0,010","0,000","-0,163"
5949081,NEXT LEVEL VIDEOJUEGOS,BUENOS AIRES,1,N,2,"0,974","0,000","0,000","0,000"
12949504,NICAR,CAPITAL FEDERAL,1,2.A,3,"5,544","3,000","0,000","2,000"
12949505,NICO,TUCUMAN,1,4.C,4,"1,971","0,000","0,000","11,000"
7249189,NICO REGALOS,CORDOBA,1,2.A,3,"3,236","0,000","0,000","2,000"
12749253,NIEVA SEGUROS,TUCUMAN,1,2.A,3,"2,670","1,000","0,000","3,000"
12949673,NILU CREACIONES,CORDOBA,1,5.D,6,"2,827","0,000","0,000","3,000"
6949935,NINA LIBRERIA Y REGALERIA,MISIONES,1,N,2,"0,786","-0,018","0,000","1,816"
12649475,NISSI,CORDOBA,1,1.VIP,2,"3,219","5,814","0,000","4,000"
12949135,NO FUE MAGIA,BUENOS AIRES,1,3.B,4,"1,723","2,000","0,000","2,000"
12149216,NONA TERESA 2 0,CORDOBA,1,5.D,6,"0,000","0,000","0,000","0,000"
12149215,NONA TERESA 3 0,CORDOBA,1,5.D,6,"0,000","0,000","0,000","0,000"
12449571,NORIX MAXI KIOSCO,SAN LUIS,1,3.B,4,"4,368","0,000","0,000","3,747"
8149604,NORMA CRUZ PRODUCTORES ASESORES DE,SAN JUAN,1,4.C,4,"4,784","2,682","0,000","9,000"
11949530,NORMIS,CAPITAL FEDERAL,1,2.A,3,"4,025","1,000","0,000","2,231"
8249133,NOROESTE VIAJES,TUCUMAN,1,5.D,6,"1,276","0,484","0,000","0,000"
12849228,NORTE,CORDOBA,1,4.C,4,"2,194","0,496","0,000","5,000"
12949549,NORTE HOGAR MULTIVENTAS,FORMOSA,1,4.C,4,"-0,062","0,000","0,000","0,000"
6349432,NOVA CELULARES,LA RIOJA,1,N,2,"1,046","0,000","0,000","0,000"
11449134,NOVA CELULARES 2,LA RIOJA,1,5.D,6,"-0,093","0,362","0,000","-0,045"
7449273,NOVA INDUMENTARIA,SAN LUIS,1,N,2,"-0,081","-0,048","0,000","-0,057"
12749366,NOVA SEGUROS,CHACO,1,4.C,4,"-0,120","0,000","0,000","0,945"
11949886,NOVEDADES GUILLE,CHACO,1,N,2,"3,802","0,500","0,000","0,000"
13049553,NOVEDADES JIREH,SANTA CRUZ,1,N,2,"5,723","0,000","0,000","3,994"
6349460,NOVEDADES PRISCILA,LA RIOJA,1,1.VIP,2,"1,976","0,138","0,000","3,680"
6349501,NOVEDADES PRISCILA II,LA RIOJA,1,3.B,4,"-0,265","0,000","0,000","-0,180"
6949495,NOVEDADES ROSY,LA RIOJA,1,2.A,3,"0,793","-0,050","0,000","3,913"
6949909,NOWO DISENOS,SANTA FE,1,N,2,"1,519","0,000","0,000","1,000"
8249093,NSA  AGENCIA A Y L,BUENOS AIRES,1,2.A,3,"6,792","0,000","0,000","2,737"
8249046,NSA AGENCIA FLORENCIA,BUENOS AIRES,1,5.D,6,"1,896","0,000","0,000","0,000"
8249134,NSA ALLA Y ACA VIAJES,BUENOS AIRES,1,4.C,4,"2,864","0,000","0,000","1,884"
12898,NSA AR  ITUZAINGO - PASAJES LELOIR,BUENOS AIRES,1,N,2,"3,975","0,000","0,000","0,000"
B3685,NSA AR DON TORCUATO -TURISMO TRIUNVIRATO,BUENOS AIRES,1,N,2,"0,000","0,000","0,000","0,000"
18391,NSA AR ISIDRO CASANOVA-TRANSPORTE HORIZONTE,BUENOS AIRES,1,N,2,"0,000","0,000","0,000","0,000"
10665,NSA AR MONTE GRANDE - 9 DE ABRIL,BUENOS AIRES,1,N,2,"3,722","0,000","0,000","0,000"
15582,NSA AR PILAR-ERVIN,BUENOS AIRES,1,N,2,"3,928","0,000","0,000","0,000"
12690,NSA AR TURISMO GUERNICA,BUENOS AIRES,1,N,2,"3,917","0,000","0,000","0,000"
12297,NSA AR VILLA LUGANO - CANDELARIA,CAPITAL FEDERAL,1,N,2,"3,934","0,000","0,000","0,000"
8249209,NSA CABUREI RAGUE,BUENOS AIRES,1,5.D,6,"0,000","0,000","0,000","0,000"
8249185,NSA CIBERBOSS,BUENOS AIRES,1,3.B,4,"1,628","0,000","0,000","8,741"
8249155,NSA EL CRUCE,BUENOS AIRES,1,5.D,6,"-0,127","1,500","0,000","-0,017"
8249216,NSA ENVIA TU PAQUETE,BUENOS AIRES,1,5.D,6,"0,000","0,000","0,000","0,000"
8249158,NSA FANTASIA SYSTEM,BUENOS AIRES,1,3.B,4,"3,227","0,500","0,000","6,755"
12249231,NSA FANTASIA SYSTEM 2,BUENOS AIRES,1,4.C,4,"1,042","2,500","0,000","2,668"
12249260,NSA FANTASIA SYSTEM 3,BUENOS AIRES,1,5.D,6,"-0,075","0,000","0,000","-0,032"
8249242,NSA J. C. PAZ YOLY (SOLO PEI),BUENOS AIRES,1,N,2,"5,999","0,000","0,000","4,000"
8249217,NSA JOSE C PAZ,BUENOS AIRES,1,4.C,4,"3,747","0,000","0,000","1,992"
6649080,NUESTRA CHELLA,MISIONES,1,5.D,6,"0,000","0,000","0,000","0,000"
9749775,NUEVA AGENCIA 006,CORRIENTES,1,N,2,"7,764","0,000","0,000","0,000"
5349545,NUEVA AGENCIA BOULOGNE,CAPITAL FEDERAL,1,1.VIP,2,"3,713","7,388","0,000","4,000"
5349544,NUEVA AGENCIA LARREA,CAPITAL FEDERAL,1,1.VIP,2,"4,009","7,133","0,000","4,000"
12949195,NUEVA AGENCIA VIDT,CAPITAL FEDERAL,1,N,2,"0,809","5,428","0,000","0,000"
8249116,NUEVA CHEVALLIER TANTI,CORDOBA,1,2.A,3,"0,750","0,228","0,000","3,811"
10249752,NUEVA CIUDAD,MENDOZA,1,N,2,"1,964","0,000","0,000","0,000"
9749743,NUEVA DESPENSA MAXI,CORRIENTES,1,4.C,4,"0,626","0,000","0,000","0,000"
11849240,NUEVA FARMACIA DEL SALTO,MISIONES,1,4.C,4,"-0,117","0,000","0,000","-0,007"
11849416,NUEVA TUNUYAN,MENDOZA,1,5.D,6,"0,000","0,000","0,000","1,000"
9049078,NUEVE LUNAS PANALERA,SANTA FE,1,5.D,6,"-0,258","-0,040","0,000","-0,083"
12649417,NUEVE REINAS I,BUENOS AIRES,1,2.A,3,"5,804","0,000","0,000","8,000"
12649416,NUEVE REINAS III,BUENOS AIRES,1,1.VIP,2,"3,067","0,000","0,000","4,000"
13049509,NUEVO ALMANZA,BUENOS AIRES,1,4.C,4,"10,859","0,000","0,000","10,429"
12949266,NUEVO BERLIN 1,CAPITAL FEDERAL,1,N,2,"0,000","0,000","0,000","0,000"
12949268,NUEVO BERLIN 2,CAPITAL FEDERAL,1,N,2,"0,916","0,000","0,000","0,000"
12949415,NUEVO CALLAO,CAPITAL FEDERAL,1,N,2,"0,000","0,000","0,000","0,000"
8049050,NUEVO CENTRO DE SERVICIOS,CORDOBA,1,N,2,"2,559","0,832","0,000","0,000"
9949037,NUEVO CORREO ARGENTINO UPN,BUENOS AIRES,1,4.C,4,"0,000","0,000","0,000","0,000"
13049297,NUEVO DRUGSTORE,TIERRA DEL FUEGO,1,2.A,3,"1,346","0,000","0,000","9,636"
12449995,NUEVO DRUGSTORE JUNIN,SANTA FE,1,2.A,3,"3,970","0,000","0,000","7,226"
12849930,NUEVO EXESSO MAXIKIOSCO,BUENOS AIRES,1,1.VIP,2,"4,476","0,000","0,000","38,547"
11849383,NUEVO FARMACIA CERRO SALUD,CORDOBA,1,5.D,6,"1,644","0,000","0,000","0,000"
12049355,NUEVO GOLOSINAS RAMOS,BUENOS AIRES,1,2.A,3,"0,000","0,000","0,000","0,000"
13049792,NUEVO KIOSCO LIBRERIA 389,BUENOS AIRES,1,5.D,6,"6,670","-1,147","0,000","4,373"
12849935,NUEVO KIOSCO RICKY,BUENOS AIRES,1,5.D,6,"0,000","0,000","0,000","0,000"
10349443,NUEVO LF SERVICIOS,CAPITAL FEDERAL,1,4.C,4,"-0,251","0,000","0,000","0,908"
12049109,NUEVO MAXIKIOSCO EL GARAGE,CAPITAL FEDERAL,1,4.C,4,"-0,136","0,014","0,000","2,840"
7249203,NUEVO SAMI LLANKAY,CORDOBA,1,1.VIP,2,"3,553","0,000","0,000","3,000"
12949416,NUEVO SANTA FE,CAPITAL FEDERAL,1,N,2,"0,000","0,000","0,000","0,000"
12949685,NUEVO SERVICIOS BELL,BUENOS AIRES,1,N,2,"6,665","0,000","0,000","4,165"
13049839,NUEVO SERVICIOS BELL II,BUENOS AIRES,1,N,2,"5,978","0,000","0,000","3,992"
12749274,NUEVO SERVICIOS TALCAHUANO,CAPITAL FEDERAL,1,N,2,"0,000","0,802","0,000","0,000"
6149489,NUEVO SUPERMERCADO LAS REJAS,BUENOS AIRES,1,2.A,3,"3,307","0,000","0,000","6,586"
8949568,NUEVO TELECENTRO VERA,SANTA FE,1,3.B,4,"1,023","0,740","0,000","7,000"
7949083,NUEVO TIO TOM,NEUQUEN,1,5.D,6,"1,999","0,000","0,000","1,000"
11349042,NUTRIMUNDO,TUCUMAN,1,3.B,4,"5,628","0,230","0,000","2,389"
12449720,NYR,BUENOS AIRES,1,N,2,"0,000","0,000","0,000","0,000"
8849870,O.S.M.,MENDOZA,1,2.A,3,"1,615","0,000","0,000","3,000"
11649373,OASIS,MENDOZA,1,3.B,4,"4,368","1,528","0,000","9,297"
13049351,OBELISCO,NEUQUEN,1,5.D,6,"0,000","0,000","0,000","0,000"
10349314,OC SEGUROS,CORDOBA,1,5.D,6,"1,832","0,500","0,000","0,000"
9749866,OCRE REGALERIA,MENDOZA,1,5.D,6,"0,000","0,000","0,000","0,000"
6349529,OESTE MOVIL,NEUQUEN,1,5.D,6,"0,000","0,000","0,000","0,000"
5449601,OF.TRA.M,BUENOS AIRES,1,N,2,"0,774","0,000","0,000","2,000"
6949892,OFICINA 10,SANTA FE,1,5.D,6,"-0,079","0,000","0,000","-0,039"
10349407,OFICINA DE PAGOS RANCUL,LA PAMPA,1,4.C,4,"0,715","0,000","0,000","1,860"
8149462,OFICINA DE SEGUROS,SANTA FE,1,N,2,"1,645","0,000","0,000","1,000"
8749371,OFICINA DE SEGUROS TINOGASTA,CATAMARCA,1,4.C,4,"0,339","0,000","0,000","4,856"
8049374,OFICINA DE SEGUROS URO,JUJUY,1,4.C,4,"-0,296","-0,038","0,000","0,000"
10349465,OFICINA TECNICA Y COMPANIA,MISIONES,1,5.D,6,"4,673","0,000","0,000","0,000"
8149767,OFICINA VOGT,SANTA FE,1,4.C,4,"-0,089","0,000","0,000","0,951"
10349486,OFICINAS BERGER,MISIONES,1,N,2,"4,435","0,000","0,000","0,000"
10349492,OFICINAS BERGER II,CORRIENTES,1,N,2,"0,000","0,000","0,000","0,000"
12749586,OFICINAS DE SEGUROS V.A,CORDOBA,1,5.D,6,"4,288","0,000","0,000","8,000"
11149059,OFICINAS SAEZ ASOC. II,CHACO,1,2.A,3,"0,320","-0,006","0,000","0,998"
11149060,OFICINAS SAEZ ASOC. III,CHACO,1,2.A,3,"1,953","0,944","0,000","2,872"
11149076,OFICINAS SAEZ ASOC. IV,CHACO,1,5.D,6,"7,305","-0,012","0,000","1,000"
6749180,OFME,MENDOZA,1,4.C,4,"2,617","-0,003","1,000","6,989"
6749179,OFME PANAMERICANA,MENDOZA,1,4.C,4,"1,521","1,230","0,000","6,659"
7449204,OGGERO PABLO MARTIN,SANTA FE,1,4.C,4,"0,209","0,324","0,000","0,974"
8149457,OGM EZEIZA,BUENOS AIRES,1,N,2,"1,138","0,000","0,000","0,000"
8149456,OGM LOMAS,BUENOS AIRES,1,N,2,"0,409","0,000","0,000","0,000"
8149455,OGM MONTE GRANDE,BUENOS AIRES,1,4.C,4,"1,176","0,000","0,000","2,745"
6949716,OHANA,MENDOZA,1,N,2,"4,669","0,434","0,000","0,000"
12849194,OHANA 2,MENDOZA,1,N,2,"1,999","0,000","0,000","0,000"
12449440,OIGA BONITA LAS ROSAS,CORDOBA,1,2.A,3,"2,399","0,000","0,000","7,000"
9449056,OJOGRAFIA DF,CORDOBA,1,4.C,4,"-0,377","0,000","0,000","4,776"
13049664,OLIDEN CAFE,BUENOS AIRES,1,N,2,"0,713","-0,032","0,000","1,928"
5249173,OLIDEN CAFE BERAZATEGUI,BUENOS AIRES,1,N,2,"-0,037","0,000","0,000","-0,032"
12949697,OLIVO LIMPIEZA,SANTA FE,1,5.D,6,"-0,117","-0,034","0,000","-0,055"
9149060,OLLEROS PAGOS,CAPITAL FEDERAL,1,4.C,4,"3,190","0,000","0,000","8,000"
8149951,OLMEDO SEGUROS,BUENOS AIRES,1,N,2,"3,752","1,084","0,000","0,000"
10349497,OMY,CORDOBA,1,N,2,"4,916","-0,044","0,000","2,472"
6949865,ON MY,CORDOBA,1,5.D,6,"0,000","0,000","0,000","0,000"
12249202,ONIXCELL,BUENOS AIRES,1,5.D,6,"2,712","0,000","0,000","0,000"
12449801,OPEN,SANTA CRUZ,1,2.A,3,"0,879","0,530","0,000","7,000"
13049040,OPEN 24,BUENOS AIRES,1,N,2,"0,000","0,000","0,000","0,000"
13049549,OPEN 24,TUCUMAN,1,N,2,"0,601","0,000","0,000","0,966"
13049058,OPEN 24 II,BUENOS AIRES,1,N,2,"1,542","0,000","0,000","0,000"
6149629,OPEN 24 III,BUENOS AIRES,1,N,2,"1,751","0,000","0,000","0,000"
13049090,OPEN 24 IV,BUENOS AIRES,1,N,2,"5,648","0,000","0,000","0,000"
12849236,OPEN 365 CORDOBA,BUENOS AIRES,1,3.B,4,"4,223","1,060","0,000","10,000"
12449093,OPEN SHOP 00,CHACO,1,1.VIP,2,"4,231","0,000","0,000","2,123"
12649402,OPEN SHOP 00 2,CHACO,1,2.A,3,"-0,152","1,000","0,000","0,893"
11849413,OPTICA CURUZU I,CORRIENTES,1,4.C,4,"3,896","0,000","0,000","4,000"
11849414,OPTICA CURUZU II SUCURSAL CAA CATI,CORRIENTES,1,5.D,6,"0,000","0,000","0,000","1,000"
6549081,OPTICA IMAGEN,JUJUY,1,N,2,"-0,002","-0,010","0,000","-0,001"
6549080,OPTICA IMAGEN LQ,JUJUY,1,N,2,"-0,001","-0,010","0,000","0,000"
12449768,ORANGE,SANTIAGO DEL ESTERO,1,5.D,6,"1,376","0,000","0,000","0,000"
12749569,ORBIS CAMPANA,BUENOS AIRES,1,5.D,6,"3,469","0,000","0,000","11,986"
12749009,ORCU CREDITOS SERVICIOS FINANCIEROS,ENTRE RIOS,1,3.B,4,"4,435","0,000","0,000","2,668"
8149525,ORG DAMBROSIO PUERTO MADRYN,CHUBUT,1,2.A,3,"0,766","0,000","0,000","0,000"
12749515,ORG. DAMBROSIO,CHUBUT,1,4.C,4,"4,022","0,000","0,000","2,000"
8149738,ORG. DAMBROSIO COMODORO RIVADAVIA,CHUBUT,1,N,2,"0,000","0,000","0,000","0,000"
12749540,ORG. LOBILLO Y ASOCIADOS 9 DE JULIO,SAN JUAN,1,5.D,6,"-0,164","0,000","0,000","3,866"
12749531,ORG. LOBILLO Y ASOCIADOS CAUCETE,SAN JUAN,1,4.C,4,"2,499","0,000","0,000","1,840"
12749532,ORG. LOBILLO Y ASOCIADOS RAWSON,SAN JUAN,1,4.C,4,"2,292","0,000","0,000","2,510"
8149411,ORG.DELFINO-LOC ROSARIO DEL TALA,ENTRE RIOS,1,4.C,4,"-0,157","0,000","0,000","2,869"
8149412,ORG.DELFINO-LOCAL BASAVILBASO,ENTRE RIOS,1,4.C,4,"0,743","0,000","0,000","3,000"
8149685,ORGANIZACION AIASSA,ENTRE RIOS,1,4.C,4,"2,087","0,000","0,000","5,000"
8149450,ORGANIZACION ANGELI,CAPITAL FEDERAL,1,N,2,"0,478","0,000","0,000","0,000"
10349151,ORGANIZACION AP,BUENOS AIRES,1,N,2,"0,000","0,000","0,000","0,000"
8149428,ORGANIZACION BLASON,ENTRE RIOS,1,5.D,6,"0,000","0,000","0,000","0,000"
8149717,ORGANIZACION BOSCHETTI,CORRIENTES,1,4.C,4,"0,619","0,000","0,000","0,000"
8149897,ORGANIZACION BUSIN,NEUQUEN,1,5.D,6,"0,000","0,000","0,000","0,000"
8149559,ORGANIZACION CANDA,BUENOS AIRES,1,N,2,"0,000","0,000","0,000","0,000"
13049745,ORGANIZACION CASTRO,LA PAMPA,1,N,2,"0,000","0,000","0,000","0,000"
8149532,ORGANIZACION CHIALVO,SANTA FE,1,N,2,"0,000","0,000","0,000","0,000"
12749027,ORGANIZACION COLAVECCHIO SEGUROS,BUENOS AIRES,1,2.A,3,"2,000","0,626","0,000","5,000"
8149590,ORGANIZACION COMODORO,CHUBUT,1,5.D,6,"3,190","0,000","0,000","2,963"
8149495,ORGANIZACION CORDOBA,CORDOBA,1,N,2,"0,143","0,000","0,000","0,000"
8149496,ORGANIZACION CORDOBA I,CORDOBA,1,N,2,"1,018","0,000","0,000","0,000"
8149582,ORGANIZACION COSENZA,SANTA FE,1,4.C,4,"1,789","0,864","0,000","4,000"
8149783,ORGANIZACION DAMBROSIO ESQUEL,CHUBUT,1,5.D,6,"0,490","0,000","0,000","0,000"
8149481,ORGANIZACION DE SEGUROS,MENDOZA,1,4.C,4,"-0,422","0,490","0,000","3,856"
8149484,ORGANIZACION DE SEGUROS CERRI ANTUNA,SAN JUAN,1,5.D,6,"0,669","0,000","0,000","0,000"
8149464,ORGANIZACION DE SEGUROS SAN JOSE,MISIONES,1,2.A,3,"2,749","1,070","0,000","4,560"
12749122,ORGANIZACION DELFINO MACIA,ENTRE RIOS,1,N,2,"0,663","0,480","0,000","0,000"
8149565,ORGANIZACION DIAZ,CHACO,1,4.C,4,"0,929","0,000","0,000","0,000"
8149692,ORGANIZACION DOMANICO BELLA VISTA,BUENOS AIRES,1,N,2,"0,753","0,000","0,000","0,000"
8149691,ORGANIZACION DOMANICO MORENO,BUENOS AIRES,1,N,2,"0,907","0,000","0,000","0,000"
8149690,ORGANIZACION DOMANICO RAMOS MEJIA,BUENOS AIRES,1,N,2,"0,000","1,000","0,000","0,000"
8149615,ORGANIZACION DOTI,BUENOS AIRES,1,5.D,6,"1,219","0,000","0,000","-0,018"
8149732,ORGANIZACION DUARTE,ENTRE RIOS,1,4.C,4,"0,236","0,000","0,000","0,000"
8149675,ORGANIZACION FRANGI DINARDI,BUENOS AIRES,1,4.C,4,"-0,299","0,000","0,000","2,455"
8149618,ORGANIZACION GAUTO FECHNER,MISIONES,1,4.C,4,"2,087","0,000","0,000","0,000"
12749379,ORGANIZACION GESSAGA,SANTA FE,1,4.C,4,"-0,080","0,000","0,000","0,976"
8149630,ORGANIZACION GIRARD,MISIONES,1,4.C,4,"2,204","0,000","0,000","1,773"
8149761,ORGANIZACION GPS,MISIONES,1,4.C,4,"1,075","0,000","0,000","0,000"
8149497,ORGANIZACION GRIMALT,SANTA FE,1,N,2,"0,381","0,000","0,000","0,000"
8149748,ORGANIZACION HAURELUK 2 DE MAYO,MISIONES,1,4.C,4,"-0,169","0,000","0,000","1,923"
8149745,ORGANIZACION HAURELUK EL SOBERBIO,MISIONES,1,4.C,4,"0,549","0,000","0,000","2,000"
8149747,ORGANIZACION HAURELUK SAN VICENTE,MISIONES,1,1.VIP,2,"1,700","-0,066","0,000","6,640"
8149790,ORGANIZACION HAURELUK SAN VICENTE II,MISIONES,1,4.C,4,"0,245","0,000","0,000","0,997"
12749135,ORGANIZACION IBANEZ,MISIONES,1,3.B,4,"0,025","1,924","0,000","0,000"
8149709,ORGANIZACION KUZMANICH,CHUBUT,1,5.D,6,"-0,059","0,000","0,000","0,000"
8149598,ORGANIZACION MARCHI,CORRIENTES,1,4.C,4,"1,587","-0,034","0,000","4,824"
8149437,ORGANIZACION MARCUZZI,SANTA FE,1,4.C,4,"-0,104","0,000","0,000","3,888"
8149385,ORGANIZACION MEILI,MISIONES,1,1.VIP,2,"1,301","0,000","0,000","1,768"
8149641,ORGANIZACION MENDOZA,BUENOS AIRES,1,N,2,"0,280","0,000","0,000","0,000"
90049132,ORGANIZACION MITIDIERI,BUENOS AIRES,1,5.D,6,"-0,079","0,000","0,000","1,946"
8149770,ORGANIZACION MORALES,ENTRE RIOS,1,3.B,4,"-0,406","0,000","0,000","4,593"
8149625,ORGANIZACION MP JAGUEL,BUENOS AIRES,1,5.D,6,"1,843","0,000","0,000","4,000"
8149631,ORGANIZACION NAHIRNAK,MISIONES,1,N,2,"0,000","0,000","0,000","0,000"
8149194,ORGANIZACION NELDO RAFFO SEGUROS,CORDOBA,1,4.C,4,"-0,270","0,000","0,000","3,672"
8149338,ORGANIZACION NELDO RAFFO SEGUROS I,CORDOBA,1,4.C,4,"-0,095","0,000","0,000","3,841"
8149340,ORGANIZACION NELDO RAFFO SEGUROS III,CORDOBA,1,5.D,6,"0,746","0,000","0,000","1,910"
8149329,ORGANIZACION NICORA,BUENOS AIRES,1,4.C,4,"1,691","0,000","0,000","0,774"
8149461,ORGANIZACION ONNEGLIA,SANTA FE,1,N,2,"2,745","0,653","0,000","1,000"
8149184,ORGANIZACION PALOMBO,SANTA FE,1,4.C,4,"-0,078","0,000","0,000","0,884"
8149588,ORGANIZACION PANBA,SANTA CRUZ,1,3.B,4,"2,094","0,000","0,000","2,664"
12649673,ORGANIZACION PARANA,ENTRE RIOS,1,2.A,3,"5,377","0,000","0,000","9,000"
12749053,ORGANIZACION PAZ,BUENOS AIRES,1,N,2,"0,000","0,161","0,000","0,000"
8149397,ORGANIZACION R.R.OBESIO SEGUROS,BUENOS AIRES,1,4.C,4,"-0,322","0,000","0,000","1,769"
12749051,ORGANIZACION RAM,BUENOS AIRES,1,4.C,4,"0,344","-0,064","0,000","0,804"
8149650,ORGANIZACION REIGENBORN,CHACO,1,3.B,4,"1,205","0,000","0,000","3,794"
8149384,ORGANIZACION RENATO SARATT,MISIONES,1,1.VIP,2,"1,579","0,000","0,000","6,552"
10349079,ORGANIZACION ROIGE,BUENOS AIRES,1,5.D,6,"0,040","0,000","0,000","1,869"
8149950,ORGANIZACION ROJAS LUIS GUILLON,BUENOS AIRES,1,N,2,"2,142","0,000","0,000","0,000"
8149949,ORGANIZACION ROJAS RUTA 4,BUENOS AIRES,1,4.C,4,"0,593","0,000","0,000","-0,114"
10349148,ORGANIZACION ROMEO,BUENOS AIRES,1,2.A,3,"2,318","0,000","0,000","1,527"
10349161,ORGANIZACION SEGUROS LOFREDO,BUENOS AIRES,1,5.D,6,"1,863","0,000","0,000","0,000"
8149801,ORGANIZACION SENN,SANTA FE,1,4.C,4,"0,857","0,000","0,000","2,000"
8149889,ORGANIZACION SUSAN,BUENOS AIRES,1,N,2,"0,288","0,000","0,000","0,000"
8149583,ORGANIZACION TROIANO,BUENOS AIRES,1,5.D,6,"-0,004","0,000","0,000","0,000"
8149584,ORGANIZACION TROIANO SAN MARTIN,BUENOS AIRES,1,5.D,6,"1,377","0,000","0,000","4,000"
8149969,ORGANIZACION VAZQUEZ FULL,BUENOS AIRES,1,N,2,"1,926","0,000","0,000","0,000"
8149755,ORGANIZACION WELTER GARUHAPE,MISIONES,1,2.A,3,"0,614","0,000","0,000","0,897"
8149753,ORGANIZACION WELTER PUERTO RICO,MISIONES,1,1.VIP,2,"4,296","0,000","0,000","1,916"
8149754,ORGANIZACION WELTER WANDA,MISIONES,1,4.C,4,"-0,102","-0,030","0,000","0,934"
8149469,ORGANIZACION ZIELKE,MISIONES,1,4.C,4,"1,334","0,000","0,000","3,870"
12749337,ORGANIZACION ZIELKE II,MISIONES,1,3.B,4,"2,010","1,804","0,000","4,823"
12749484,ORIENTE PROPIEDADES,SAN LUIS,1,4.C,4,"1,154","0,000","0,000","1,853"
10049147,ORIGEN TECH,CORDOBA,1,N,2,"-0,084","-0,120","0,000","-0,039"
7849090,ORIGENES FARA INMOBILIARIA,SAN LUIS,1,N,2,"0,000","0,000","0,000","0,000"
6949507,ORIGINAL Y COPIA,CORDOBA,1,1.VIP,2,"2,938","-0,383","0,000","2,057"
10349461,ORO,MISIONES,1,N,2,"-0,054","0,000","0,000","2,980"
9149107,ORO MAYO,ENTRE RIOS,1,N,2,"3,075","0,500","0,000","0,000"
8149505,ORSICH NESTOR,ENTRE RIOS,1,4.C,4,"1,738","0,000","0,000","0,000"
11849410,ORTOPEDIA QUIMILI,SANTIAGO DEL ESTERO,1,4.C,4,"-0,119","0,000","0,000","-0,034"
8149185,ORUE Y GODOY SEGUROS III,CORDOBA,1,4.C,4,"-0,039","0,000","0,000","8,717"
10349086,OSTENGO ABOGADOS,TUCUMAN,1,N,2,"0,567","0,000","0,000","0,000"
7549295,OXIGENO,CORDOBA,1,2.A,3,"2,279","0,000","0,000","2,473"
12949105,P&P FACIL,BUENOS AIRES,1,4.C,4,"0,748","0,660","0,000","0,000"
12949228,P.F. ZENSABELLO III,BUENOS AIRES,1,N,2,"0,990","0,000","0,000","0,000"
12791,P24 BARRIO 31,CAPITAL FEDERAL,1,5.D,6,"-0,182","0,000","0,000","0,000"
7249188,PACHAMAMA REGALERIA,SANTIAGO DEL ESTERO,1,4.C,4,"-0,248","-0,018","0,000","2,930"
10349243,PACHECO PAGOS 1,BUENOS AIRES,1,5.D,6,"5,264","0,336","0,000","0,000"
10349242,PACHECO PAGOS 2,BUENOS AIRES,1,4.C,4,"1,000","0,482","0,000","0,000"
12749671,PADIVI,MENDOZA,1,5.D,6,"-0,141","-0,106","0,000","-0,108"
12949397,PAGALOYA,CAPITAL FEDERAL,1,2.A,3,"2,408","0,000","0,000","0,000"
7149099,PAGAN,MENDOZA,1,2.A,3,"1,404","-0,072","0,000","9,527"
12649607,PAGARE CONTO,SANTA FE,1,N,2,"0,000","0,000","0,000","0,000"
12749576,PAGO 1 MERLO NORTE,BUENOS AIRES,1,N,2,"1,025","0,000","0,000","0,000"
12849562,PAGO 101,BUENOS AIRES,1,N,2,"1,000","1,000","0,000","0,000"
12749577,PAGO 2 PADUA SUR,BUENOS AIRES,1,5.D,6,"0,000","0,000","0,000","0,000"
12449939,PAGO ACA PACHECO,BUENOS AIRES,1,2.A,3,"4,147","0,716","0,000","3,499"
12749589,PAGO ALBERDI 1,TUCUMAN,1,N,2,"0,852","0,000","0,000","-0,032"
12749590,PAGO ALBERDI 2,TUCUMAN,1,5.D,6,"3,590","0,000","0,000","4,938"
12749280,PAGO BARRIO NORTE,BUENOS AIRES,1,N,2,"0,000","0,000","0,000","0,000"
10049129,PAGO CELINA,BUENOS AIRES,1,5.D,6,"0,000","0,000","0,000","0,000"
8949570,PAGO CENTER,TUCUMAN,1,2.A,3,"6,316","0,000","0,000","2,549"
12849152,PAGO CLUB,TUCUMAN,1,3.B,4,"-0,239","2,328","0,000","5,880"
10349256,PAGO CLUB II,TUCUMAN,1,4.C,4,"3,057","0,332","0,000","2,542"
8749376,PAGO DE SERVICIOS MARIANO MAX JESUS,CORDOBA,1,N,2,"0,000","0,000","0,000","0,000"
12149213,PAGO EXEQUIEL,TUCUMAN,1,1.VIP,2,"7,754","0,000","0,000","6,705"
8034120,PAGO FACIL - TELERECARGAS 120 (120),JUJUY,1,5.D,6,"3,874","0,000","0,000","0,000"
8034158,PAGO FACIL - TELERECARGAS 158 (158),BUENOS AIRES,1,5.D,6,"3,913","0,000","0,000","0,000"
8034194,PAGO FACIL - TELERECARGAS 194 (194),CORDOBA,1,5.D,6,"3,990","0,000","0,000","0,000"
10349337,PAGO FACIL ALVEAR,SANTA FE,1,1.VIP,2,"24,000","1,254","0,000","5,000"
9749513,PAGO FACIL LUCERO II,MENDOZA,1,N,2,"0,000","0,432","0,000","0,000"
7249196,PAGO FACIL PACHAMAMA,SANTIAGO DEL ESTERO,1,2.A,3,"1,495","-0,048","0,000","5,745"
12949328,PAGO FACIL ROXY,CAPITAL FEDERAL,1,1.VIP,2,"10,684","0,000","0,000","6,000"
12449447,PAGO FLORENCIA GONZALEZ,FORMOSA,1,N,2,"0,000","0,000","0,000","0,000"
7149046,PAGO FORMOSA II,FORMOSA,1,1.VIP,2,"3,687","-1,090","0,000","2,530"
9749564,PAGO FORMOSA III,FORMOSA,1,1.VIP,2,"1,719","-0,362","0,000","5,700"
6149591,PAGO LOS NOGALES,TUCUMAN,1,4.C,4,"2,536","0,000","0,000","7,668"
11949541,PAGO MARTA,CAPITAL FEDERAL,1,N,2,"0,000","0,000","0,000","0,000"
12849934,PAGO MITRE,TUCUMAN,1,1.VIP,2,"5,137","0,000","0,000","7,541"
12949777,PAGO MOVIL,CAPITAL FEDERAL,1,5.D,6,"-0,074","-0,156","0,000","-0,002"
12949776,PAGO MOVIL III,CAPITAL FEDERAL,1,5.D,6,"-0,033","-0,034","0,000","0,000"
12949779,PAGO MOVIL IV,CAPITAL FEDERAL,1,5.D,6,"-0,030","-0,058","0,000","-0,002"
12949780,PAGO MOVIL V,CAPITAL FEDERAL,1,5.D,6,"-0,191","-0,076","0,000","-0,061"
10349414,PAGO ORIANA,TUCUMAN,1,2.A,3,"3,779","0,000","0,000","2,742"
12949672,PAGO PLATANOS AGCA,BUENOS AIRES,1,N,2,"1,000","0,000","0,000","0,000"
12949639,PAGO POSTOLOV,BUENOS AIRES,1,N,2,"-0,108","0,000","0,000","0,000"
12949624,PAGO SALVADOR,BUENOS AIRES,1,N,2,"2,335","0,000","0,000","3,754"
12949670,PAGO SUR MER,BUENOS AIRES,1,N,2,"0,463","-0,206","0,000","0,710"
8749346,PAGO VALU,FORMOSA,1,4.C,4,"0,241","-0,036","0,000","1,960"
12449140,PAGO VIVES,CORDOBA,1,1.VIP,2,"5,443","0,753","0,000","4,910"
9749488,PAGO VIVES 2,CORDOBA,1,1.VIP,2,"2,781","1,000","0,000","2,725"
12449790,PAGOS  GADDINI,BUENOS AIRES,1,N,2,"4,500","2,844","0,000","0,000"
11649392,PAGOS  GAUCHITO,BUENOS AIRES,1,5.D,6,"11,309","0,000","0,000","15,135"
6149476,PAGOS 1RO DE MAYO,MENDOZA,1,2.A,3,"4,286","-0,328","0,000","3,887"
12849087,PAGOS 24,BUENOS AIRES,1,N,2,"0,000","0,000","0,000","0,000"
9749479,PAGOS 24/7,MENDOZA,1,N,2,"0,000","0,660","0,000","0,000"
6949949,PAGOS 25 DE MAYO,SAN LUIS,1,4.C,4,"4,712","-0,003","0,000","2,971"
11949768,PAGOS 3 DE FEBRERO,BUENOS AIRES,1,4.C,4,"0,355","1,370","0,000","1,000"
12749244,PAGOS 5 SALTOS,RIO NEGRO,1,N,2,"2,258","0,452","0,000","0,000"
9749790,PAGOS 824,BUENOS AIRES,1,4.C,4,"9,375","0,000","0,000","6,740"
12749061,PAGOS 9 DE JULIO,RIO NEGRO,1,1.VIP,2,"7,149","-1,356","0,000","4,522"
6149448,PAGOS ABERASTAIN,SAN JUAN,1,1.VIP,2,"2,614","2,338","0,000","4,000"
6149395,PAGOS AGAPE,SAN JUAN,1,1.VIP,2,"6,590","0,000","0,000","20,000"
6949727,PAGOS AGUERO,FORMOSA,1,5.D,6,"1,253","0,500","0,000","0,000"
11949799,PAGOS AGUS,BUENOS AIRES,1,3.B,4,"6,903","0,000","0,000","10,000"
13049134,PAGOS AGUSTINA,BUENOS AIRES,1,N,2,"0,000","0,000","0,000","0,000"
13049609,PAGOS ALBERTI,BUENOS AIRES,1,N,2,"1,000","0,000","0,000","4,000"
6149404,PAGOS ALDANA,MENDOZA,1,5.D,6,"1,135","0,000","0,000","2,000"
12649305,PAGOS ALEM SAN JUAN,SAN JUAN,1,5.D,6,"0,751","0,468","0,000","3,961"
6149436,PAGOS ALGARROBAL,MENDOZA,1,2.A,3,"4,279","-0,377","0,000","2,530"
12149167,PAGOS ALGO RICO,MENDOZA,1,N,2,"3,348","0,498","0,000","0,000"
12849106,PAGOS ALMA Y PIA,BUENOS AIRES,1,N,2,"1,500","0,444","0,000","0,000"
7249238,PAGOS ALMAFUERTE,CORDOBA,1,N,2,"0,507","-0,110","0,000","1,500"
13049221,PAGOS ALMAGRO,CAPITAL FEDERAL,1,5.D,6,"2,961","0,000","0,000","0,000"
6149407,PAGOS AMAPOLAS,MENDOZA,1,N,2,"0,000","0,000","0,000","0,000"
7249201,PAGOS AMBAR,ENTRE RIOS,1,N,2,"3,004","0,000","0,000","0,000"
10349397,PAGOS AMELIA,SANTIAGO DEL ESTERO,1,3.B,4,"1,528","0,000","0,000","3,592"
6149389,PAGOS ANCHORENA,MENDOZA,1,N,2,"12,435","1,123","0,000","0,000"
6349408,PAGOS ANDRESITO,MISIONES,1,2.A,3,"1,476","0,594","0,000","3,817"
7849105,PAGOS ANGUI,BUENOS AIRES,1,N,2,"0,000","0,000","0,000","0,000"
12949036,PAGOS ANTAGELU,SAN JUAN,1,N,2,"2,706","0,500","0,000","0,000"
10349209,PAGOS ANTU,RIO NEGRO,1,1.VIP,2,"5,006","0,000","0,000","3,000"
13049440,PAGOS AVENIDA,FORMOSA,1,N,2,"2,375","0,000","0,000","1,781"
12649589,PAGOS BARBI,BUENOS AIRES,1,N,2,"1,258","0,000","0,000","0,000"
8749398,PAGOS BELGRANO,MENDOZA,1,1.VIP,2,"5,934","3,272","0,000","12,000"
9749611,PAGOS BELU 1,CORRIENTES,1,3.B,4,"1,000","2,386","0,000","1,000"
9749612,PAGOS BELU 2,CORRIENTES,1,2.A,3,"7,916","6,928","0,000","1,000"
7449198,PAGOS BICHITO DE LUZ,SAN JUAN,1,3.B,4,"4,735","0,000","0,000","10,652"
12649443,PAGOS BINGO,CORDOBA,1,4.C,4,"-0,296","0,500","0,000","0,566"
11849273,PAGOS BLANES COLONIA,CHACO,1,N,2,"0,000","0,064","0,000","0,000"
8149688,PAGOS BLANES RESISTENCIA,CHACO,1,2.A,3,"8,365","0,096","0,000","1,000"
6949778,PAGOS BOULEVARD 31,MENDOZA,1,N,2,"0,000","0,000","0,000","0,000"
13049769,PAGOS CABALLITO,CAPITAL FEDERAL,1,3.B,4,"31,551","-1,875","0,000","28,640"
10349140,PAGOS CABAS,FORMOSA,1,4.C,4,"-0,060","0,000","0,000","1,000"
5749026,PAGOS CALAFATE,SANTA CRUZ,1,1.VIP,2,"1,479","0,000","0,000","2,000"
6149536,PAGOS CALLE 5,SAN JUAN,1,N,2,"4,494","0,000","0,000","0,000"
8249181,PAGOS CAMIYA,BUENOS AIRES,1,4.C,4,"4,267","0,000","0,000","5,000"
7449251,PAGOS CAMPANINI,SANTIAGO DEL ESTERO,1,5.D,6,"1,954","0,000","0,000","1,000"
11949760,PAGOS CANDY PARTY,NEUQUEN,1,3.B,4,"-0,052","-0,036","0,000","4,872"
9149139,PAGOS CARLA,BUENOS AIRES,1,N,2,"0,226","-0,184","0,000","-0,100"
6149574,PAGOS CASA MONTILLA,SAN JUAN,1,N,2,"4,339","0,000","0,000","0,000"
90049176,PAGOS CASANOVA,BUENOS AIRES,1,N,2,"0,000","0,000","0,000","0,000"
5249153,PAGOS CASSARINO I,BUENOS AIRES,1,5.D,6,"1,636","0,000","0,000","6,000"
5249149,PAGOS CASSARINO II,BUENOS AIRES,1,4.C,4,"1,070","0,000","0,000","7,692"
5249156,PAGOS CASSARINO III,BUENOS AIRES,1,5.D,6,"-0,008","0,000","0,000","0,981"
5249158,PAGOS CASSARINO IV,BUENOS AIRES,1,5.D,6,"-0,009","0,000","0,000","-0,015"
5249155,PAGOS CASSARINO IX,BUENOS AIRES,1,5.D,6,"0,963","0,000","0,000","2,000"
5249150,PAGOS CASSARINO V,BUENOS AIRES,1,5.D,6,"0,236","0,000","0,000","4,918"
5249159,PAGOS CASSARINO VI,BUENOS AIRES,1,4.C,4,"0,516","0,000","0,000","2,845"
5249152,PAGOS CASSARINO VII,BUENOS AIRES,1,5.D,6,"-0,002","0,000","0,000","0,000"
5249154,PAGOS CASSARINO VIII,BUENOS AIRES,1,5.D,6,"-0,008","0,000","0,000","-0,023"
5249151,PAGOS CASSARINO X,BUENOS AIRES,1,5.D,6,"0,000","0,000","0,000","0,000"
5249157,PAGOS CASSARINO XI,BUENOS AIRES,1,5.D,6,"-0,002","0,000","0,000","1,000"
5249148,PAGOS CASSARINO XII,BUENOS AIRES,1,5.D,6,"0,407","0,000","0,000","1,000"
5249169,PAGOS CASSARINO XIII,BUENOS AIRES,1,N,2,"0,000","0,000","0,000","0,000"
5249170,PAGOS CASSARINO XV,BUENOS AIRES,1,5.D,6,"0,000","0,000","0,000","0,000"
5249167,PAGOS CASSARINO XVI,BUENOS AIRES,1,5.D,6,"0,000","0,000","0,000","0,000"
12749391,PAGOS CASTRILLO,BUENOS AIRES,1,4.C,4,"1,840","0,000","0,000","2,786"
12649521,PAGOS CASURA,SAN LUIS,1,N,2,"1,589","0,000","0,000","0,000"
8249118,PAGOS CATA LUJAN,MENDOZA,1,N,2,"0,000","0,000","0,000","0,000"
11649391,PAGOS CELESTE,BUENOS AIRES,1,5.D,6,"0,699","0,000","0,000","1,000"
7949081,PAGOS CENTENARIO,CORRIENTES,1,2.A,3,"3,989","0,000","0,000","0,000"
10449026,PAGOS CENTENARIO,SAN LUIS,1,N,2,"5,622","0,720","0,000","4,000"
7849103,PAGOS CENTRO,BUENOS AIRES,1,5.D,6,"7,865","0,000","0,000","8,000"
12749125,PAGOS CERVANTES,RIO NEGRO,1,3.B,4,"2,435","1,630","0,000","2,402"
6149427,PAGOS CHACRAS DE CORIA,MENDOZA,1,3.B,4,"6,538","0,952","0,000","14,000"
12749102,PAGOS CHIAVASSA,ENTRE RIOS,1,1.VIP,2,"2,055","7,016","0,000","1,351"
10349322,PAGOS CHOS MALAL,NEUQUEN,1,4.C,4,"1,972","0,886","0,000","6,000"
12449624,PAGOS CHULA,CHACO,1,4.C,4,"-0,088","0,504","0,000","0,985"
6149613,PAGOS CHULA II,CHACO,1,4.C,4,"-0,021","0,000","0,000","1,000"
90049147,PAGOS CIPOLLETTI,RIO NEGRO,1,N,2,"3,486","0,332","0,000","0,000"
8149644,PAGOS CONCARAN,SAN LUIS,1,3.B,4,"2,606","-0,075","0,000","1,799"
7149138,PAGOS COSQUIN,CAPITAL FEDERAL,1,5.D,6,"0,000","0,000","0,000","0,000"
9149075,PAGOS CUENCA,CAPITAL FEDERAL,1,N,2,"0,511","0,000","0,000","0,000"
11649377,PAGOS CYBER SERVICIOS,SAN JUAN,1,4.C,4,"-0,164","0,480","0,000","5,000"
12749281,PAGOS D AMBROSIO,RIO NEGRO,1,N,2,"0,369","0,414","0,000","0,000"
11949927,PAGOS DANSI,BUENOS AIRES,1,N,2,"7,053","0,765","0,000","0,000"
12749273,PAGOS DARDO SILVA,FORMOSA,1,5.D,6,"0,078","0,500","0,000","0,000"
12749364,PAGOS DE VILLA LARCA,SAN LUIS,1,5.D,6,"2,183","0,614","0,000","1,000"
9749723,PAGOS DEL MITRE,SAN LUIS,1,4.C,4,"0,000","0,000","0,000","1,000"
6149438,PAGOS DISTRIBUIDORA LAS PIBAS,MENDOZA,1,1.VIP,2,"4,228","2,547","0,000","2,778"
6149400,PAGOS DON AGUSTIN,MENDOZA,1,1.VIP,2,"5,179","0,000","0,000","1,000"
6149454,PAGOS DR. MORENO,MENDOZA,1,N,2,"5,408","1,058","0,000","0,000"
12649730,PAGOS EL 55,BUENOS AIRES,1,5.D,6,"-0,167","0,000","0,000","-0,021"
12849447,PAGOS EL ALMENDRO,MENDOZA,1,3.B,4,"38,782","0,988","0,000","4,000"
11449136,PAGOS EL ARCO,MENDOZA,1,N,2,"2,132","0,500","0,000","0,000"
12849536,PAGOS EL CUERVO,BUENOS AIRES,1,N,2,"0,000","0,430","0,000","0,000"
6149513,PAGOS EL GANADOR,SAN JUAN,1,1.VIP,2,"3,737","-0,108","0,000","8,004"
10349112,PAGOS EL HOYO,CHUBUT,1,4.C,4,"0,000","0,000","0,000","2,000"
12849345,PAGOS EL MONTANES,MENDOZA,1,1.VIP,2,"0,829","0,000","0,000","3,000"
10349272,PAGOS EL PADRINO,TIERRA DEL FUEGO,1,4.C,4,"1,217","0,816","0,000","0,000"
12949542,PAGOS EL PAYADOR,BUENOS AIRES,1,2.A,3,"6,166","0,000","0,000","2,979"
12749343,PAGOS EL SEGURO,BUENOS AIRES,1,4.C,4,"-0,170","-0,166","0,000","2,920"
12449774,PAGOS ELIAS,FORMOSA,1,N,2,"2,727","0,897","0,000","0,000"
13049140,PAGOS ESMILCE,BUENOS AIRES,1,1.VIP,2,"1,965","0,000","0,000","1,998"
6149593,PAGOS EVELYN,BUENOS AIRES,1,5.D,6,"0,000","0,000","0,000","0,000"
11949902,PAGOS EZEIZA,BUENOS AIRES,1,1.VIP,2,"2,002","2,063","0,000","0,553"
6149561,PAGOS FANTASIA HERCULES,MENDOZA,1,N,2,"0,000","0,000","0,000","0,000"
6149543,PAGOS FEEECRA,SAN JUAN,1,N,2,"0,000","0,402","0,000","0,000"
7249095,PAGOS FORMOSA,FORMOSA,1,1.VIP,2,"5,485","5,000","0,000","2,578"
6649041,PAGOS FORTIN,FORMOSA,1,N,2,"0,000","0,000","0,000","0,000"
11949978,PAGOS GABRIELA MORALES,CHACO,1,4.C,4,"0,818","0,500","0,000","4,926"
12749346,PAGOS GALAN,BUENOS AIRES,1,N,2,"0,915","0,000","0,000","0,000"
12149065,PAGOS GAUDE,CORDOBA,1,4.C,4,"0,595","0,000","0,000","4,807"
12649425,PAGOS GENA,ENTRE RIOS,1,4.C,4,"1,742","0,500","0,000","3,000"
12649066,PAGOS GOI,CHACO,1,1.VIP,2,"2,256","0,645","0,000","3,644"
10349457,PAGOS GUEMES,BUENOS AIRES,1,N,2,"0,423","0,000","0,000","1,968"
6149552,PAGOS GUEVARA,SAN JUAN,1,3.B,4,"5,772","0,206","0,000","9,000"
12949389,PAGOS GUILLERMINA,CAPITAL FEDERAL,1,5.D,6,"3,973","0,000","0,000","3,000"
12449541,PAGOS HERNAN MAIDANA,CHACO,1,1.VIP,2,"0,718","0,900","0,000","2,000"
12849826,PAGOS HERNAN MAIDANA 2,CHACO,1,5.D,6,"1,623","0,000","0,000","4,000"
12749141,PAGOS HUERGO II,RIO NEGRO,1,4.C,4,"7,300","0,678","0,000","1,608"
6649083,PAGOS INAKI,SAN JUAN,1,N,2,"-0,228","-0,100","0,000","-0,143"
10349261,PAGOS ISAIAS 41.4,BUENOS AIRES,1,1.VIP,2,"7,563","3,364","0,000","3,569"
12749066,PAGOS J Y M,ENTRE RIOS,1,4.C,4,"0,335","0,000","0,000","1,726"
12849322,PAGOS JA,BUENOS AIRES,1,N,2,"1,740","0,976","0,000","0,000"
12849631,PAGOS JARDIN,SANTIAGO DEL ESTERO,1,2.A,3,"1,834","0,332","0,000","5,651"
6949773,PAGOS JIREH,MENDOZA,1,3.B,4,"35,704","-0,006","0,000","55,476"
11649386,PAGOS JONY,BUENOS AIRES,1,2.A,3,"2,037","0,000","0,000","3,000"
12949568,PAGOS JUSTA LIMA,BUENOS AIRES,1,5.D,6,"0,000","0,000","0,000","0,000"
6149559,PAGOS KAMARU,SAN JUAN,1,N,2,"2,426","0,786","0,000","0,000"
10049076,PAGOS KAYAM,LA RIOJA,1,4.C,4,"0,000","0,408","0,000","0,000"
5849019,PAGOS KAYAM II SHOPPING VIEJA,LA RIOJA,1,3.B,4,"1,202","0,386","0,000","4,000"
12849841,PAGOS KIOSCO EBAG,MENDOZA,1,3.B,4,"0,593","0,838","0,000","8,307"
12949398,PAGOS KIOSCO LA FAMILIA,CAPITAL FEDERAL,1,N,2,"0,000","0,000","0,000","0,000"
12849097,PAGOS KIOSCO SANTA BARBARA,MENDOZA,1,5.D,6,"1,411","0,492","0,000","0,000"
12149178,PAGOS KRYPTO,MENDOZA,1,4.C,4,"2,452","2,000","0,000","9,000"
8249125,PAGOS LA CABANA,SAN JUAN,1,N,2,"0,985","0,000","0,000","0,000"
9749369,PAGOS LA DORMIDA,MENDOZA,1,4.C,4,"1,691","0,998","0,000","2,000"
12849629,PAGOS LA JOROBA,SAN JUAN,1,N,2,"1,545","0,392","0,000","0,000"
6149721,PAGOS LA MUEBLERIA,MENDOZA,1,5.D,6,"-0,221","0,000","0,000","-0,114"
5749049,PAGOS LA PIZZERIA,MENDOZA,1,N,2,"0,690","0,428","0,000","0,000"
12849575,PAGOS LA PLAZA,MENDOZA,1,1.VIP,2,"10,859","4,834","0,000","9,166"
7449277,PAGOS LA TIENDA,MENDOZA,1,N,2,"-0,550","-0,010","0,000","-0,561"
12749345,PAGOS LACROZE,CAPITAL FEDERAL,1,1.VIP,2,"4,430","4,000","0,000","1,971"
6149488,PAGOS LAFF,MENDOZA,1,2.A,3,"3,685","-0,280","0,000","4,659"
13049581,PAGOS LANUS,BUENOS AIRES,1,N,2,"0,000","0,000","0,000","0,000"
90049075,PAGOS LAUTARO,BUENOS AIRES,1,1.VIP,2,"4,896","0,000","0,000","2,776"
11149100,PAGOS LAVALLE,JUJUY,1,5.D,6,"-0,229","0,000","0,000","-0,084"
12149229,PAGOS LIBERTAD,BUENOS AIRES,1,N,2,"0,000","0,000","0,000","0,000"
12949545,PAGOS LIBERTAD,JUJUY,1,4.C,4,"5,865","0,000","0,000","2,673"
12949661,PAGOS LINIERS,CAPITAL FEDERAL,1,N,2,"0,000","0,000","0,000","0,000"
12749505,PAGOS LORENA,BUENOS AIRES,1,5.D,6,"3,664","0,000","0,000","3,000"
12749400,PAGOS LOS BOULEVARES,CORDOBA,1,N,2,"1,848","0,000","0,000","0,000"
6149550,PAGOS LOS TRES PATITOS,SAN JUAN,1,N,2,"2,625","0,473","0,000","0,000"
13049706,PAGOS LS,BUENOS AIRES,1,5.D,6,"0,000","0,000","0,000","0,000"
13049823,PAGOS LS II,BUENOS AIRES,1,4.C,4,"7,459","-0,180","0,000","4,441"
13049701,PAGOS LUCAS,BUENOS AIRES,1,N,2,"0,000","0,000","0,000","0,000"
8749155,PAGOS LUCERO,MENDOZA,1,N,2,"0,743","0,390","0,000","0,000"
6249152,PAGOS MAINQUE,RIO NEGRO,1,4.C,4,"4,074","0,000","0,000","4,642"
12449682,PAGOS MAINQUE,RIO NEGRO,1,N,2,"10,119","1,916","0,000","0,000"
12949118,PAGOS MA-KAR,MENDOZA,1,N,2,"3,591","0,412","0,000","0,000"
9749639,PAGOS MALBEC,BUENOS AIRES,1,N,2,"3,082","0,492","0,000","0,000"
10349440,PAGOS MARANHATA,CAPITAL FEDERAL,1,3.B,4,"7,488","0,000","0,000","4,306"
13049754,PAGOS MARANHATA,CAPITAL FEDERAL,1,N,2,"5,593","-1,118","0,000","5,011"
11649382,PAGOS MARCE,BUENOS AIRES,1,2.A,3,"3,263","0,000","0,000","9,652"
13049507,PAGOS MARCE II,BUENOS AIRES,1,N,2,"4,231","0,000","0,000","4,549"
12649407,PAGOS MAR-LU,ENTRE RIOS,1,N,2,"0,038","1,390","0,000","0,000"
12849229,PAGOS MATTI LA TERMINAL,RIO NEGRO,1,2.A,3,"7,617","2,388","0,000","6,519"
12849338,PAGOS MAZA,MENDOZA,1,N,2,"0,637","0,500","0,000","0,000"
6149421,PAGOS MEGLIOLI,SAN JUAN,1,N,2,"2,498","0,000","0,000","0,000"
12149181,PAGOS METENKANIC II,SALTA,1,1.VIP,2,"3,598","1,486","0,000","12,797"
12949381,PAGOS MI ESPERANZA,CAPITAL FEDERAL,1,4.C,4,"3,353","0,000","0,000","3,982"
12949363,PAGOS MICHELLE,CAPITAL FEDERAL,1,4.C,4,"2,672","0,000","0,000","2,000"
12949541,PAGOS MIGUEL ANGEL,BUENOS AIRES,1,3.B,4,"1,926","0,000","0,000","2,336"
13049018,PAGOS MOLI,BUENOS AIRES,1,1.VIP,2,"6,278","0,016","0,000","3,083"
10349442,PAGOS MOLINA,MENDOZA,1,4.C,4,"1,792","0,000","0,000","9,248"
13049393,PAGOS MORENO,BUENOS AIRES,1,5.D,6,"0,000","0,000","0,000","0,000"
12449930,PAGOS NATEL,BUENOS AIRES,1,N,2,"1,499","0,000","0,000","0,000"
12749285,PAGOS NC I,BUENOS AIRES,1,N,2,"3,956","0,500","0,000","0,000"
12749284,PAGOS NC II,BUENOS AIRES,1,4.C,4,"3,407","2,000","0,000","8,000"
9749633,PAGOS NOE,BUENOS AIRES,1,3.B,4,"3,746","0,618","0,000","6,600"
12749652,PAGOS NORTE,BUENOS AIRES,1,N,2,"1,377","-0,214","0,000","1,499"
12449013,PAGOS OCIO 1,CORDOBA,1,1.VIP,2,"7,163","1,446","0,000","25,000"
6149525,PAGOS OLIVIA,SAN JUAN,1,3.B,4,"3,489","2,022","0,000","8,000"
10449068,PAGOS ONCE,NEUQUEN,1,5.D,6,"3,191","0,390","0,000","0,000"
12349060,PAGOS ONIRA,FORMOSA,1,N,2,"4,310","1,994","0,000","0,000"
8149972,PAGOS OP SEGUROS,SAN JUAN,1,4.C,4,"0,171","0,962","0,000","3,897"
6149578,PAGOS ORGANIZACION LOBILLO & ASOCIADOS,SAN JUAN,1,4.C,4,"1,756","0,000","0,000","2,893"
12649390,PAGOS PABLO CASTRO,MENDOZA,1,N,2,"10,417","0,500","0,000","0,000"
7149035,PAGOS PAEZ MARINA SOLEDAD,CORDOBA,1,N,2,"1,904","0,000","0,000","0,000"
13049148,PAGOS PALU,BUENOS AIRES,1,N,2,"0,000","0,000","0,000","0,000"
12849970,PAGOS PATRICIA,BUENOS AIRES,1,3.B,4,"2,924","0,000","0,000","4,557"
12949378,PAGOS PEATONAL BOULOGNE,BUENOS AIRES,1,1.VIP,2,"3,850","0,000","0,000","1,896"
13049613,PAGOS PEDERNERA,SAN LUIS,1,N,2,"4,410","0,000","0,000","4,000"
7149067,PAGOS PERITO,SANTA CRUZ,1,N,2,"0,000","0,000","0,000","0,000"
6149491,PAGOS PIE DE PALO,SAN JUAN,1,3.B,4,"-0,418","-0,088","0,000","5,758"
9749724,PAGOS PIPI S,MENDOZA,1,2.A,3,"2,640","0,000","0,000","2,314"
11949940,PAGOS POLIRUBRO EL TURQUITO,SAN JUAN,1,4.C,4,"-0,046","0,094","0,000","7,933"
6149588,PAGOS POR AMOR A MAITE,SAN JUAN,1,1.VIP,2,"4,833","0,000","0,000","2,662"
12849418,PAGOS POSAMAY,BUENOS AIRES,1,1.VIP,2,"11,882","8,686","0,000","4,184"
12849507,PAGOS POSAMAY II,BUENOS AIRES,1,1.VIP,2,"4,036","-2,179","0,000","1,985"
6149609,PAGOS POSAMAY III,BUENOS AIRES,1,1.VIP,2,"10,392","0,000","0,000","4,986"
6149705,PAGOS POSAMAY IV,BUENOS AIRES,1,5.D,6,"12,703","-0,552","0,000","8,380"
12749208,PAGOS PRES,BUENOS AIRES,1,N,2,"4,368","1,427","0,000","0,000"
12749425,PAGOS PRES II,BUENOS AIRES,1,N,2,"0,000","0,000","0,000","0,000"
12749250,PAGOS PRESTO,BUENOS AIRES,1,2.A,3,"6,323","1,000","0,000","3,785"
9849199,PAGOS PUNTO DE ENCUENTRO,MENDOZA,1,4.C,4,"2,001","0,000","0,000","1,990"
10349247,PAGOS PYL,MISIONES,1,1.VIP,2,"7,416","0,000","0,000","3,466"
12149163,PAGOS Q POLLO,SAN JUAN,1,N,2,"3,560","0,496","0,000","5,000"
9749685,PAGOS R&F,BUENOS AIRES,1,5.D,6,"0,878","0,000","0,000","1,000"
12949109,PAGOS RA,BUENOS AIRES,1,N,2,"1,193","0,818","0,000","0,000"
5849022,PAGOS RACO,TUCUMAN,1,5.D,6,"-0,136","0,000","0,000","4,909"
12749399,PAGOS RAFAEL NUNEZ,CORDOBA,1,N,2,"1,887","0,000","0,000","0,000"
13049324,PAGOS RAMOS,BUENOS AIRES,1,2.A,3,"7,319","0,000","0,000","2,000"
13049584,PAGOS RAMOS II,BUENOS AIRES,1,5.D,6,"14,604","0,000","0,000","14,000"
12449668,PAGOS RAWSON,SAN JUAN,1,N,2,"7,203","0,151","0,000","0,000"
8649098,PAGOS REGGIO PAN,MENDOZA,1,N,2,"3,710","0,000","0,000","0,000"
8749281,PAGOS RIOBAMBA,SAN LUIS,1,1.VIP,2,"5,237","0,000","0,000","8,000"
6149409,PAGOS RIVADAVIA,SAN JUAN,1,N,2,"0,000","0,000","0,000","0,000"
9749907,PAGOS RIVADAVIA,SAN LUIS,1,N,2,"0,640","-0,132","0,000","0,911"
10249497,PAGOS RIVADAVIA LA BANDA,SANTIAGO DEL ESTERO,1,1.VIP,2,"5,336","-0,046","0,000","2,803"
10349227,PAGOS RODRIGUEZ,BUENOS AIRES,1,N,2,"4,272","3,364","0,000","0,000"
10349345,PAGOS ROJAS,SAN LUIS,1,3.B,4,"6,572","0,000","0,000","8,922"
13049020,PAGOS ROMI,BUENOS AIRES,1,5.D,6,"0,000","0,000","0,000","0,000"
6149555,PAGOS SALTA,SAN JUAN,1,N,2,"0,894","0,000","0,000","0,000"
9749922,PAGOS SALTO,BUENOS AIRES,1,N,2,"-0,061","0,000","0,000","-0,017"
12049310,PAGOS SAN JERONIMO,CORDOBA,1,1.VIP,2,"4,465","2,000","0,000","2,265"
9749448,PAGOS SAN MARTIN,NEUQUEN,1,N,2,"0,000","0,000","0,000","0,000"
6149466,PAGOS SAN PABLO,MENDOZA,1,2.A,3,"3,804","1,772","0,000","7,571"
11949363,PAGOS SANOGASTA,LA RIOJA,1,2.A,3,"1,434","0,000","0,000","3,602"
12849409,PAGOS SANTA FE,BUENOS AIRES,1,N,2,"1,147","0,446","0,000","0,000"
12849493,PAGOS SANTA FE II,BUENOS AIRES,1,N,2,"3,247","0,500","0,000","0,000"
13049551,PAGOS SARANDI,BUENOS AIRES,1,N,2,"3,455","0,000","0,000","2,000"
8249186,PAGOS SDS,BUENOS AIRES,1,3.B,4,"2,243","0,000","0,000","5,000"
7149147,PAGOS SEGURO OCHOA,BUENOS AIRES,1,5.D,6,"-0,011","0,000","0,000","0,000"
12449997,PAGOS SENILLOSA,NEUQUEN,1,4.C,4,"1,649","0,534","0,000","3,000"
11949702,PAGOS SERGIO,BUENOS AIRES,1,2.A,3,"0,000","0,000","0,000","0,000"
11949729,PAGOS SERGIO,BUENOS AIRES,1,2.A,3,"6,738","6,374","0,000","10,000"
12849620,PAGOS SERGIO,BUENOS AIRES,1,N,2,"5,540","3,857","0,000","0,000"
11349047,PAGOS SERGIO IV,BUENOS AIRES,1,2.A,3,"2,917","0,000","0,000","4,000"
12849719,PAGOS SERGIO VI,BUENOS AIRES,1,2.A,3,"5,729","0,576","0,000","6,000"
12849965,PAGOS SERGIO VII,BUENOS AIRES,1,4.C,4,"0,000","0,000","0,000","4,000"
8749193,PAGOS SHAKINA,TIERRA DEL FUEGO,1,N,2,"8,380","0,796","0,000","0,000"
10349091,PAGOS SHOPPING,SAN LUIS,1,1.VIP,2,"0,967","1,761","0,000","1,000"
5849025,PAGOS SHOPPING SAN LUIS,SAN LUIS,1,1.VIP,2,"5,293","0,000","0,000","3,229"
12449543,PAGOS SIBILIN,CHACO,1,1.VIP,2,"1,407","0,000","0,000","2,808"
9749619,PAGOS SIBILIN II,CHACO,1,4.C,4,"0,876","0,490","0,000","0,000"
10349319,PAGOS SILVANA,BUENOS AIRES,1,2.A,3,"7,446","3,398","0,000","14,000"
12449761,PAGOS SMITH,BUENOS AIRES,1,4.C,4,"1,129","0,000","0,000","0,000"
10349195,PAGOS SOTO CUTRAL CO,NEUQUEN,1,4.C,4,"1,351","0,000","0,000","1,330"
12949257,PAGOS STELLA MARIS,BUENOS AIRES,1,2.A,3,"3,286","0,156","0,000","4,000"
10349451,PAGOS SUR,SANTA FE,1,4.C,4,"1,211","0,000","0,000","5,000"
7449248,PAGOS TAVERNITI ACCESO NORTE,TUCUMAN,1,4.C,4,"-0,185","0,000","0,000","0,825"
7449247,PAGOS TAVERNITI PERICO,JUJUY,1,5.D,6,"-0,200","0,000","0,000","4,928"
7449249,PAGOS TAVERNITI YERBA BUENA,TUCUMAN,1,5.D,6,"-0,199","0,000","0,000","3,834"
11949491,PAGOS TERESITA,CORRIENTES,1,N,2,"2,731","0,000","0,000","0,000"
9149110,PAGOS TINOGASTA,CAPITAL FEDERAL,1,3.B,4,"2,166","0,447","0,000","-0,588"
9849282,PAGOS TRITON,BUENOS AIRES,1,5.D,6,"5,475","0,000","0,000","-0,005"
5749041,PAGOS TUCUMAN,CAPITAL FEDERAL,1,N,2,"0,000","0,000","0,000","0,000"
7449170,PAGOS TUMLAND,FORMOSA,1,N,2,"1,573","0,000","0,000","0,000"
6149520,PAGOS UGARTECHE,MENDOZA,1,2.A,3,"7,701","-0,437","0,000","4,169"
6149422,PAGOS USPALLATA,MENDOZA,1,2.A,3,"5,541","5,314","0,000","0,000"
13049532,PAGOS VALDIVIA,BUENOS AIRES,1,N,2,"2,201","0,000","0,000","3,000"
12449607,PAGOS VALENTIN,FORMOSA,1,2.A,3,"1,890","1,050","0,000","1,892"
11949642,PAGOS VARGAS DIEGO,CHACO,1,5.D,6,"0,000","0,000","0,000","2,000"
7749014,PAGOS VELEZ SARFIELD,BUENOS AIRES,1,N,2,"0,687","0,528","0,000","0,000"
8049355,PAGOS VIAJANTES,MENDOZA,1,2.A,3,"2,363","1,860","0,000","16,977"
6149408,PAGOS VIDART,SAN JUAN,1,N,2,"0,000","0,000","0,000","0,000"
8149961,PAGOS VIEDMA,TIERRA DEL FUEGO,1,N,2,"3,700","1,743","0,000","0,000"
10349236,PAGOS VILLA REGINA,RIO NEGRO,1,N,2,"2,370","1,772","0,000","0,000"
12849555,PAGOS WAM,BUENOS AIRES,1,N,2,"3,483","0,590","0,000","0,000"
8949563,PAGOS WANDA,CHACO,1,N,2,"5,065","0,000","0,000","0,000"
12849544,PAGOS.COM DE FRAY M,CATAMARCA,1,N,2,"2,821","0,500","0,000","0,000"
9149129,PAGOS21,BUENOS AIRES,1,N,2,"0,000","0,000","0,000","0,000"
12849904,PAGOS21 II,BUENOS AIRES,1,N,2,"0,000","0,000","0,000","0,000"
6449315,PAGUE TODO,SANTA FE,1,N,2,"0,734","0,120","0,000","0,000"
8149839,PAGUE TODO II,SANTA FE,1,N,2,"0,184","0,000","0,000","0,000"
8149421,PAIS,ENTRE RIOS,1,4.C,4,"-0,076","0,000","0,000","4,874"
8249137,PAISAJES DEL NOROESTE,JUJUY,1,2.A,3,"3,017","0,446","0,000","4,000"
8149331,PAKTAR SRL SAN MIGUEL,BUENOS AIRES,1,N,2,"0,000","0,000","0,000","0,000"
11949435,PALIVILLE,SANTA FE,1,4.C,4,"-0,283","-0,096","0,000","3,841"
8249166,PALMIERI II,CORDOBA,1,4.C,4,"0,886","1,048","0,000","2,601"
7549833,PAMAIV,LA PAMPA,1,N,2,"0,886","0,000","0,000","0,000"
7849092,PAMELA GODOY SERVICIOS INMOBILIARIOS,NEUQUEN,1,4.C,4,"-0,229","2,488","0,000","1,926"
12849178,PAMPA PAGOS 2,CAPITAL FEDERAL,1,2.A,3,"3,293","6,062","0,000","0,000"
11649383,PAMPA ROJA,JUJUY,1,2.A,3,"1,412","0,000","0,000","8,864"
13049328,PAMPERO,SALTA,1,5.D,6,"-0,019","0,000","0,000","-0,004"
8649109,PANADERIA 25,SANTIAGO DEL ESTERO,1,N,2,"3,468","0,000","0,000","1,000"
8649113,PANADERIA AMANECER,CORDOBA,1,N,2,"3,323","0,500","0,000","0,000"
8649110,PANADERIA AMBAR,CORDOBA,1,N,2,"2,008","0,174","0,000","0,000"
8649107,PANADERIA ARAI,CORRIENTES,1,2.A,3,"7,614","0,000","0,000","1,879"
8649126,PANADERIA AURE,CORDOBA,1,5.D,6,"0,000","0,000","0,000","2,000"
8649108,PANADERIA CLAUDIA SUC II,SANTA FE,1,3.B,4,"0,094","0,874","0,000","5,812"
8649123,PANADERIA DELICIA ITATI,CHACO,1,5.D,6,"0,000","0,000","0,000","2,000"
8649111,PANADERIA EGUSENTIA,CORDOBA,1,N,2,"2,742","0,500","0,000","0,000"
8649128,PANADERIA LA BUENA PANA,CORDOBA,1,4.C,4,"0,000","0,000","0,000","0,000"
9749796,PANADERIA LORIMAR,MENDOZA,1,4.C,4,"2,082","0,370","0,000","3,718"
8649129,PANADERIA LOS 4 ASES,BUENOS AIRES,1,5.D,6,"5,124","0,000","0,000","6,000"
8649082,PANADERIA SAN NICOLAS I,TUCUMAN,1,1.VIP,2,"4,289","-0,270","0,000","5,042"
8649083,PANADERIA SAN NICOLAS II,TUCUMAN,1,4.C,4,"7,187","-0,016","0,000","14,943"
8649121,PANADERIA SAN NICOLAS III,TUCUMAN,1,4.C,4,"2,147","0,000","0,000","6,000"
8649072,PANADERIA STOIZIK,MENDOZA,1,N,2,"8,691","0,344","0,000","0,000"
8649104,PANADERIA TALITHA,ENTRE RIOS,1,2.A,3,"0,765","-0,391","0,000","1,912"
6249151,PANALERA BAN,BUENOS AIRES,1,N,2,"0,000","0,000","0,000","0,000"
6249163,PANALERA CAPRICHITOS,LA PAMPA,1,N,2,"-0,009","-0,016","0,000","-0,001"
9049073,PANALERA NORTE,CORDOBA,1,4.C,4,"2,892","0,000","0,000","4,000"
6249155,PANALERA PATITO,SAN JUAN,1,4.C,4,"2,454","0,000","0,000","5,880"
6249093,PANALERA TUTTY,BUENOS AIRES,1,2.A,3,"3,694","0,000","0,000","2,248"
12949650,PANALERA VALENTINA,BUENOS AIRES,1,N,2,"3,468","0,000","0,000","3,976"
8349037,PANALERA Y JUGUETERIA MILAGROS,MENDOZA,1,N,2,"3,563","0,000","0,000","2,990"
13049174,PANCHIKIOSKO,CAPITAL FEDERAL,1,4.C,4,"5,100","0,000","0,000","0,000"
8149959,PANCHO NACHO PAGOS,RIO NEGRO,1,N,2,"0,402","0,000","0,000","0,000"
12949122,PANCHO NACHO PAGOS II,RIO NEGRO,1,N,2,"2,672","0,492","0,000","0,000"
8649124,PANIFICADORA GUERIN,CORDOBA,1,4.C,4,"3,394","0,000","0,000","5,000"
13049143,PANPOX,JUJUY,1,N,2,"0,000","0,000","0,000","0,000"
12949637,PAPELERA GYE,JUJUY,1,N,2,"5,298","0,000","0,000","4,000"
6949945,PAPELERA LEANSHAK,JUJUY,1,N,2,"-0,035","-0,040","0,000","-0,019"
7349021,PAPELERA MAS,RIO NEGRO,1,5.D,6,"5,245","0,000","0,000","4,000"
6949870,PAPELERA PAPELITOS,BUENOS AIRES,1,4.C,4,"3,155","0,000","0,000","3,000"
9449017,PAPELERA SAN MARTIN,CORDOBA,1,1.VIP,2,"7,079","0,000","0,000","25,292"
6949119,PAPELERIA CENTRO I,CAPITAL FEDERAL,1,2.A,3,"4,869","0,000","0,000","2,256"
9749626,PAPELERIA LA ROCA,SAN LUIS,1,N,2,"1,167","0,500","0,000","0,000"
7549403,PAPELERIA PUNTO Y COMA,SAN LUIS,1,1.VIP,2,"2,795","-0,086","0,000","21,869"
12949206,PARA (IMPORTADORA),CORDOBA,1,3.B,4,"0,929","1,680","0,000","3,000"
10849065,PARABRISAS URUGUAY,MISIONES,1,N,2,"3,741","0,500","0,000","0,000"
13049635,PARADISE POINT,ENTRE RIOS,1,N,2,"1,474","0,000","0,000","1,000"
8749350,PARADOR CARNERILLO,CORDOBA,1,4.C,4,"2,326","0,000","0,000","1,973"
5249172,PARADOR LAS NACIONES SRL,CORDOBA,1,5.D,6,"-0,076","0,000","0,000","-0,007"
12149203,PARADOR MIL 2,SANTA FE,1,N,2,"0,000","0,000","0,000","1,000"
12149204,PARADOR MIL 3,SANTA FE,1,2.A,3,"9,500","0,000","0,000","5,000"
12849816,PARANA 214 (SOLO PEI),CAPITAL FEDERAL,1,N,2,"0,000","0,000","0,000","0,000"
10349192,PARDINI AUTOMOTORES,BUENOS AIRES,1,N,2,"0,000","0,000","0,000","0,000"
6949894,PARHIS,SANTA FE,1,N,2,"11,953","0,000","0,000","8,000"
13049418,PARKING 24,TUCUMAN,1,5.D,6,"4,787","0,000","0,000","3,000"
12849676,PARTENON CENTER,NEUQUEN,1,N,2,"0,952","0,000","0,000","0,000"
8149632,PAS KWIST JORGE,SANTA FE,1,4.C,4,"1,835","0,000","0,000","5,664"
8249132,PASAJE CENTRAL,CORDOBA,1,4.C,4,"-0,115","-0,022","0,000","1,945"
6949475,PASCAL,LA RIOJA,1,N,2,"0,000","0,376","0,000","0,000"
6949795,PASCHARTE,TUCUMAN,1,2.A,3,"3,895","1,726","0,000","1,708"
6949709,PASCHARTE,TUCUMAN,1,N,2,"0,000","0,000","0,000","0,000"
8049283,PASE LIBRE RIO PRIMERO,CORDOBA,1,N,2,"0,000","0,000","0,000","0,000"
8049282,PASE LIBRE VILLA DEL ROSARIO,CORDOBA,1,N,2,"0,000","0,000","0,000","0,000"
12849559,PASEO DEL ARTE,SALTA,1,N,2,"1,042","0,500","0,000","0,000"
8749169,PASEO RUTINI,MENDOZA,1,4.C,4,"3,664","0,672","0,000","9,000"
12949601,PASEO RUTINI,MENDOZA,1,5.D,6,"19,273","0,000","0,000","39,000"
9749425,PASO FIRME,CHACO,1,1.VIP,2,"1,756","0,000","0,000","3,000"
12849942,PATAGONIA DRUGSTORE,NEUQUEN,1,3.B,4,"1,988","1,974","0,000","0,509"
12749242,PATAGONIA SERVICIOS FINANCIEROS SA,RIO NEGRO,1,2.A,3,"2,497","1,000","0,000","7,229"
6049067,PATAGONIA SHOWROOM,RIO NEGRO,1,N,2,"1,864","0,038","0,000","0,000"
12949080,PATAS,CORDOBA,1,3.B,4,"-0,467","-0,076","0,000","6,730"
13049089,PATRIA CONGRESO,CAPITAL FEDERAL,1,4.C,4,"1,312","0,000","0,000","0,000"
8149912,PATRICIA FERNANDEZ,CHACO,1,1.VIP,2,"6,206","0,144","0,000","2,826"
12849168,PAUNERO NET,BUENOS AIRES,1,1.VIP,2,"4,818","3,391","0,000","2,927"
12849120,PAUSA DRUGSTORE,CORDOBA,1,5.D,6,"1,160","0,296","0,000","4,952"
13049801,PAY MIRAMAR,BUENOS AIRES,1,5.D,6,"-0,306","-0,234","0,000","-0,245"
12149184,PAZ INDUMENTARIA FAMILIAR,SALTA,1,3.B,4,"2,012","0,000","0,000","6,668"
12149183,PAZ INDUMENTARIA FAMILIAR II,SALTA,1,2.A,3,"2,222","0,000","0,000","3,661"
12949391,PAZ INDUMENTARIA FAMILIAR III,SALTA,1,2.A,3,"5,201","0,000","0,000","4,063"
6749210,PB FERRETERIA,BUENOS AIRES,1,N,2,"2,945","0,000","0,000","0,000"
11449174,PC DAD SOLUCIONES INFORMATICAS,MENDOZA,1,N,2,"2,377","0,000","0,000","1,936"
11449165,PC Y CELL SERVICE,BUENOS AIRES,1,5.D,6,"5,895","0,000","0,000","2,000"
8349030,PECHOCHO,TUCUMAN,1,2.A,3,"2,686","0,000","0,000","1,531"
10649032,PELUQUERIA IAN,CATAMARCA,1,4.C,4,"0,406","0,170","0,000","5,823"
12449054,PELUQUERIA SIMON VIP,CORDOBA,1,4.C,4,"-0,177","1,956","0,000","2,908"
12949684,PENA COIN,CAPITAL FEDERAL,1,N,2,"0,933","0,000","0,000","0,000"
12949041,PENA PAGOS,CAPITAL FEDERAL,1,2.A,3,"0,682","0,654","0,000","0,000"
9949011,PEPAC ENCOMIENDAS (SOLO PEI),CAPITAL FEDERAL,1,5.D,6,"0,268","0,000","0,000","0,000"
9049056,PEPE PAGO,CORDOBA,1,1.VIP,2,"2,818","-0,221","0,000","2,647"
12449304,PEPOS,CORDOBA,1,3.B,4,"2,730","0,000","0,000","5,925"
13049767,PEPOS II,CORDOBA,1,5.D,6,"1,591","0,000","0,000","-0,015"
13049788,PEPOS III CARRILOBO,CORDOBA,1,N,2,"-0,067","0,000","0,000","-0,004"
12949316,PER TUTTI,CORDOBA,1,N,2,"0,000","0,000","0,000","0,000"
8249168,PERAZZO VIAJES Y TURISMO,BUENOS AIRES,1,N,2,"1,866","1,138","0,000","0,000"
8149926,PEREZ ASOC CASEROS,BUENOS AIRES,1,5.D,6,"-0,109","0,000","0,000","0,950"
8149409,PEREZ ASOC CIUDADELA,BUENOS AIRES,1,5.D,6,"-0,092","0,000","0,000","0,963"
6249146,PERFUMERIA CONCEPCION,TUCUMAN,1,N,2,"5,010","0,000","0,000","7,000"
6249117,PERFUMERIA DONTORCUATO,BUENOS AIRES,1,N,2,"1,024","5,816","0,000","0,000"
11649390,PERFUMERIA ESCORPIO,BUENOS AIRES,1,3.B,4,"11,368","0,000","0,000","6,241"
6249095,PERFUMERIA LOS JAZMINES,BUENOS AIRES,1,N,2,"5,905","0,440","0,000","0,000"
8649022,PERFUMERIA NICO,BUENOS AIRES,1,1.VIP,2,"6,031","2,000","0,000","4,066"
13049797,PERGAMINO PAGOS,BUENOS AIRES,1,5.D,6,"0,000","0,000","0,000","0,000"
6249120,PERLA MARIA,JUJUY,1,N,2,"1,792","0,488","0,000","0,000"
11249024,PERREN RAWSON,CHUBUT,1,N,2,"1,000","0,000","0,000","0,000"
11249022,PERREN TRELEW PROSUR,CHUBUT,1,N,2,"3,226","0,500","0,000","0,000"
6349424,PERSONAL CENTRO,MISIONES,1,1.VIP,2,"2,743","0,000","0,000","2,143"
10049080,PERSONAL CENTRO 3,MISIONES,1,2.A,3,"2,018","-0,125","0,000","9,702"
6349448,PERSONAL CENTRO SAN IGNACIO,MISIONES,1,1.VIP,2,"2,294","-0,827","0,000","1,520"
8149829,PESCANDO SUENOS,SANTA FE,1,4.C,4,"1,526","0,000","0,000","3,000"
10949068,PET SHOP AMORES PERRUNOS,MENDOZA,1,N,2,"5,397","0,640","0,000","0,000"
10949063,PET SHOP KUHN,BUENOS AIRES,1,N,2,"3,529","0,484","0,000","0,000"
10949074,PET SHOP MANZA,BUENOS AIRES,1,5.D,6,"0,000","0,000","0,000","0,000"
10949075,PET SHOP MAZZA 2,BUENOS AIRES,1,5.D,6,"0,000","0,000","0,000","0,000"
12149198,PETICION CONCEDIDA,TUCUMAN,1,N,2,"30,387","0,000","0,000","0,000"
5249135,PETROCAR,CHACO,1,3.B,4,"1,155","0,000","0,000","-0,001"
13049622,PETS MIRAMAR,BUENOS AIRES,1,N,2,"0,000","0,000","0,000","0,000"
10949069,PETSHOP EL RUBI DE OSCAR,BUENOS AIRES,1,4.C,4,"-0,065","0,000","0,000","0,891"
13049247,PF 9 DE JULIO,CORDOBA,1,4.C,4,"7,407","0,000","0,000","-0,609"
5349548,PF AGUIRRE,CAPITAL FEDERAL,1,N,2,"1,729","0,000","0,000","0,000"
11949983,PF CALLAO,CAPITAL FEDERAL,1,N,2,"0,120","0,350","0,000","0,000"
12949063,PF COCO S,CAPITAL FEDERAL,1,N,2,"3,676","0,000","0,000","0,000"
8149458,PF CORONADO,BUENOS AIRES,1,N,2,"0,605","0,000","0,000","0,000"
8149574,PF GROUP 2,BUENOS AIRES,1,N,2,"0,827","0,000","0,000","0,000"
8149575,PF GROUP 3,BUENOS AIRES,1,N,2,"0,893","0,000","0,000","0,000"
8149576,PF GROUP 4,BUENOS AIRES,1,5.D,6,"-0,012","0,000","0,000","0,000"
8149577,PF GROUP 5,BUENOS AIRES,1,5.D,6,"-0,001","0,000","0,000","0,000"
8149578,PF GROUP 6,BUENOS AIRES,1,5.D,6,"-0,023","0,000","0,000","1,000"
8149735,PF GROUP 7,BUENOS AIRES,1,5.D,6,"-0,016","0,000","0,000","0,000"
12749561,PF LUCIA,CORDOBA,1,N,2,"0,758","0,000","0,000","1,967"
10049143,PF MONSECH,CORDOBA,1,N,2,"4,024","0,000","0,000","4,000"
12449986,PF NOGOYA,CAPITAL FEDERAL,1,N,2,"3,798","2,220","0,000","0,000"
12449857,PF PALOMAR II,BUENOS AIRES,1,3.B,4,"4,694","1,238","0,000","2,255"
12949159,PF PARK 2,CAPITAL FEDERAL,1,N,2,"1,160","0,000","0,000","0,000"
11949523,PF PULGARCITO,CORDOBA,1,5.D,6,"-0,005","0,000","0,000","0,984"
12649790,PF QUINIELA,CORDOBA,1,N,2,"-0,458","0,000","0,000","-0,264"
5149999,PHARMACO,CORDOBA,1,N,2,"0,000","0,000","0,000","0,000"
7049788,PHONE & FAX,BUENOS AIRES,1,2.A,3,"4,940","0,000","0,000","1,432"
11349066,PILAR MAS NATURAL,BUENOS AIRES,1,5.D,6,"11,725","0,000","0,000","8,000"
7449075,PILCHERIA CURIOSOS,CHACO,1,1.VIP,2,"1,176","-0,245","0,000","4,663"
7449268,PILCHERIA CURIOSOS 2,CHACO,1,N,2,"-0,029","0,000","0,000","-0,008"
11949631,PILCHERIA NANJO I,CORDOBA,1,4.C,4,"-0,169","0,000","0,000","0,801"
7449107,PILCHERIA STELLA MARYS,CORDOBA,1,3.B,4,"-0,312","-0,026","0,000","5,801"
12749649,PINACAMBIO,BUENOS AIRES,1,5.D,6,"-0,002","-0,010","0,000","0,000"
12449644,PINGUAY,SALTA,1,N,2,"0,000","0,000","0,000","0,000"
5449487,PINOLANDIA MUEBLES,MISIONES,1,1.VIP,2,"2,344","1,754","0,000","5,587"
5449595,PINTURERIA CHERA,FORMOSA,1,4.C,4,"4,839","0,000","0,000","2,000"
6749041,PINTURERIA EL PINTOR,BUENOS AIRES,1,4.C,4,"-0,242","0,000","0,000","0,000"
6749091,PINTURERIA ROCA I,TUCUMAN,1,2.A,3,"4,743","0,000","0,000","2,249"
7549632,PIOVANO COMUNICACIONES,CORDOBA,1,3.B,4,"0,895","0,000","0,000","5,849"
6349064,PIOVANO COMUNICACIONES SUNCHALES,SANTA FE,1,2.A,3,"2,582","0,422","0,000","1,277"
10049075,PIOVANO TECH,CORDOBA,1,N,2,"1,316","0,500","0,000","0,000"
13049644,PIPA SOLO PEI,SANTA CRUZ,1,5.D,6,"0,000","0,000","0,000","0,000"
10849075,PIRANE MOTOS,FORMOSA,1,4.C,4,"0,644","0,000","0,000","2,834"
12949031,PIRIKIKIMAX,CORDOBA,1,4.C,4,"3,127","-0,179","0,000","15,619"
11949994,PISANI,BUENOS AIRES,1,3.B,4,"4,670","2,000","0,000","4,000"
6349454,PIXEL,NEUQUEN,1,1.VIP,2,"5,174","0,188","0,000","6,990"
13049774,PIXEL POINT,TIERRA DEL FUEGO,1,5.D,6,"-0,119","-0,206","0,000","-0,104"
12849937,PK2 DE LAVALLE,SANTIAGO DEL ESTERO,1,2.A,3,"2,451","0,000","0,000","2,870"
12849938,PK2 DE SALTA,SANTIAGO DEL ESTERO,1,3.B,4,"2,380","0,000","0,000","4,000"
12849446,PK2 DEL CENTRO,SANTIAGO DEL ESTERO,1,2.A,3,"1,968","0,232","0,000","2,000"
12849071,PK2 DEL OESTE,SANTIAGO DEL ESTERO,1,2.A,3,"1,352","1,000","0,000","1,864"
5449560,PK2 HOGAR,SANTIAGO DEL ESTERO,1,1.VIP,2,"2,339","-0,182","0,000","1,813"
6149650,PLAN B,BUENOS AIRES,1,4.C,4,"5,224","0,000","0,000","2,957"
13049062,PLAN B,CORDOBA,1,N,2,"1,605","0,000","0,000","0,000"
12949562,PLASTI-CENTRO,CORDOBA,1,5.D,6,"-0,015","0,000","0,000","-0,032"
11249013,PLASTICOS SAN MIGUEL,MENDOZA,1,2.A,3,"2,635","2,000","0,000","1,000"
13049430,PLATAFORMA DALMI,CORDOBA,1,5.D,6,"-0,027","0,000","0,000","-0,011"
10149027,PLATINI FOTOGRAFIA,CORDOBA,1,5.D,6,"1,337","0,000","0,000","3,000"
9749739,PLAY AND LEARN,SANTA FE,1,N,2,"7,887","0,000","0,000","0,000"
12749258,PLAZA,ENTRE RIOS,1,1.VIP,2,"3,490","-0,197","0,000","3,868"
6949825,PLAZA CENTRO,FORMOSA,1,2.A,3,"1,476","0,000","0,000","1,850"
13049682,PLAZA CENTRO II,FORMOSA,1,N,2,"3,951","-0,145","0,000","3,931"
12949531,PLENO BELGRANO,CAPITAL FEDERAL,1,2.A,3,"3,883","0,000","0,000","6,725"
10249798,PLENO BELGRANO 2,CAPITAL FEDERAL,1,4.C,4,"2,000","2,000","0,000","0,000"
10849017,PM REPUESTOS,NEUQUEN,1,3.B,4,"2,415","1,328","0,000","3,334"
12749041,PM SEGUROS,MISIONES,1,N,2,"3,602","0,492","0,000","0,000"
8149940,POLANCO SEGUROS,BUENOS AIRES,1,4.C,4,"1,590","0,000","0,000","1,932"
12849951,POLIMARKET LURO,BUENOS AIRES,1,4.C,4,"1,670","0,000","0,000","0,000"
13049232,POLIRRUBRO 39,BUENOS AIRES,1,2.A,3,"3,809","0,000","0,000","2,527"
12949648,POLIRRUBRO ALEM,MENDOZA,1,N,2,"3,248","-0,006","0,000","3,921"
11949429,POLIRRUBRO ALGO DIFERENTE,BUENOS AIRES,1,2.A,3,"3,582","0,484","0,000","5,484"
13049359,POLIRRUBRO BUENA FORTUNA,SANTA FE,1,5.D,6,"-0,047","0,000","0,000","-0,017"
11949654,POLIRRUBRO CARLA,BUENOS AIRES,1,4.C,4,"-0,292","0,468","0,000","2,930"
12849946,POLIRRUBRO DEL SOL,TIERRA DEL FUEGO,1,5.D,6,"0,000","0,000","0,000","0,000"
13049472,POLIRRUBRO EDISON,BUENOS AIRES,1,N,2,"0,225","0,000","0,000","1,866"
12949590,POLIRRUBRO GAEMI,CORDOBA,1,N,2,"0,959","0,000","0,000","1,861"
13049404,POLIRRUBRO JESS,BUENOS AIRES,1,4.C,4,"2,776","0,000","0,000","8,746"
12949668,POLIRRUBRO JESUS,CORRIENTES,1,5.D,6,"-0,016","-0,010","0,000","-0,003"
12849933,POLIRRUBRO LA ESQUINA,BUENOS AIRES,1,4.C,4,"1,552","0,000","0,000","0,000"
12849498,POLIRRUBRO LA FER 2,BUENOS AIRES,1,2.A,3,"4,730","0,000","0,000","5,000"
13049315,POLIRRUBRO MATHEO,BUENOS AIRES,1,5.D,6,"5,272","0,000","0,000","2,000"
12949702,POLIRRUBRO NORMA (SOLO PEI),BUENOS AIRES,1,5.D,6,"-0,034","0,000","0,000","-0,052"
12949295,POLIRRUBRO OLAZABAL,CAPITAL FEDERAL,1,3.B,4,"3,742","0,000","0,000","7,505"
12949695,POLIRRUBRO OSCAR Y ROMINA,LA PAMPA,1,5.D,6,"-0,045","0,000","0,000","-0,110"
13049339,POLIRRUBRO SANTIAGO,CORDOBA,1,5.D,6,"0,000","0,000","0,000","0,000"
12849432,POLIRRUBROS CATY,LA PAMPA,1,N,2,"2,445","0,464","0,000","0,000"
11949970,POLIRRUBROS CHARLY,ENTRE RIOS,1,1.VIP,2,"2,654","-0,082","0,000","1,320"
13049435,POLIRRUBROS ESTRELLA,SANTA FE,1,5.D,6,"0,000","0,000","0,000","0,000"
9749618,POLIRUBRO 121,BUENOS AIRES,1,4.C,4,"-0,183","0,484","0,000","1,971"
11949387,POLIRUBRO 8 DE ENERO,CORRIENTES,1,4.C,4,"-0,063","0,000","0,000","1,979"
11649369,POLIRUBRO AH WEBEAR,BUENOS AIRES,1,3.B,4,"0,485","0,354","0,000","2,000"
12949298,POLIRUBRO ALBATROS,BUENOS AIRES,1,N,2,"4,204","0,000","0,000","0,000"
11949388,POLIRUBRO ANALIA,CAPITAL FEDERAL,1,3.B,4,"7,104","0,000","0,000","1,688"
12949422,POLIRUBRO ANDES,MENDOZA,1,5.D,6,"0,929","0,000","0,000","2,000"
12949055,POLIRUBRO ANDREA,BUENOS AIRES,1,1.VIP,2,"7,110","0,000","0,000","9,000"
12949696,POLIRUBRO ANGERIN,CORDOBA,1,N,2,"1,448","-0,034","0,000","-0,070"
11949461,POLIRUBRO ARA,BUENOS AIRES,1,1.VIP,2,"3,788","1,000","0,000","6,000"
12949043,POLIRUBRO ARIEL,CAPITAL FEDERAL,1,4.C,4,"6,502","0,440","0,000","8,000"
12949236,POLIRUBRO ARISTOTELES,CORDOBA,1,N,2,"0,000","0,000","0,000","0,000"
12849104,POLIRUBRO AYE,BUENOS AIRES,1,1.VIP,2,"3,727","4,000","0,000","3,000"
11949939,POLIRUBRO AYP,CAPITAL FEDERAL,1,N,2,"5,663","0,000","0,000","0,000"
11949059,POLIRUBRO BARBIE,ENTRE RIOS,1,4.C,4,"-0,335","0,090","0,000","1,797"
12949006,POLIRUBRO BEBA,BUENOS AIRES,1,N,2,"4,849","0,652","0,000","0,000"
12149263,POLIRUBRO BEBETO,LA PAMPA,1,5.D,6,"-0,017","0,000","0,000","-0,034"
12949104,POLIRUBRO CANDELA II,MENDOZA,1,2.A,3,"4,544","2,780","0,000","5,210"
12949699,POLIRUBRO CARMELA,BUENOS AIRES,1,5.D,6,"-0,012","0,000","0,000","-0,007"
12949155,POLIRUBRO CAROLINA,CAPITAL FEDERAL,1,4.C,4,"2,833","0,031","0,000","1,000"
12949056,POLIRUBRO CASA COQUI II,CORDOBA,1,3.B,4,"0,521","0,102","0,000","0,000"
12949522,POLIRUBRO CASA COQUI III,CORDOBA,1,3.B,4,"9,619","0,000","0,000","3,258"
7049303,POLIRUBRO CHAVY,BUENOS AIRES,1,4.C,4,"4,547","-0,158","0,000","2,769"
7549190,POLIRUBRO CHIMANGO,BUENOS AIRES,1,1.VIP,2,"6,938","5,538","0,000","4,624"
7049677,POLIRUBRO CHINCHU S,ENTRE RIOS,1,N,2,"2,274","0,000","0,000","0,000"
12949347,POLIRUBRO CLEMENTE,BUENOS AIRES,1,5.D,6,"0,000","0,000","0,000","0,000"
12849449,POLIRUBRO CLICK II,RIO NEGRO,1,3.B,4,"3,341","1,858","0,000","0,287"
12949620,POLIRUBRO COLEGIALES,FORMOSA,1,N,2,"-0,100","0,000","0,000","-0,042"
12949072,POLIRUBRO DE LA TORRE,CAPITAL FEDERAL,1,2.A,3,"5,984","-0,672","0,000","3,754"
7549652,POLIRUBRO DE PASO,SAN LUIS,1,2.A,3,"2,852","-0,039","0,000","1,337"
9749942,POLIRUBRO DEL ALTO (SOLO PEI),NEUQUEN,1,N,2,"-0,002","0,000","0,000","-0,001"
12949481,POLIRUBRO DEL PARQUE,BUENOS AIRES,1,4.C,4,"0,276","0,000","0,000","13,000"
11949906,POLIRUBRO DIA Y NOCHE,BUENOS AIRES,1,4.C,4,"1,322","0,242","0,000","4,000"
12849001,POLIRUBRO DIEMAR,BUENOS AIRES,1,5.D,6,"0,106","0,000","0,000","0,000"
11949033,POLIRUBRO DONA ROSA,SANTA FE,1,3.B,4,"-0,247","-0,010","0,000","0,503"
11949786,POLIRUBRO DRUGSTORE,TUCUMAN,1,N,2,"2,794","0,438","0,000","0,000"
12949234,POLIRUBRO E&F,FORMOSA,1,4.C,4,"0,000","0,832","0,000","4,000"
11949954,POLIRUBRO EKEKO,CORDOBA,1,2.A,3,"2,558","0,000","0,000","1,452"
11949569,POLIRUBRO EL ALBA,BUENOS AIRES,1,N,2,"0,000","0,000","0,000","0,000"
7049418,POLIRUBRO EL BOCHA,CAPITAL FEDERAL,1,N,2,"2,618","0,900","0,000","0,000"
9749604,POLIRUBRO EL TREBOL,BUENOS AIRES,1,N,2,"4,860","0,500","0,000","0,000"
11949195,POLIRUBRO ELIHUEN,RIO NEGRO,1,4.C,4,"-0,295","0,000","0,000","1,672"
7349025,POLIRUBRO EMANUEL,RIO NEGRO,1,5.D,6,"-0,074","-0,058","0,000","-0,065"
11949900,POLIRUBRO EMOJI,CAPITAL FEDERAL,1,N,2,"1,174","0,988","0,000","0,000"
7949056,POLIRUBRO ESI,BUENOS AIRES,1,N,2,"0,643","0,000","0,000","0,000"
12949617,POLIRUBRO ESTE,MENDOZA,1,N,2,"1,051","0,000","0,000","3,669"
7549047,POLIRUBRO FELISA,BUENOS AIRES,1,N,2,"0,201","0,000","0,000","0,000"
12449277,POLIRUBRO FELISA 2,BUENOS AIRES,1,N,2,"2,527","0,000","0,000","0,000"
11949975,POLIRUBRO FERNANDO,CAPITAL FEDERAL,1,N,2,"2,157","3,088","0,000","0,000"
11949611,POLIRUBRO FORTALEZA,BUENOS AIRES,1,4.C,4,"-0,489","0,000","0,000","3,520"
13049356,POLIRUBRO G Y G,BUENOS AIRES,1,5.D,6,"0,000","0,000","0,000","0,000"
13049808,POLIRUBRO GAEMI 2,BUENOS AIRES,1,5.D,6,"-0,084","0,000","0,000","-0,030"
11949750,POLIRUBRO GOYO-GOYO,BUENOS AIRES,1,N,2,"0,000","0,000","0,000","0,000"
11949197,POLIRUBRO HERMES,BUENOS AIRES,1,2.A,3,"2,288","-0,034","0,000","6,248"
12949312,POLIRUBRO IBARROLA,CAPITAL FEDERAL,1,5.D,6,"1,824","0,000","0,000","2,000"
7549569,POLIRUBRO INTEGRAL BELGRANO,BUENOS AIRES,1,1.VIP,2,"6,668","0,652","0,000","3,207"
9649008,POLIRUBRO JAQUI,CAPITAL FEDERAL,1,N,2,"3,741","0,000","0,000","0,000"
11949959,POLIRUBRO JOTA,BUENOS AIRES,1,1.VIP,2,"6,141","1,212","0,000","5,755"
12949619,POLIRUBRO JUAN,BUENOS AIRES,1,N,2,"-0,014","0,000","0,000","0,000"
12949227,POLIRUBRO JUANA,FORMOSA,1,2.A,3,"1,315","0,000","0,000","3,000"
12949314,POLIRUBRO JYJ,BUENOS AIRES,1,N,2,"0,521","0,000","0,000","0,000"
7049363,POLIRUBRO KED,BUENOS AIRES,1,N,2,"0,000","0,000","0,000","1,000"
7049319,POLIRUBRO LA AVENIDA,BUENOS AIRES,1,1.VIP,2,"2,816","1,000","0,000","3,002"
12949754,POLIRUBRO LA DONOSA,CORDOBA,1,5.D,6,"-0,119","-0,020","0,000","-0,009"
11949248,POLIRUBRO LA ERA DEL MAR,BUENOS AIRES,1,1.VIP,2,"10,010","2,062","0,000","24,485"
13049574,POLIRUBRO LA POSTAL,BUENOS AIRES,1,N,2,"0,892","0,000","0,000","2,000"
9749378,POLIRUBRO LA UO,LA PAMPA,1,3.B,4,"1,195","0,000","0,000","5,000"
7549793,POLIRUBRO LAS CHICAS,BUENOS AIRES,1,2.A,3,"3,925","0,000","0,000","9,000"
11949756,POLIRUBRO LAS HERMANAS,BUENOS AIRES,1,2.A,3,"3,990","0,000","0,000","2,262"
11949804,POLIRUBRO LAS MARIAS,BUENOS AIRES,1,2.A,3,"2,361","0,000","0,000","5,752"
7549618,POLIRUBRO LAS TEJAS,ENTRE RIOS,1,N,2,"0,508","0,000","0,000","0,000"
11949287,POLIRUBRO LAURA,CORRIENTES,1,1.VIP,2,"3,319","-0,016","0,000","2,896"
9749583,POLIRUBRO LAURA 2,CORRIENTES,1,5.D,6,"0,454","0,500","0,000","0,987"
12949117,POLIRUBRO LEAMAR,CHUBUT,1,N,2,"2,112","0,422","0,000","0,000"
12049725,POLIRUBRO LIHUEN,RIO NEGRO,1,4.C,4,"-0,129","0,000","0,000","0,886"
12949614,POLIRUBRO LIMA LIMON,BUENOS AIRES,1,5.D,6,"2,175","0,000","0,000","3,879"
12949113,POLIRUBRO LINDA & HEICK,MENDOZA,1,2.A,3,"6,070","0,294","0,000","9,000"
12949618,POLIRUBRO LINDA & HEICK,MENDOZA,1,5.D,6,"9,313","0,000","0,000","42,160"
11949478,POLIRUBRO LO DE PAVON,BUENOS AIRES,1,2.A,3,"1,922","0,000","0,000","1,912"
12949052,POLIRUBRO LOPE DE VEGA,CAPITAL FEDERAL,1,4.C,4,"3,091","0,426","0,000","2,376"
11949632,POLIRUBRO LOS ABUELOS,BUENOS AIRES,1,4.C,4,"3,058","0,752","0,000","9,938"
12449055,POLIRUBRO LOS ESTEBAN,CORDOBA,1,5.D,6,"-0,115","0,000","0,000","4,931"
11949914,POLIRUBRO LOS RODRIGUEZ,BUENOS AIRES,1,3.B,4,"1,043","1,000","0,000","1,000"
13049030,POLIRUBRO MALIBU,BUENOS AIRES,1,N,2,"0,000","0,000","0,000","0,000"
12049887,POLIRUBRO MALVINAS ARGENTINAS,BUENOS AIRES,1,1.VIP,2,"1,847","1,448","0,000","3,545"
12849918,POLIRUBRO MAMANIA,SALTA,1,N,2,"0,000","0,000","0,000","0,000"
11949619,POLIRUBRO MARCELO,MISIONES,1,5.D,6,"0,000","0,000","0,000","0,000"
11949666,POLIRUBRO MARES,CORRIENTES,1,2.A,3,"0,527","0,000","0,000","3,000"
12949689,POLIRUBRO MARTY,SANTIAGO DEL ESTERO,1,5.D,6,"-0,111","-0,006","0,000","-0,026"
7549956,POLIRUBRO MATIAS,BUENOS AIRES,1,2.A,3,"0,645","0,000","0,000","1,000"
11949695,POLIRUBRO MATTI,RIO NEGRO,1,4.C,4,"8,249","0,000","0,000","7,666"
7549770,POLIRUBRO MATU,BUENOS AIRES,1,1.VIP,2,"3,362","5,000","0,000","1,824"
12149265,POLIRUBRO MIGUELITO,LA PAMPA,1,N,2,"5,209","0,000","0,000","3,838"
12949005,POLIRUBRO MONICA,BUENOS AIRES,1,2.A,3,"1,521","0,615","0,000","1,747"
7049300,POLIRUBRO NOVEDADES ROSARIO,JUJUY,1,1.VIP,2,"5,173","0,915","0,000","2,187"
7049283,POLIRUBRO OLIVOS,BUENOS AIRES,1,1.VIP,2,"5,688","2,110","0,000","4,816"
11949630,POLIRUBRO ORANGE I,CORDOBA,1,3.B,4,"0,866","0,000","0,000","13,610"
11949509,POLIRUBRO OSKI,BUENOS AIRES,1,4.C,4,"3,513","0,184","0,000","12,000"
7049601,POLIRUBRO OXIGENO INDUMENTARIA,SANTA FE,1,1.VIP,2,"2,590","-0,254","0,000","2,015"
7549366,POLIRUBRO PASE Y VEA,BUENOS AIRES,1,1.VIP,2,"7,726","2,035","0,000","4,331"
12949270,POLIRUBRO PATAGONES,BUENOS AIRES,1,3.B,4,"2,363","0,000","0,000","-0,746"
11949495,POLIRUBRO PATO LUCAS,BUENOS AIRES,1,2.A,3,"5,776","0,046","0,000","5,642"
12149057,POLIRUBRO PLAZA,BUENOS AIRES,1,4.C,4,"0,180","0,000","0,000","2,000"
13049760,POLIRUBRO PLAZA CRS,BUENOS AIRES,1,N,2,"5,573","0,000","0,000","3,963"
7049383,POLIRUBRO POTENZONI,CAPITAL FEDERAL,1,1.VIP,2,"5,839","1,083","0,000","2,718"
6949728,POLIRUBRO PRINGLES,CHACO,1,2.A,3,"1,145","0,500","0,000","3,812"
12949123,POLIRUBRO QUEQUEN CITY,BUENOS AIRES,1,2.A,3,"4,560","0,138","0,000","2,293"
11949570,POLIRUBRO R & D,BUENOS AIRES,1,2.A,3,"2,000","0,000","0,000","3,000"
11949521,POLIRUBRO RANA,BUENOS AIRES,1,5.D,6,"2,475","0,000","0,000","6,972"
11949295,POLIRUBRO RAYITO DE SOL,BUENOS AIRES,1,2.A,3,"1,387","3,998","0,000","5,891"
11949152,POLIRUBRO RIOS,CATAMARCA,1,2.A,3,"1,495","0,000","0,000","4,613"
12849900,POLIRUBRO SAENZ CRS,CAPITAL FEDERAL,1,N,2,"29,235","0,000","0,000","0,000"
12949458,POLIRUBRO SAN MARTIN,CORDOBA,1,2.A,3,"4,289","0,908","0,000","7,462"
9749676,POLIRUBRO SANTA RITA,SAN LUIS,1,N,2,"3,319","0,500","0,000","0,000"
11949779,POLIRUBRO SARMIENTO,BUENOS AIRES,1,1.VIP,2,"6,225","2,000","0,000","3,549"
7549954,POLIRUBRO SELVA,BUENOS AIRES,1,N,2,"0,000","0,000","0,000","0,000"
11949935,"POLIRUBRO SI, MA EL GALPON",BUENOS AIRES,1,4.C,4,"1,039","0,400","0,000","1,000"
12049229,POLIRUBRO SILVI,BUENOS AIRES,1,N,2,"2,319","0,000","0,000","0,000"
11949819,POLIRUBRO SIMON VIP,CORDOBA,1,3.B,4,"4,774","1,706","0,000","5,569"
12949233,POLIRUBRO SIMON VIP 3,CORDOBA,1,2.A,3,"3,967","0,980","0,000","1,487"
11949817,POLIRUBRO SOFY-ONE,BUENOS AIRES,1,N,2,"1,135","0,000","0,000","0,000"
9749250,POLIRUBRO SUPER 24,BUENOS AIRES,1,1.VIP,2,"7,789","0,000","0,000","7,691"
12949498,POLIRUBRO TATY,SALTA,1,5.D,6,"-0,183","0,000","0,000","-0,020"
11949601,POLIRUBRO TODO MACS,BUENOS AIRES,1,4.C,4,"1,099","0,599","0,000","2,000"
12949682,POLIRUBRO TUTTI SUELTO,CORDOBA,1,N,2,"-0,077","0,000","0,000","0,938"
7549773,POLIRUBRO V Y L,CORDOBA,1,1.VIP,2,"2,629","1,575","0,000","2,070"
7249117,POLIRUBRO VILLEGAS,CORDOBA,1,4.C,4,"-0,025","0,000","0,000","2,886"
7549559,POLIRUBRO Y REGALERIA MARTINA,BUENOS AIRES,1,1.VIP,2,"9,141","-0,318","0,000","3,493"
11949514,POLIRUBRO YANI,BUENOS AIRES,1,1.VIP,2,"3,616","3,000","0,000","1,605"
9749798,POLIRUBRO YRIGOYEN,CHACO,1,5.D,6,"0,000","0,000","0,000","0,000"
12949428,POLIRUBRO YURY,SANTIAGO DEL ESTERO,1,4.C,4,"1,108","0,000","0,000","2,000"
12949382,POLIRUBROS 360,BUENOS AIRES,1,4.C,4,"1,591","0,000","0,000","5,804"
7549920,POLIRUBROS FALCON,FORMOSA,1,1.VIP,2,"2,118","0,000","0,000","1,268"
7549803,POLIRUBROS K Y M,MISIONES,1,3.B,4,"-0,363","-0,018","0,000","2,842"
11449063,POLITO SISTEMAS,RIO NEGRO,1,1.VIP,2,"4,080","3,190","0,000","2,167"
6649042,POLLERIA BRISAS,SANTA FE,1,4.C,4,"0,000","0,000","0,000","2,000"
9749741,POLLERIA EL GALLO CLAUDIO,RIO NEGRO,1,4.C,4,"-0,438","0,000","0,000","4,856"
6649067,POLLERIA EMA,SALTA,1,3.B,4,"-0,272","0,000","0,000","2,938"
6649081,POLLERIA FITO,CORDOBA,1,N,2,"-0,017","0,000","0,000","-0,001"
6649077,POLLERIA LA TURCA,SALTA,1,N,2,"0,312","0,000","0,000","1,758"
10449042,POLLERIA MAGDA,CORDOBA,1,5.D,6,"-0,099","0,000","0,000","0,925"
9749269,POLLERIA MILAGROS,CATAMARCA,1,4.C,4,"1,809","1,802","0,000","1,815"
5749063,POLLERIA SALVADORES,CORDOBA,1,N,2,"0,000","0,000","0,000","0,000"
12149283,POLLERIA SAN MIGUEL,ENTRE RIOS,1,N,2,"-0,038","0,000","0,000","0,000"
8149446,POLOLO SEGUROS 2,MISIONES,1,3.B,4,"1,314","0,000","0,000","1,908"
10349445,POR FIN,BUENOS AIRES,1,4.C,4,"2,959","0,000","0,000","3,897"
12849015,PORRON,MENDOZA,1,1.VIP,2,"3,609","3,082","0,000","2,955"
12849892,PORRON II,MENDOZA,1,4.C,4,"-0,382","0,000","0,000","3,795"
9504000,PORTHABLE CASA CENTRAL,BUENOS AIRES,1,N,2,"0,000","0,000","0,000","0,000"
8249222,POSADAS LAS LENGAS,SANTA CRUZ,1,N,2,"0,335","0,000","0,000","2,000"
9449042,POWERPLOTT GRAFICA,BUENOS AIRES,1,N,2,"0,020","0,290","0,000","0,000"
8049417,POZITIVA,BUENOS AIRES,1,5.D,6,"0,327","1,684","0,000","1,000"
12949281,PQN,LA RIOJA,1,4.C,4,"1,039","0,000","0,000","4,000"
9849300,PRACTICO,MENDOZA,1,N,2,"1,758","0,000","0,000","2,000"
11649400,PRENDAMASS MADERO,BUENOS AIRES,1,N,2,"-0,353","-1,562","0,000","-0,125"
6149649,PRENDAMASS SRL,BUENOS AIRES,1,2.A,3,"8,517","0,000","0,000","4,495"
11349069,PRENDAMASS SRL CASEROS,CAPITAL FEDERAL,1,2.A,3,"6,203","0,000","0,000","2,914"
10649014,PRESENCE,MENDOZA,1,2.A,3,"2,924","-0,199","0,000","3,190"
12749571,PRESTAMOS SAN JORGE,BUENOS AIRES,1,5.D,6,"-0,194","0,000","0,000","0,000"
12949377,PREVENIR,CHACO,1,N,2,"5,483","0,000","0,000","0,000"
10049106,PRICER.COM,CORDOBA,1,3.B,4,"3,396","0,000","0,000","4,566"
12849899,PRO STORE,BUENOS AIRES,1,N,2,"2,656","0,000","0,000","0,000"
8149570,PRODUCTOR ASESOR DE SEGUROS,SANTA FE,1,N,2,"0,098","0,848","0,000","0,000"
8149369,PRODUCTOR CABANA,CHACO,1,N,2,"4,200","0,624","0,000","0,000"
8149651,PRODUCTORA ASESORA DE SEGUROS PIAGENTINI,SANTA FE,1,5.D,6,"-0,044","0,000","0,000","1,000"
12849852,PROMOJUY,JUJUY,1,2.A,3,"3,184","0,000","0,000","0,000"
13589,PRONTO PAGO - CENTRO DE SERV. RIVADAVIA,BUENOS AIRES,1,4.C,4,"0,665","0,000","0,000","0,000"
18122,PRONTO PAGO - CENTRO DE SERVICIOS 9 DE JULIO,BUENOS AIRES,1,3.B,4,"-0,199","0,000","0,000","0,000"
19279,PRONTO PAGO - CENTRO DE SERVICIOS AYACUCHO,BUENOS AIRES,1,3.B,4,"0,605","2,855","0,000","0,000"
13600,PRONTO PAGO - CENTRO DE SERVICIOS BDO DE IRIGOYEN,BUENOS AIRES,1,2.A,3,"0,501","1,000","0,000","0,000"
18116,PRONTO PAGO - CENTRO DE SERVICIOS BRAGADO,BUENOS AIRES,1,4.C,4,"2,000","0,000","0,000","0,000"
13590,PRONTO PAGO - CENTRO DE SERVICIOS CONFORCOOP,BUENOS AIRES,1,1.VIP,2,"3,019","1,178","0,000","0,000"
13594,PRONTO PAGO - CENTRO DE SERVICIOS ESTACION PUMA,BUENOS AIRES,1,4.C,4,"-0,056","0,000","0,000","0,000"
18119,PRONTO PAGO - CENTRO DE SERVICIOS MERCEDES,BUENOS AIRES,1,3.B,4,"5,852","0,000","0,000","0,000"
19100,PRONTO PAGO - CENTRO DE SERVICIOS OLAVARRIA,BUENOS AIRES,1,4.C,4,"0,987","0,000","0,000","0,000"
18128,PRONTO PAGO - CENTRO DE SERVICIOS RAMALLO,BUENOS AIRES,1,5.D,6,"3,936","0,000","0,000","0,000"
18124,PRONTO PAGO - CENTRO DE SERVICIOS ROJAS,BUENOS AIRES,1,4.C,4,"1,602","0,000","0,000","0,000"
13595,PRONTO PAGO - CENTRO DE SERVICIOS SAAVEDRA,BUENOS AIRES,1,1.VIP,2,"-0,132","0,000","0,000","0,000"
18118,PRONTO PAGO - CENTRO DE SERVICIOS TANDIL,BUENOS AIRES,1,5.D,6,"0,000","0,000","0,000","0,000"
19101,PRONTO PAGO - CENTRO DE SERVICIOS VENADO TUERTO,SANTA FE,1,N,2,"0,000","0,000","0,000","0,000"
13592,PRONTO PAGO - CENTRO DE SERVICIOS VILLA BELGRANO,BUENOS AIRES,1,4.C,4,"5,617","0,000","0,000","0,000"
18121,PRONTO PAGO - CLUB 9 DE JULIO,BUENOS AIRES,1,4.C,4,"1,054","0,000","0,000","0,000"
18123,PRONTO PAGO - CLUB MORENO,BUENOS AIRES,1,4.C,4,"1,261","0,000","0,000","0,000"
13596,PRONTO PAGO - DISTRIMAS ,BUENOS AIRES,1,N,2,"0,000","0,000","0,000","0,000"
22044,PRONTO PAGO - ESCOBAR,BUENOS AIRES,1,N,2,"0,000","0,000","0,000","0,000"
13591,PRONTO PAGO - MUN. PERGAMINO - INS. GENERAL,BUENOS AIRES,1,N,2,"0,000","0,000","0,000","0,000"
18117,PRONTO PAGO - NIHAO,BUENOS AIRES,1,N,2,"0,000","0,000","0,000","0,000"
13601,PRONTO PAGO - SUPER BENITO DE MIGUEL,BUENOS AIRES,1,4.C,4,"2,662","0,000","0,000","0,000"
8037000,PRONTO PAGO (COMUNICACION),BUENOS AIRES,1,N,2,"0,000","0,000","0,000","0,000"
8037001,PRONTO PAGO BILLETERA (001),BUENOS AIRES,1,N,2,"1,000","0,000","0,000","0,000"
21549,PRONTO PAGO CENTRO DE SERV SAN NICOLAS,BUENOS AIRES,1,5.D,6,"0,000","0,000","0,000","0,000"
21547,PRONTO PAGO CENTRO DE SERVICOS ROJAS,BUENOS AIRES,1,5.D,6,"1,774","0,000","0,000","0,000"
21546,PRONTO PAGO CENTRO YANQUELEN,BUENOS AIRES,1,5.D,6,"0,825","0,000","0,000","0,000"
21970,PRONTO PAGO CHIVILCOY CAMARA,BUENOS AIRES,1,5.D,6,"0,000","-0,016","0,000","0,000"
20448,PRONTO PAGO CTRO DE SERVICIO REPUBLICA,BUENOS AIRES,1,5.D,6,"1,619","0,000","0,000","0,000"
23296,PRONTO PAGO PLUS - CASILDA PAGO,SANTA FE,1,4.C,4,"6,000","-0,146","0,000","4,000"
19827,PRONTO PAGO PLUS - CIUDAD DEL ENCUENTRO,BUENOS AIRES,1,1.VIP,2,"1,713","3,000","0,000","0,000"
19823,PRONTO PAGO PLUS - OBLIGADO,BUENOS AIRES,1,4.C,4,"1,591","0,542","0,000","0,000"
19826,PRONTO PAGO PLUS VINALES,BUENOS AIRES,1,4.C,4,"0,000","0,000","0,000","0,000"
6349485,PRO-RED,SAN LUIS,1,N,2,"1,481","0,496","0,000","0,000"
11149067,PROTECCION GROUP,FORMOSA,1,5.D,6,"0,787","0,000","0,000","0,000"
8149653,PROTEGER SEGUROS GENERALES,ENTRE RIOS,1,4.C,4,"1,864","0,000","0,000","1,791"
11849423,PROTEGER SHOP,BUENOS AIRES,1,5.D,6,"-0,033","0,000","0,000","0,000"
5349601,PROVEEDURIAS LA CARLOTA (SOLO PEI),BUENOS AIRES,1,5.D,6,"0,000","0,000","0,000","0,000"
6949683,PROYECTO DOS,SANTA FE,1,4.C,4,"0,000","0,000","0,000","2,000"
8349016,PROYECTO UNO,SANTA FE,1,3.B,4,"3,312","0,226","0,000","11,000"
5449453,PUCARA MUEBLES HOGAR,CATAMARCA,1,4.C,4,"0,809","0,000","0,000","4,811"
6149645,PUERCO RICO FULL MARKET,MENDOZA,1,N,2,"3,914","0,000","0,000","0,000"
10349202,PUERTO TRAMITES,BUENOS AIRES,1,N,2,"0,000","0,976","0,000","0,000"
7505004,PUERTO VIRTUAL BEIRO,CAPITAL FEDERAL,1,N,2,"0,027","0,416","0,000","0,000"
7506004,PUERTO VIRTUAL BODY SUN,CAPITAL FEDERAL,1,3.B,4,"1,692","0,514","0,000","6,000"
7502004,PUERTO VIRTUAL ENTRE RIOS 1,CAPITAL FEDERAL,1,2.A,3,"1,954","1,000","0,000","7,000"
7503001,PUERTO VIRTUAL ENTRE RIOS 2,CAPITAL FEDERAL,1,N,2,"2,084","4,628","0,000","0,000"
7504001,PUERTO VIRTUAL ENTRE RIOS 3,CAPITAL FEDERAL,1,3.B,4,"0,745","0,000","0,000","5,000"
7502003,PUERTO VIRTUAL MORON,BUENOS AIRES,1,N,2,"0,000","16,146","0,000","0,000"
7506003,PUERTO VIRTUAL PRIMERA JUNTA,CAPITAL FEDERAL,1,2.A,3,"1,891","0,000","0,000","6,000"
7502001,PUERTO VIRTUAL RIVA 3,CAPITAL FEDERAL,1,3.B,4,"2,063","3,208","0,000","2,000"
8249235,PUESTO DEL NORTE,CAPITAL FEDERAL,1,N,2,"0,988","0,000","0,000","-0,082"
12949723,PUEYRREDON SERVICIOS,CAPITAL FEDERAL,1,N,2,"6,097","0,000","0,000","5,000"
10349219,PUJOL PAGOS,CAPITAL FEDERAL,1,2.A,3,"4,724","2,808","0,000","1,164"
9749589,PULULINA 4,CORRIENTES,1,3.B,4,"1,922","0,496","0,000","0,000"
9749550,PULULINA AVENIDA,CORRIENTES,1,3.B,4,"1,691","0,484","0,000","6,000"
5249171,PUMA BULNES,CORDOBA,1,5.D,6,"0,000","0,000","0,000","1,000"
12449566,PUNTA MAX,CORDOBA,1,4.C,4,"-0,240","0,000","0,000","2,884"
12949579,PUNTO 121,BUENOS AIRES,1,N,2,"1,763","0,000","0,000","2,000"
13049043,PUNTO 2,NEUQUEN,1,5.D,6,"-0,125","0,000","0,000","3,938"
8149838,PUNTO BG,RIO NEGRO,1,N,2,"0,000","0,000","0,000","0,000"
12849885,PUNTO CARAMELO,BUENOS AIRES,1,N,2,"1,142","0,000","0,000","0,000"
13049717,PUNTO CARAMELO,CAPITAL FEDERAL,1,5.D,6,"-0,051","0,000","0,000","-0,009"
13049861,PUNTO CENTRO,MISIONES,1,N,2,"-0,020","-0,010","0,000","-0,001"
12349010,PUNTO CERO,SAN JUAN,1,3.B,4,"1,303","1,756","0,000","7,912"
13049833,PUNTO CLAVE,CORDOBA,1,5.D,6,"-0,151","-0,024","0,000","-0,050"
12949158,PUNTO CLEAN,LA PAMPA,1,3.B,4,"1,767","0,346","0,000","4,000"
9949048,PUNTO CORREO,MISIONES,1,5.D,6,"-0,034","-0,022","0,000","-0,007"
10349401,PUNTO DE COBROS,BUENOS AIRES,1,3.B,4,"0,049","0,000","0,000","0,956"
12849154,PUNTO DE ENCUENTRO,CORDOBA,1,N,2,"3,133","0,500","0,000","0,000"
13049824,PUNTO DE ENCUENTRO (SOLO PEI),NEUQUEN,1,5.D,6,"-0,028","0,000","0,000","-0,062"
6449403,PUNTO DE PAGO PAIVA,SANTA FE,1,N,2,"5,109","0,822","0,000","0,000"
12749158,PUNTO DE PAGOS II,BUENOS AIRES,1,5.D,6,"-0,075","0,000","0,000","-0,004"
6349516,PUNTO DIGITAL,BUENOS AIRES,1,4.C,4,"5,538","0,000","0,000","0,000"
12049746,PUNTO EDEN,CORDOBA,1,4.C,4,"-0,111","0,054","0,000","1,957"
6949578,PUNTO EXPRESS,CORDOBA,1,1.VIP,2,"3,729","-0,122","0,000","3,472"
12949724,PUNTO EXPRESS,CORDOBA,1,5.D,6,"-0,041","0,000","0,000","-0,007"
12049159,PUNTO EXPRESS,FORMOSA,1,2.A,3,"5,777","0,000","0,000","6,784"
6749236,PUNTO FERRETERO,BUENOS AIRES,1,N,2,"5,396","0,000","0,000","3,932"
13049531,PUNTO LASER,ENTRE RIOS,1,5.D,6,"2,679","0,000","0,000","2,743"
6949765,PUNTO LUJAN,BUENOS AIRES,1,N,2,"3,293","0,330","0,000","0,000"
11949872,PUNTO M,BUENOS AIRES,1,4.C,4,"-0,223","3,136","0,000","7,902"
10049128,PUNTO MULTIMARCA,BUENOS AIRES,1,5.D,6,"1,545","0,000","0,000","6,000"
6149582,PUNTO NORTE,SANTA FE,1,N,2,"0,000","0,000","0,000","1,000"
9749556,PUNTO O HIGGINS ABASTECIMIENTO,CORDOBA,1,3.B,4,"2,421","0,244","0,000","5,087"
12949282,PUNTO PACHECO,BUENOS AIRES,1,2.A,3,"5,315","1,136","0,000","6,000"
11749075,PUNTO PAGO 25 DE MAYO,CORDOBA,1,1.VIP,2,"5,502","1,000","0,000","2,041"
11749116,PUNTO PAGO 25 TAZON,CORDOBA,1,N,2,"0,637","0,000","0,000","0,000"
11749098,PUNTO PAGO ALEM,CORDOBA,1,2.A,3,"0,019","0,000","0,000","0,000"
11749081,PUNTO PAGO ALTA GRACIA,CORDOBA,1,1.VIP,2,"6,910","0,000","0,000","49,142"
11749052,PUNTO PAGO ALTOLAGUIRRE,CORDOBA,1,1.VIP,2,"3,589","1,480","0,000","3,800"
11749104,PUNTO PAGO ALVEAR,CORDOBA,1,3.B,4,"8,660","0,000","0,000","2,872"
11749063,PUNTO PAGO AMBROSIO OLMOS,CORDOBA,1,1.VIP,2,"7,119","0,000","0,000","10,000"
11749100,PUNTO PAGO BELL VILLE,CORDOBA,1,1.VIP,2,"3,090","0,000","0,000","2,889"
11749058,PUNTO PAGO CALASANZ,CORDOBA,1,1.VIP,2,"4,341","0,000","0,000","4,143"
11749084,PUNTO PAGO CARLOS PAZ,CORDOBA,1,2.A,3,"2,718","0,000","0,000","4,000"
11749120,PUNTO PAGO CARLOS PAZ LIBERTAD,CORDOBA,1,N,2,"1,902","-0,198","0,000","1,643"
11749102,PUNTO PAGO CERRO DE LAS ROSAS,CORDOBA,1,2.A,3,"2,542","0,000","0,000","4,770"
11749097,PUNTO PAGO CHACABUCO,CORDOBA,1,1.VIP,2,"3,552","0,000","0,000","25,801"
11749065,PUNTO PAGO CINERAMA,CORDOBA,1,1.VIP,2,"10,874","0,000","0,000","7,586"
11749082,PUNTO PAGO COSQUIN,CORDOBA,1,1.VIP,2,"3,989","0,175","0,000","2,860"
11749073,PUNTO PAGO CPC ARGUELLO,CORDOBA,1,2.A,3,"4,274","0,000","0,000","3,886"
11749048,PUNTO PAGO CPC BARRIO JARDIN,CORDOBA,1,1.VIP,2,"2,667","0,000","0,000","2,234"
11749107,PUNTO PAGO CPC CAPDEVILA,CORDOBA,1,4.C,4,"-0,056","0,000","0,000","8,644"
11749074,PUNTO PAGO CPC CENTRO AMERICA,CORDOBA,1,1.VIP,2,"3,245","0,000","0,000","2,922"
11749056,PUNTO PAGO CPC COLON,CORDOBA,1,1.VIP,2,"3,308","0,000","0,000","4,749"
11749059,PUNTO PAGO CPC EMPALME,CORDOBA,1,1.VIP,2,"3,265","0,000","0,000","3,786"
11749111,PUNTO PAGO CPC GENERAL PAZ,CORDOBA,1,4.C,4,"3,868","0,000","0,000","4,433"
11749046,PUNTO PAGO CPC GUINAZU,CORDOBA,1,1.VIP,2,"2,839","0,000","0,000","2,160"
11749080,PUNTO PAGO CPC MERCADO DE LA CIUDAD,CORDOBA,1,2.A,3,"2,487","0,000","0,000","1,564"
11749050,PUNTO PAGO CPC MONSENOR PABLO,CORDOBA,1,2.A,3,"4,029","0,000","0,000","4,779"
11749049,PUNTO PAGO CPC PUEYRREDON,CORDOBA,1,2.A,3,"3,078","0,000","0,000","3,413"
11749067,PUNTO PAGO CPC RANCAGUA,CORDOBA,1,2.A,3,"4,101","0,000","0,000","2,280"
11749053,PUNTO PAGO CPC RUTA 20,CORDOBA,1,1.VIP,2,"2,634","0,000","0,000","3,030"
11749057,PUNTO PAGO CPC SAN FELIPE,CORDOBA,1,2.A,3,"3,297","0,000","0,000","1,499"
11749060,PUNTO PAGO CPC SAN VICENTE,CORDOBA,1,2.A,3,"2,785","0,000","0,000","2,945"
11749061,PUNTO PAGO CPC TRANSITO,CORDOBA,1,2.A,3,"3,980","0,000","0,000","1,549"
11749071,PUNTO PAGO CPC VILLA DEL LIBERTADOR,CORDOBA,1,1.VIP,2,"2,795","0,000","0,000","2,177"
11749092,PUNTO PAGO DON CREDITO,CORDOBA,1,4.C,4,"0,766","0,000","0,000","0,000"
10749011,PUNTO PAGO GRUPAR,CORDOBA,1,1.VIP,2,"2,610","0,000","0,000","1,323"
11749062,PUNTO PAGO HIPER CONSTRUCCION,CORDOBA,1,1.VIP,2,"10,562","0,000","0,000","10,058"
11749099,PUNTO PAGO ILLIA,CORDOBA,1,1.VIP,2,"4,352","0,000","0,000","9,744"
11749122,PUNTO PAGO ITUZAINGO,CORDOBA,1,N,2,"1,242","-0,120","0,000","0,644"
11749054,PUNTO PAGO JESUS MARIA,CORDOBA,1,1.VIP,2,"3,328","0,000","0,000","7,147"
11749118,PUNTO PAGO LA FALDA,CORDOBA,1,N,2,"0,239","-0,054","0,000","0,803"
11749072,PUNTO PAGO LARRANAGA,CORDOBA,1,1.VIP,2,"5,329","0,000","0,000","3,216"
11749114,PUNTO PAGO LAS HERAS,CORDOBA,1,N,2,"2,453","0,000","0,000","1,485"
11749079,PUNTO PAGO LOS GIGANTES,CORDOBA,1,1.VIP,2,"15,728","0,770","0,000","21,732"
11749051,PUNTO PAGO MAIPU,CORDOBA,1,1.VIP,2,"4,643","0,000","0,000","4,000"
11749078,PUNTO PAGO MENENDEZ PIDAL,CORDOBA,1,1.VIP,2,"3,570","2,076","0,000","2,632"
11749108,PUNTO PAGO NUEVO CENTRO,CORDOBA,1,5.D,6,"11,583","0,000","0,000","20,444"
11749047,PUNTO PAGO NUNEZ,CORDOBA,1,1.VIP,2,"4,855","0,000","0,000","5,254"
11749112,PUNTO PAGO NUNEZ CAMPILLO,CORDOBA,1,5.D,6,"4,695","-0,079","0,000","3,814"
11749088,PUNTO PAGO ONCATIVO,CORDOBA,1,2.A,3,"6,656","0,000","0,000","3,057"
11749119,PUNTO PAGO PARKING,CORDOBA,1,N,2,"1,527","-0,018","0,000","-0,010"
11749076,PUNTO PAGO PASAJE CENTRAL,CORDOBA,1,2.A,3,"3,339","0,000","0,000","1,416"
11749101,PUNTO PAGO PASEO DEL JOCKEY,CORDOBA,1,1.VIP,2,"7,257","0,000","0,000","5,046"
11749089,PUNTO PAGO PATIO OLMOS,CORDOBA,1,1.VIP,2,"14,687","9,499","0,000","7,862"
11749113,PUNTO PAGO PRECEDO,CORDOBA,1,N,2,"0,466","-0,076","0,000","1,651"
11749117,PUNTO PAGO PRINGLES,CORDOBA,1,N,2,"5,046","-0,419","0,000","5,266"
11749106,PUNTO PAGO RECTA,CORDOBA,1,2.A,3,"7,747","0,000","0,000","7,170"
11749045,PUNTO PAGO RIO CUARTO,CORDOBA,1,1.VIP,2,"8,577","0,000","0,000","5,456"
11749068,PUNTO PAGO ROSARIO DE SANTA FE,CORDOBA,1,1.VIP,2,"2,712","0,000","0,000","3,000"
11749066,PUNTO PAGO SALTA,SALTA,1,1.VIP,2,"7,473","0,000","0,000","2,000"
11749064,PUNTO PAGO SAN MARTIN,CORDOBA,1,1.VIP,2,"2,376","0,000","0,000","1,367"
11749083,PUNTO PAGO SANTA FE,CORDOBA,1,1.VIP,2,"3,906","0,000","0,000","3,523"
11749103,PUNTO PAGO SANTIAGO DEL ESTERO,SANTIAGO DEL ESTERO,1,1.VIP,2,"4,563","0,000","0,000","1,170"
11749090,PUNTO PAGO SIMOCA,TUCUMAN,1,N,2,"0,000","0,000","0,000","0,000"
11749070,PUNTO PAGO TERMINAL,CORDOBA,1,1.VIP,2,"4,673","0,000","0,000","2,889"
11749069,PUNTO PAGO VILLA ALLENDE,CORDOBA,1,1.VIP,2,"7,249","0,000","0,000","5,073"
11749055,PUNTO PAGO VILLA CABRERA,CORDOBA,1,1.VIP,2,"5,528","1,000","0,000","4,090"
11749086,PUNTO PAGO VILLA DOLORES,CORDOBA,1,4.C,4,"3,633","0,000","0,000","0,000"
11749085,PUNTO PAGO VILLA MARIA,CORDOBA,1,1.VIP,2,"2,581","0,000","0,000","1,373"
11749091,PUNTO PAGO VILLA QUINTEROS,TUCUMAN,1,N,2,"0,000","0,000","0,000","0,000"
6949855,PUNTO PAPEL,BUENOS AIRES,1,4.C,4,"7,814","0,000","0,000","4,000"
12449893,PUNTO PLAYA,BUENOS AIRES,1,N,2,"0,000","0,000","0,000","0,000"
9849312,PUNTO SEGURO,JUJUY,1,N,2,"0,814","-0,024","0,000","0,899"
6949954,PUNTO UTIL,CORDOBA,1,5.D,6,"-0,154","-0,016","0,000","-0,120"
12149255,PUNTO UTIL,SANTA FE,1,5.D,6,"-0,067","-0,034","0,000","-0,041"
12649277,PUNTO Y BANCA,CORDOBA,1,N,2,"0,000","0,000","0,000","0,000"
6949721,PUNTO Y COMA LIBRERIA,CORDOBA,1,N,2,"3,467","0,500","0,000","0,000"
6949895,PUNTO Y COMA LIBRERIA,CORDOBA,1,N,2,"0,851","0,000","0,000","2,718"
12849604,PUNTO ZERO DRUGSTORE,MENDOZA,1,4.C,4,"0,603","0,000","0,000","4,000"
9049070,PUNTOS Y PUNTADAS,SANTIAGO DEL ESTERO,1,N,2,"3,934","0,000","0,000","0,000"
13049173,PUPINA,SANTA FE,1,5.D,6,"0,000","0,000","0,000","0,000"
12949647,PYC MONTEVIDEO,CAPITAL FEDERAL,1,N,2,"0,039","0,000","0,000","1,843"
12449919,PYP,SANTA FE,1,5.D,6,"0,797","-0,030","0,000","1,991"
9449025,Q IDEA SERVICIOS GRAFICOS,BUENOS AIRES,1,3.B,4,"18,909","0,612","0,000","5,000"
12849475,Q KIOSCO,CORDOBA,1,3.B,4,"3,656","1,238","0,000","4,684"
7749029,QATAR,CATAMARCA,1,N,2,"0,000","0,000","0,000","2,000"
12849394,QATAR,CORRIENTES,1,2.A,3,"3,947","1,073","0,000","4,000"
12949367,QRECER,CAPITAL FEDERAL,1,5.D,6,"0,000","0,000","0,000","0,000"
12849140,QUE KIOSCAZO,SANTA FE,1,3.B,4,"1,282","0,000","0,000","1,000"
9749579,QUE RICO,CORDOBA,1,N,2,"4,144","1,022","0,000","0,000"
7549700,QUEDAR DE 10,CORDOBA,1,2.A,3,"5,578","0,000","0,000","12,000"
13049707,QUEEN MINIMARKET,SANTA FE,1,4.C,4,"1,451","0,000","0,000","2,000"
7449217,QUERUBINES,SALTA,1,1.VIP,2,"7,436","-1,286","0,000","2,814"
7449243,QUERUBINES II,SALTA,1,2.A,3,"1,796","0,000","0,000","1,807"
12849372,QUICK ZONE,MENDOZA,1,2.A,3,"3,243","1,700","0,000","6,932"
13049654,QUICKLY,MISIONES,1,N,2,"1,691","0,000","0,000","2,964"
12949720,QUIMICA LVM SAN LUIS,SAN LUIS,1,N,2,"-0,021","0,000","0,000","-0,032"
5449606,QUIMICA PRANA,TUCUMAN,1,N,2,"0,130","0,000","0,000","-0,031"
5449540,QUIMICA SAN EXPEDITO,CORDOBA,1,N,2,"0,000","0,000","0,000","0,000"
10249920,QUINIELA,CHUBUT,1,1.VIP,2,"6,316","0,822","0,000","4,000"
12649695,QUINIELA 015,CORDOBA,1,5.D,6,"-0,001","0,000","0,000","-0,004"
12649583,QUINIELA 017,CORDOBA,1,2.A,3,"1,373","0,000","0,000","6,588"
6949837,QUINIELA 046,CORDOBA,1,3.B,4,"5,415","0,000","0,000","10,000"
12649316,QUINIELA 097,CORDOBA,1,4.C,4,"-0,174","0,376","0,000","4,835"
12649693,QUINIELA 2,CHUBUT,1,1.VIP,2,"3,594","0,000","0,000","6,000"
12649445,QUINIELA 46,CORDOBA,1,5.D,6,"0,450","0,496","0,000","0,995"
12649556,QUINIELA 556,CHACO,1,4.C,4,"-0,085","0,000","0,000","1,963"
12649103,QUINIELA ALBERTICO,CORDOBA,1,2.A,3,"2,255","0,000","0,000","3,376"
10249797,QUINIELA BUENA SUERTE,CATAMARCA,1,2.A,3,"2,790","-0,052","0,000","6,102"
12649501,QUINIELA CEBALLOS,CORDOBA,1,N,2,"0,763","1,530","0,000","0,000"
12649654,QUINIELA EL ANILLO,CHACO,1,4.C,4,"2,302","0,000","0,000","3,909"
12649577,QUINIELA EL BETO,CORDOBA,1,N,2,"13,420","0,000","0,000","0,000"
12649776,QUINIELA EL PALPITO,CHACO,1,5.D,6,"0,000","0,000","0,000","0,000"
12649659,QUINIELA EL ROSARINO,CHACO,1,5.D,6,"3,545","0,000","0,000","0,000"
12649634,QUINIELA EUSEBIO,CORDOBA,1,2.A,3,"3,469","0,000","0,000","2,232"
12649749,QUINIELA GRANDE PA,CORDOBA,1,5.D,6,"-0,092","0,000","0,000","-0,005"
12649747,QUINIELA LA VECHA,CORDOBA,1,N,2,"0,824","0,000","0,000","0,904"
12649238,QUINIELA LUCILA,CORDOBA,1,N,2,"0,000","0,000","0,000","0,000"
10249316,QUINIELA SAN CAYETANO,SANTA FE,1,4.C,4,"-0,216","0,000","0,000","2,923"
10249691,QUINIELA SAN EXPEDITO,SANTA FE,1,2.A,3,"1,532","0,000","0,000","4,744"
10249668,QUINIELA SAN JOSE,CORDOBA,1,1.VIP,2,"7,151","0,000","0,000","4,053"
12649565,QUINIELA SONEIRA,CORDOBA,1,N,2,"0,000","0,000","0,000","0,000"
10249413,QUINIELA SUB AGENCIA 03,CHACO,1,4.C,4,"0,083","0,000","0,000","0,992"
12649753,QUINIELA VEGA,CORDOBA,1,N,2,"0,000","0,000","0,000","0,000"
10249904,QUINIELA Y LOTERIA 194,CORDOBA,1,4.C,4,"0,732","0,706","0,000","4,000"
7049522,QUIOSCO ALE,RIO NEGRO,1,2.A,3,"2,437","0,000","0,000","7,336"
12449868,QUIOSCO CHANGO ROCA,RIO NEGRO,1,2.A,3,"3,678","0,000","0,000","0,000"
8149749,R & M SEGUROS,MENDOZA,1,N,2,"0,910","0,000","0,000","0,000"
6949770,R Y A LIBRERIA,CORDOBA,1,5.D,6,"0,500","0,310","0,000","0,000"
11949304,R.M.POLIRRUBRO BELGICA,SALTA,1,N,2,"5,545","0,234","0,000","0,000"
12649150,R.M.TORRES,SALTA,1,N,2,"2,061","0,000","0,000","0,000"
10049101,R3 COMUNICACIONES,SANTIAGO DEL ESTERO,1,4.C,4,"1,830","0,000","0,000","0,991"
8149571,RABBIA SEGUROS - LOCAL CERRITO,ENTRE RIOS,1,4.C,4,"1,286","0,000","0,000","1,000"
8149568,RABBIA SEGUROS-LOCAL HASENKAMP,ENTRE RIOS,1,4.C,4,"0,000","0,000","0,000","2,000"
12749482,RAICES LOBOS PAGOS,BUENOS AIRES,1,4.C,4,"0,051","0,000","0,000","1,813"
11949874,RAMIRO 3,BUENOS AIRES,1,5.D,6,"-0,007","0,000","0,000","2,000"
8049358,RAMIRO II,BUENOS AIRES,1,3.B,4,"3,756","-0,028","0,000","9,874"
12849497,RAMON,BUENOS AIRES,1,4.C,4,"-0,474","0,588","0,000","2,746"
12849133,RAMOS GENERALES,BUENOS AIRES,1,3.B,4,"1,768","1,782","0,000","5,000"
12949480,RAPELLI,SANTIAGO DEL ESTERO,1,4.C,4,"-0,047","0,000","0,000","-0,030"
12749536,RAPICRED,SANTA FE,1,4.C,4,"7,259","0,000","0,000","10,000"
7049976,RAPIDO Y FURIOSO,ENTRE RIOS,1,1.VIP,2,"2,532","0,000","0,000","3,800"
12749587,RAPIMONEY,CORDOBA,1,5.D,6,"-0,004","0,000","0,000","0,000"
13049066,RAYITO DE SOL,CHACO,1,N,2,"0,000","0,000","0,000","0,000"
12849999,RAYUELA,RIO NEGRO,1,2.A,3,"4,592","0,000","0,000","1,285"
7049315,RAYUELA DRUGSTORE,ENTRE RIOS,1,1.VIP,2,"5,300","1,514","0,000","5,795"
10649033,RAYUELA II,RIO NEGRO,1,4.C,4,"2,696","0,000","0,000","3,000"
13049712,RE SUR (SOLO PEI),SANTA CRUZ,1,5.D,6,"-0,024","0,000","0,000","-0,050"
11449163,REAL COLOR QUIMILI,SANTIAGO DEL ESTERO,1,4.C,4,"3,062","0,000","0,000","1,967"
12049336,REC012 KIOSCO PANDY,SANTA FE,1,1.VIP,2,"4,301","0,000","0,000","3,333"
7449252,RECEPTORIA LA GACETA  V,TUCUMAN,1,4.C,4,"4,236","0,000","0,000","5,000"
12449154,RECEPTORIA LA GACETA II,TUCUMAN,1,1.VIP,2,"8,283","1,467","0,000","2,000"
13049137,RECEPTORIA LA GACETA IV,TUCUMAN,1,5.D,6,"3,599","0,000","0,000","5,000"
11949520,RECEPTORIA TONDATO,BUENOS AIRES,1,4.C,4,"-0,232","0,000","0,000","-0,064"
12049329,RECO 12 PAO,CORDOBA,1,2.A,3,"1,866","0,272","0,000","7,683"
7549884,RECO12 POLIRUBRO EL CHINO,TIERRA DEL FUEGO,1,4.C,4,"9,977","0,478","0,000","0,000"
12649742,RECOLETA CASH,CAPITAL FEDERAL,1,5.D,6,"2,243","0,000","0,000","11,594"
12949770,RECOLETA CASH II,CAPITAL FEDERAL,1,N,2,"-0,252","-0,170","0,000","-0,224"
8249193,RECOLETA PAGOS,CAPITAL FEDERAL,1,4.C,4,"0,365","0,000","0,000","3,739"
10249923,RECTA I,CORDOBA,1,3.B,4,"-0,521","0,000","0,000","1,373"
8149904,RED ASESORES SEGUROS,BUENOS AIRES,1,5.D,6,"0,029","0,626","0,000","0,000"
10049142,RED CELULAR ELENA,CORDOBA,1,5.D,6,"-0,392","-0,074","0,000","-0,210"
12949453,RED COIN 1,CAPITAL FEDERAL,1,4.C,4,"-0,294","0,000","0,000","0,000"
12949454,RED COIN 2,CAPITAL FEDERAL,1,3.B,4,"0,000","2,969","0,000","0,000"
12949455,RED COIN 3,CAPITAL FEDERAL,1,3.B,4,"0,833","8,474","0,000","0,000"
12949456,RED COIN 4,CAPITAL FEDERAL,1,1.VIP,2,"1,023","0,000","0,000","0,000"
12749565,RED PAGOS NORDELTA,BUENOS AIRES,1,5.D,6,"4,987","0,000","0,000","0,000"
13049752,RED PAGOS PUERTOS,BUENOS AIRES,1,N,2,"-0,076","-0,060","0,000","0,000"
12749630,RED PAGOS REMEROS,BUENOS AIRES,1,5.D,6,"-0,204","0,000","0,000","0,000"
6349533,REDMOVIL,MISIONES,1,N,2,"1,882","0,000","0,000","0,000"
9749681,REFUGIO QUESOS Y FIAMBRES,BUENOS AIRES,1,N,2,"0,269","0,000","0,000","0,000"
7249020,REGALERIA ARICUER,CAPITAL FEDERAL,1,2.A,3,"2,259","0,000","0,000","17,232"
7249070,REGALERIA BELLON,BUENOS AIRES,1,2.A,3,"4,328","-0,072","0,000","3,136"
12949733,REGALERIA COMPLICES,FORMOSA,1,5.D,6,"-0,017","0,000","0,000","-0,018"
12449535,REGALERIA LAURA,JUJUY,1,1.VIP,2,"1,156","-0,130","0,000","0,878"
12049117,REGALERIA RUTH,MENDOZA,1,3.B,4,"6,891","1,536","0,000","2,478"
12849226,REGALERIA SALEMME,CORDOBA,1,4.C,4,"3,741","0,356","0,000","3,000"
7249083,REGALERIA URQUIZA,MENDOZA,1,4.C,4,"-0,391","0,000","0,000","-0,167"
7249172,REGIONAL GIARDINO,CORDOBA,1,2.A,3,"1,446","1,000","0,000","2,000"
9749634,REGIONALES EL TURISTA,CORDOBA,1,5.D,6,"1,820","0,500","0,000","0,957"
7249213,REGIONALES SAN FRANCISCO,SAN LUIS,1,4.C,4,"1,139","0,000","0,000","1,000"
12949731,REINA BATATA (SOLO PEI),JUJUY,1,N,2,"-0,009","0,000","0,000","-0,020"
12949608,REKA BOULOGNE,CAPITAL FEDERAL,1,N,2,"1,469","0,000","0,000","8,737"
12949571,REKAPITAL CABILDO,CAPITAL FEDERAL,1,N,2,"6,677","0,000","0,000","3,646"
12949738,REKAPITAL GUIDO,CAPITAL FEDERAL,1,4.C,4,"2,445","-2,908","0,000","0,813"
12949574,REKAPITAL LARREA,CAPITAL FEDERAL,1,N,2,"3,394","0,000","0,000","1,400"
12949581,REKAPITAL NICETO,CAPITAL FEDERAL,1,N,2,"3,414","0,000","0,000","0,498"
12949570,REKAPITAL PUEYRREDON,CAPITAL FEDERAL,1,N,2,"6,261","0,000","0,000","2,787"
12949573,REKAPITAL RECOLETA,CAPITAL FEDERAL,1,N,2,"6,277","0,000","0,000","1,411"
12949580,REKAPITAL SAN TELMO,CAPITAL FEDERAL,1,4.C,4,"11,288","0,000","0,000","2,589"
12949572,REKAPITAL SERRANO,CAPITAL FEDERAL,1,N,2,"2,450","0,000","0,000","4,624"
11349044,REME URQUIZA MARKET,CAPITAL FEDERAL,1,2.A,3,"6,538","3,189","0,000","0,000"
11349063,REME URQUIZA MARKET I,CAPITAL FEDERAL,1,3.B,4,"6,443","0,000","0,000","7,401"
12949411,REME URQUIZA MARKET II,CAPITAL FEDERAL,1,4.C,4,"-0,038","0,000","0,000","2,000"
12949111,REME URQUIZA MARKET II,CAPITAL FEDERAL,1,N,2,"0,730","0,622","0,000","0,000"
7149129,REMESAS HERMANOS REYES,CAPITAL FEDERAL,1,4.C,4,"5,131","0,000","0,000","7,000"
8249215,REMISES LOS AMIGOS,BUENOS AIRES,1,4.C,4,"1,879","0,000","0,000","5,000"
8249214,REMOTOS MADARIAGA,BUENOS AIRES,1,5.D,6,"0,000","0,000","0,000","2,000"
12149124,RENACER,CORRIENTES,1,2.A,3,"3,764","0,840","0,000","1,408"
12949071,RENATA,BUENOS AIRES,1,N,2,"2,507","0,438","0,000","0,000"
8149367,RENE GROS SEGUROS,MISIONES,1,2.A,3,"3,691","0,668","0,000","1,840"
10349134,RENIERO GESTORIA,ENTRE RIOS,1,3.B,4,"0,534","0,000","0,000","2,844"
9749784,RENNY PAGOS,CAPITAL FEDERAL,1,N,2,"0,998","0,000","0,000","1,000"
8649095,REPARACIONES PC FALUCHO,BUENOS AIRES,1,N,2,"10,199","0,918","0,000","0,000"
11849280,REPUBLICA NUEVA LIBANO,BUENOS AIRES,1,5.D,6,"-0,126","0,000","0,000","0,000"
10849078,REPUESTOS MI MOTO,CORRIENTES,1,5.D,6,"-0,092","0,000","0,000","4,950"
13049223,RESINAS MAR DEL PLATA,BUENOS AIRES,1,5.D,6,"0,000","0,000","0,000","0,000"
12949291,RESISTIRE,LA RIOJA,1,1.VIP,2,"3,219","0,000","0,000","2,193"
8149489,RESPALDO TANDIL,BUENOS AIRES,1,5.D,6,"0,593","0,000","0,000","1,000"
8149775,RESPALDO TANDIL DARRAGUEIRA,BUENOS AIRES,1,5.D,6,"0,620","0,299","0,000","1,000"
8149923,RESPALDO TANDIL LUNGHI,BUENOS AIRES,1,5.D,6,"4,974","1,006","0,000","3,000"
8149744,RESPONSABILIDAD PROFESIONAL,CAPITAL FEDERAL,1,N,2,"0,892","0,000","0,000","0,000"
11449142,REVOLUTION SOLUCIONES INFORMATICAS,BUENOS AIRES,1,3.B,4,"4,540","0,988","0,000","13,000"
12649383,REY AGENCIA SALGUERO,CAPITAL FEDERAL,1,2.A,3,"3,347","3,529","0,000","4,000"
12749132,REY BENAVIDEZ,BUENOS AIRES,1,N,2,"0,507","2,898","0,000","0,000"
12749121,REY CABALLITO,CAPITAL FEDERAL,1,1.VIP,2,"14,697","3,165","0,000","19,000"
12449642,REY DE COPAS,BUENOS AIRES,1,N,2,"0,000","0,000","0,000","0,000"
12949141,REY DE COPAS,LA PAMPA,1,N,2,"3,245","0,500","0,000","0,000"
12949691,REY DE REYES,SAN JUAN,1,5.D,6,"-0,099","0,000","0,000","-0,031"
12449941,REY GAUCHO CRUZ,BUENOS AIRES,1,2.A,3,"1,633","0,000","0,000","0,000"
12749136,REY JOSE C PAZ,BUENOS AIRES,1,N,2,"1,532","0,000","0,000","0,000"
12649511,REY JUMBO SAN MARTIN,BUENOS AIRES,1,2.A,3,"5,447","0,500","0,000","0,000"
12749133,REY LOMA HERMOSA,BUENOS AIRES,1,N,2,"3,097","0,345","0,000","0,000"
12749134,REY LOMA HERMOSA 2,BUENOS AIRES,1,3.B,4,"0,474","0,000","0,000","0,000"
12849721,REY MATEO,TIERRA DEL FUEGO,1,N,2,"0,000","0,000","0,000","0,000"
12849722,REY MATEO 2,TIERRA DEL FUEGO,1,N,2,"1,000","0,000","0,000","0,000"
12749137,REY MUNRO,BUENOS AIRES,1,2.A,3,"0,000","0,000","0,000","0,000"
12649382,REY SARRATEA SUAREZ,BUENOS AIRES,1,N,2,"1,552","0,000","0,000","0,000"
8749233,REY SEGUROS,BUENOS AIRES,1,N,2,"0,163","0,000","0,000","0,000"
12649381,REY VILLA DE MAYO,BUENOS AIRES,1,2.A,3,"3,779","0,000","0,000","0,000"
9749830,REYNA MORA REGIONALES,CORDOBA,1,4.C,4,"2,926","0,000","0,000","6,819"
8149554,RG ORGANIZACION DE SEGURO,TIERRA DEL FUEGO,1,N,2,"2,926","0,388","0,000","0,000"
8149555,RG ORGANIZACION DE SEGUROS,TIERRA DEL FUEGO,1,N,2,"0,443","0,224","0,000","0,000"
12949179,RH AROMATIZANTES,ENTRE RIOS,1,N,2,"0,716","0,500","0,000","0,000"
11149090,RI ESTUDIO CONTABLE,MISIONES,1,4.C,4,"1,837","0,712","0,000","-0,004"
10849061,RIA REPUESTOS,MISIONES,1,1.VIP,2,"1,247","0,000","0,000","1,857"
12649010,RICHI LOTERIAS,SANTA FE,1,N,2,"2,782","1,000","0,000","0,000"
6949335,RICITOS,SALTA,1,1.VIP,2,"2,040","-0,078","0,000","1,016"
12849528,RICITOS II,SALTA,1,1.VIP,2,"1,600","0,500","0,000","1,555"
6949899,RICITOS III GUEMES,SALTA,1,N,2,"0,007","0,000","0,000","4,748"
6949866,RIMA LIBRERIA,CORDOBA,1,5.D,6,"0,000","0,000","0,000","0,000"
9749455,RINALDIS COMUNICACIONES,CHACO,1,4.C,4,"-0,084","0,000","0,000","4,894"
6649052,RINCON CAMPESTRE,CORDOBA,1,1.VIP,2,"3,342","1,638","0,000","2,133"
5449548,RINCON DE CAMPO,CHUBUT,1,N,2,"3,063","0,500","0,000","0,000"
11349018,RINCON NATURAL,CORRIENTES,1,1.VIP,2,"3,638","0,000","0,000","3,000"
12749275,RINTFLEICH IRMA,MISIONES,1,3.B,4,"0,406","0,500","0,000","7,917"
13049820,RIO COLORADO,BUENOS AIRES,1,5.D,6,"-0,341","-0,906","0,000","-0,198"
12849850,RIO PAGOS,CAPITAL FEDERAL,1,1.VIP,2,"4,654","0,000","0,000","7,980"
8049413,RIO URUGUAY,MISIONES,1,4.C,4,"1,959","0,000","0,000","2,999"
8149471,RIPOLL SEGUROS,MISIONES,1,4.C,4,"-0,102","-0,028","0,000","0,919"
12849901,RIRA,CATAMARCA,1,N,2,"2,416","0,000","0,000","0,000"
12849430,RITUAL,BUENOS AIRES,1,5.D,6,"0,000","1,258","0,000","1,000"
13049661,RIVERA PAGOS CARLOS PAZ,CORDOBA,1,5.D,6,"3,798","-0,377","0,000","1,413"
8149579,RL SEGUROS,SANTA FE,1,4.C,4,"-0,212","-0,018","0,000","4,853"
6749205,ROCCHIADIFENIX,TUCUMAN,1,4.C,4,"-0,096","0,418","0,000","-0,008"
7149089,ROCHYS SHOWROOM,LA PAMPA,1,N,2,"3,783","0,440","0,000","0,000"
6249147,ROCI BOUTIQUE II,RIO NEGRO,1,5.D,6,"37,567","0,000","0,000","-0,015"
7249180,ROCI BUTIQUE,RIO NEGRO,1,4.C,4,"1,707","0,423","0,000","1,814"
13049443,ROCIO DE MAR,BUENOS AIRES,1,N,2,"5,391","0,000","0,000","8,000"
8649103,RODANY,TUCUMAN,1,N,2,"0,000","0,882","0,000","0,000"
11149066,RODRIGUEZ DIEZ Y ASOCIADOS,MISIONES,1,4.C,4,"1,491","0,902","0,000","0,953"
8149694,RODRIGUEZ Y ASOCIADOS GARUPA,MISIONES,1,1.VIP,2,"0,996","0,000","0,000","3,507"
8149664,RODRIGUEZ Y ASOCIADOS POSADAS,MISIONES,1,4.C,4,"3,200","0,000","0,000","1,975"
12149068,ROJANA,CORDOBA,1,1.VIP,2,"4,234","-0,257","0,000","3,531"
13049528,ROMA STORE 24,RIO NEGRO,1,N,2,"4,083","0,000","0,000","4,000"
12849638,ROMANO 1,CORDOBA,1,1.VIP,2,"5,720","1,732","0,000","2,531"
12949547,ROMANO BIKES,BUENOS AIRES,1,5.D,6,"4,070","0,000","0,000","6,000"
12749165,ROMERO & ROMERO,JUJUY,1,1.VIP,2,"5,295","1,474","0,000","23,540"
8149759,ROMERO OMAR,SANTA FE,1,N,2,"0,000","0,000","0,000","0,000"
9749456,ROMI & ABEL,CORRIENTES,1,N,2,"0,000","0,000","0,000","0,000"
8149296,ROMINA GONZALEZ SEGUROS,BUENOS AIRES,1,4.C,4,"1,625","0,000","0,000","2,682"
11949575,RO-MIR,FORMOSA,1,1.VIP,2,"1,949","0,000","0,000","3,907"
9749577,RO-MIR 2,FORMOSA,1,1.VIP,2,"2,667","0,000","0,000","2,826"
7449260,ROPA MAGICA,SAN LUIS,1,5.D,6,"1,724","0,000","0,000","3,000"
8149915,ROS BROKER ESQUEL,CHUBUT,1,5.D,6,"3,816","0,000","0,000","0,000"
8149674,ROS BROKERS GAIMAN,CHUBUT,1,5.D,6,"0,933","-0,010","0,000","3,493"
8149672,ROS BROKERS TRELEW,CHUBUT,1,4.C,4,"-0,114","0,000","0,000","3,872"
8249079,ROSALES PAGO,BUENOS AIRES,1,4.C,4,"3,784","0,845","0,000","3,572"
12149291,ROSALINDA,SANTA FE,1,N,2,"0,000","0,000","0,000","0,000"
6349519,ROSARITO,SANTA FE,1,3.B,4,"6,934","0,000","0,000","10,000"
7449228,ROTEL INDUMENTARIA,BUENOS AIRES,1,N,2,"0,000","1,378","0,000","0,000"
12949241,ROTI-MASC,CORDOBA,1,2.A,3,"2,016","0,000","0,000","1,731"
8149893,RP SEGUROS,MISIONES,1,5.D,6,"0,613","0,000","0,000","1,979"
8749234,RSP SEGUROS,BUENOS AIRES,1,N,2,"0,000","0,000","0,000","0,000"
12949002,RSV,MENDOZA,1,N,2,"0,000","0,000","0,000","0,000"
12649712,RUEDA FORTUNA,SANTA FE,1,5.D,6,"0,000","0,000","0,000","1,000"
6149683,RUFINO CHACABUCO,CORDOBA,1,5.D,6,"0,000","0,000","0,000","0,000"
6149672,RUFINO LAMARCA,CORDOBA,1,5.D,6,"3,608","0,000","0,000","2,000"
12749267,RUGGIERO Y ASOCIADOS,BUENOS AIRES,1,5.D,6,"0,634","0,400","0,000","2,000"
6949656,RUMBOS,CORDOBA,1,N,2,"0,898","0,000","0,000","0,000"
12449849,RUSIA,SALTA,1,1.VIP,2,"3,001","0,606","0,000","1,813"
12849595,RUSTIKO FULL SHOP,SANTA FE,1,N,2,"1,334","0,000","0,000","0,000"
13049138,RUTA 14 MAXIKIOSCO,CORDOBA,1,4.C,4,"1,744","0,000","0,000","5,678"
12949408,RUTA 40,RIO NEGRO,1,4.C,4,"1,512","0,000","0,000","2,000"
10349150,RVF PRODUCTORES PONTEVEDRA,BUENOS AIRES,1,N,2,"2,894","0,000","0,000","0,000"
10349490,RYK SEGUROS,MISIONES,1,5.D,6,"-0,082","0,000","0,000","-0,026"
7449267,S Y F INDUMENTARIA,SAN LUIS,1,5.D,6,"-0,009","0,000","0,000","-0,006"
11449151,S&L DESARROLLOS,SANTA CRUZ,1,5.D,6,"5,489","0,000","0,000","0,000"
8149498,S&P SEGUROS GENERALES,MENDOZA,1,N,2,"0,000","0,000","0,000","0,000"
9749581,S&S,MENDOZA,1,5.D,6,"4,937","0,936","0,000","9,000"
6749190,S.O.S. SEGURIDAD Y SERVICIOS,JUJUY,1,N,2,"0,000","1,932","0,000","0,000"
8949558,S.T DRUGSTORE MIX,SALTA,1,N,2,"2,569","0,000","0,000","0,000"
8049372,S.T FLECHA BUS,SALTA,1,N,2,"3,983","0,000","0,000","0,000"
7849183,S4M DEVOTO,CAPITAL FEDERAL,1,N,2,"-0,042","0,000","0,000","0,000"
12949203,SABAOT,BUENOS AIRES,1,4.C,4,"1,827","0,928","0,000","13,740"
9749643,SABOR Y JARANA,TIERRA DEL FUEGO,1,N,2,"2,348","0,000","0,000","0,000"
13049596,SAGRADA FAMILIA,SANTIAGO DEL ESTERO,1,N,2,"0,000","0,000","0,000","0,000"
8149708,SAINT LAWRENCE BROKERS,SANTA FE,1,4.C,4,"1,676","0,986","0,000","5,857"
12749007,SAINT LAWRENCE BROKERS PUERTO SAN MARTIN,SANTA FE,1,4.C,4,"1,964","0,870","0,000","2,872"
12449707,SALABERRY,BUENOS AIRES,1,4.C,4,"0,000","1,304","0,000","2,000"
12049817,SALAPIM,BUENOS AIRES,1,1.VIP,2,"8,232","1,695","0,000","3,782"
12849622,SALAPIM 2,BUENOS AIRES,1,1.VIP,2,"4,044","0,000","0,000","3,571"
11149098,SALAS CRESPO - GESTION DE COBRANZA,TUCUMAN,1,5.D,6,"7,239","-0,160","0,000","7,975"
12949515,SALOMON MINIMARKET,MENDOZA,1,5.D,6,"-0,126","0,000","0,000","1,915"
9749638,SALUTE ALIMENTOS ORGANICOS,BUENOS AIRES,1,N,2,"1,735","0,910","0,000","0,000"
6149457,SAMBEARI,SANTA CRUZ,1,4.C,4,"2,503","0,990","0,000","2,959"
11949504,SAN - MAR,CORDOBA,1,2.A,3,"6,334","1,238","0,000","4,613"
13049169,SAN ANTONIO,JUJUY,1,2.A,3,"4,517","0,000","0,000","8,000"
6949947,SAN ANTONIO,LA RIOJA,1,N,2,"5,342","0,000","0,000","4,000"
6649026,SAN CAYETANO LACTEOS,SALTA,1,N,2,"1,711","0,000","0,000","0,000"
13049799,SAN CIRO VG,CORDOBA,1,5.D,6,"-0,029","0,000","0,000","-0,015"
8149946,SAN CRISTOBAL ROSARIO,SANTA FE,1,N,2,"0,000","0,000","0,000","0,000"
8149947,SAN CRISTOBAL SANTA FE,SANTA FE,1,N,2,"0,000","0,000","0,000","0,000"
10249419,SAN CRISTOBAL SEGUROS,BUENOS AIRES,1,2.A,3,"2,915","-0,098","0,000","1,443"
8149490,SAN CRISTOBAL SEGUROS GENERALES,MENDOZA,1,4.C,4,"-0,183","0,000","0,000","1,832"
9849295,SAN EXPEDITO,JUJUY,1,5.D,6,"5,141","0,000","0,000","3,962"
12449174,SAN FELIPE,CORRIENTES,1,1.VIP,2,"4,586","0,000","0,000","4,854"
13049793,SAN IGNACIO DRUGSTORE,FORMOSA,1,5.D,6,"-0,183","-0,020","0,000","-0,033"
11849317,SAN JORGE,CORRIENTES,1,5.D,6,"1,631","0,000","0,000","0,000"
11849319,SAN JORGE 2,CORRIENTES,1,5.D,6,"2,179","0,000","0,000","8,000"
12949447,SAN JORGE PAGOS,BUENOS AIRES,1,5.D,6,"3,522","0,000","0,000","0,000"
10949033,SAN JORGE PET,BUENOS AIRES,1,1.VIP,2,"9,243","0,540","0,000","2,541"
6249101,SAN JORGE PET II,BUENOS AIRES,1,1.VIP,2,"14,754","1,729","0,000","3,435"
6149413,SAN JORGE PET III,BUENOS AIRES,1,1.VIP,2,"17,078","1,729","0,000","2,014"
8249127,SAN JORGE PET IV,BUENOS AIRES,1,2.A,3,"0,000","1,570","0,000","0,000"
12849282,SAN JORGE PET V,BUENOS AIRES,1,1.VIP,2,"8,092","0,000","0,000","3,542"
11349045,SAN JORGE PET VI,BUENOS AIRES,1,1.VIP,2,"9,840","-0,309","0,000","3,087"
12649496,SAN JORGE PET XII,BUENOS AIRES,1,2.A,3,"0,000","0,886","0,000","0,000"
13049213,SAN JORGE PET XIII,BUENOS AIRES,1,1.VIP,2,"4,829","0,000","0,000","1,614"
6149675,SAN JORGE PET XV,CAPITAL FEDERAL,1,5.D,6,"17,087","0,000","0,000","3,219"
13049438,SAN JORGE PET XVI,BUENOS AIRES,1,N,2,"10,011","0,000","0,000","4,466"
10049153,SAN JOSE CELULARES,MENDOZA,1,5.D,6,"-0,202","-0,162","0,000","-0,106"
12949438,SAN JOSE DEL BOQUERON,SANTIAGO DEL ESTERO,1,4.C,4,"7,166","0,000","0,000","10,000"
10349277,SAN JUAN ENVIOS,CAPITAL FEDERAL,1,4.C,4,"5,245","-0,215","0,000","0,000"
8149310,SAN JUAN SERVICIOS COMERCIAL 12,SAN JUAN,1,N,2,"2,871","0,000","0,000","0,000"
8149309,SAN JUAN SERVICIOS COMERCIAL 13,SAN JUAN,1,N,2,"2,447","0,000","0,000","0,000"
8149311,SAN JUAN SERVICIOS COMERCIAL 3,SAN JUAN,1,2.A,3,"5,416","0,000","0,000","6,677"
8149307,SAN JUAN SERVICIOS COMERCIAL 4,SAN JUAN,1,3.B,4,"3,398","0,000","0,000","13,000"
8149308,SAN JUAN SERVICIOS COMERCIAL 7,SAN JUAN,1,5.D,6,"-0,070","0,000","0,000","3,905"
9749442,SAN MARCOS,CORRIENTES,1,3.B,4,"4,841","-0,006","0,000","4,960"
12649460,SAN MARCOS F,CORRIENTES,1,3.B,4,"-0,108","0,178","0,000","1,971"
6749233,SAN MARTIN,NEUQUEN,1,5.D,6,"0,000","0,000","0,000","0,000"
13049643,SAN MARTIN FALCON,BUENOS AIRES,1,5.D,6,"3,498","0,000","0,000","3,942"
7249220,SAN MIGUEL,SALTA,1,4.C,4,"0,000","0,000","0,000","0,000"
11349037,SAN MIGUEL DIETETICA,SANTA FE,1,N,2,"2,481","1,844","0,000","0,000"
12449713,SAN NICOLAS,BUENOS AIRES,1,N,2,"0,362","0,000","0,000","0,000"
12049570,SAN NICOLAS,CORDOBA,1,1.VIP,2,"1,116","0,000","0,000","5,208"
8249195,SAN TELMO PAGOS,CAPITAL FEDERAL,1,5.D,6,"-0,249","0,000","0,000","0,991"
9749175,SAN.TO.RO,SALTA,1,2.A,3,"1,500","-0,116","0,000","2,843"
11349050,SANAS,CORDOBA,1,4.C,4,"0,404","1,624","0,000","1,000"
8149272,SANCHO ASESORES DE SEGUROS,MENDOZA,1,5.D,6,"2,507","0,000","0,000","0,000"
13049367,SANCHOPANCHO,BUENOS AIRES,1,5.D,6,"0,000","0,000","0,000","0,000"
13049368,SANCHOPANCHO RINGELET,BUENOS AIRES,1,5.D,6,"0,726","0,000","0,000","5,000"
8149971,SANCOR SALUD,CORRIENTES,1,3.B,4,"3,300","0,000","0,000","1,300"
12949300,SANDIAZ,CORDOBA,1,1.VIP,2,"3,431","0,000","0,000","6,000"
6949917,SANDOVAL MARIA ELENA,NEUQUEN,1,N,2,"2,224","0,000","0,000","0,513"
12149128,SANTA CECILIA,CORDOBA,1,4.C,4,"0,259","0,000","0,000","4,908"
12149111,SANTA LUCIA PF,CORRIENTES,1,2.A,3,"2,129","1,040","0,000","8,531"
8149850,SANTA MARGARITA SEGUROS,SANTA FE,1,5.D,6,"6,801","1,438","0,000","1,954"
12949200,SANTA PACIENCIA,BUENOS AIRES,1,N,2,"2,094","0,000","0,000","0,000"
13049828,SANTA PARADA DUFF,ENTRE RIOS,1,5.D,6,"-0,010","0,000","0,000","-0,003"
6149602,SANTA RITA,CORDOBA,1,5.D,6,"1,340","0,000","0,000","1,989"
12849179,SANTA RITA,LA RIOJA,1,2.A,3,"0,635","0,990","0,000","3,754"
10049122,SANTA RITA COMUNICACIONES,SALTA,1,4.C,4,"4,093","0,000","0,000","2,452"
11449164,SANTA RITA COMUNICACIONES TARTAGAL,SALTA,1,5.D,6,"-0,283","0,000","0,000","3,916"
12649011,SANTA RITA S CORRAL,SANTIAGO DEL ESTERO,1,2.A,3,"1,489","1,530","0,000","5,760"
12849986,SANTE,CORDOBA,1,N,2,"3,828","0,000","0,000","0,000"
6149654,SANTERIA SHAKTI,BUENOS AIRES,1,4.C,4,"4,018","0,000","0,000","8,000"
11949947,SANTERIA Y REGALERIA SAN ANTONIO,BUENOS AIRES,1,N,2,"0,000","0,000","0,000","0,000"
12049473,SANTI II,ENTRE RIOS,1,N,2,"0,000","0,000","0,000","0,000"
12849320,SANTINO BIG SHOP 2,TIERRA DEL FUEGO,1,2.A,3,"0,723","0,958","0,000","1,747"
12749526,SANTO TOME CREDITOS,MISIONES,1,5.D,6,"-0,006","0,000","0,000","0,000"
6249162,SAPHIRUS,JUJUY,1,5.D,6,"-0,038","0,000","0,000","-0,025"
6149636,SARA,CAPITAL FEDERAL,1,1.VIP,2,"5,401","0,000","0,000","3,043"
12649754,SARATOGA,CAPITAL FEDERAL,1,5.D,6,"-0,115","0,000","0,000","0,000"
10349059,SARRA Y ASOCIADOS,SANTA FE,1,4.C,4,"-0,185","0,000","0,000","2,775"
9749338,SARTEN DE ESTHER,JUJUY,1,1.VIP,2,"3,176","2,455","0,000","2,101"
9749334,SARTEN DE ESTHER II,JUJUY,1,1.VIP,2,"2,995","-0,273","0,000","2,523"
12649295,SAUL HERMANOS DE COCO SAUL,CORDOBA,1,N,2,"3,494","0,087","0,000","0,000"
8149381,SAVATTINI SEGUROS,SANTA FE,1,3.B,4,"2,485","0,000","0,000","2,707"
8149600,SAVATTINI SEGUROS 2,SANTA FE,1,3.B,4,"2,820","0,000","0,000","8,680"
8749329,SBARBI OSUNA MARCELO,FORMOSA,1,N,2,"0,283","0,000","0,000","0,000"
9149079,SCALABRINI BAIRES,CAPITAL FEDERAL,1,3.B,4,"6,415","2,185","0,000","2,381"
10033003,SCANNTECH EL OMBU,BUENOS AIRES,1,N,2,"3,986","0,500","0,000","0,000"
10033002,SCANNTECH SUPERSERVICIO,CAPITAL FEDERAL,1,N,2,"0,000","0,000","0,000","0,000"
5349542,SCH SPENA DIRECTORIO,CAPITAL FEDERAL,1,4.C,4,"1,147","0,816","0,000","11,000"
5349538,SCH SPENA INDEPENDENCIA,CAPITAL FEDERAL,1,4.C,4,"0,364","1,564","0,000","5,000"
5349559,SCH SPENA SAN JUAN,CAPITAL FEDERAL,1,4.C,4,"0,358","0,000","0,000","2,000"
9249030,SCHROHN,CHUBUT,1,5.D,6,"2,900","0,000","0,000","4,000"
6949839,SDBE,CAPITAL FEDERAL,1,3.B,4,"3,764","0,000","0,000","9,585"
12849548,SEBASTIAN II CRS,CAPITAL FEDERAL,1,2.A,3,"5,952","0,000","0,000","8,000"
10349315,SEC SOLUCIONES EN COBRANZAS,CORDOBA,1,4.C,4,"1,630","0,282","0,000","0,000"
9749248,SEDNA POLIRUBRO,BUENOS AIRES,1,N,2,"0,000","0,000","0,000","0,000"
8149219,SEGURO METAL,SANTA FE,1,1.VIP,2,"2,539","0,098","0,000","4,373"
12749376,SEGURO METAL MZA,MENDOZA,1,5.D,6,"0,000","0,000","0,000","0,000"
8149774,SEGURO METAL VA VALERIA,CORDOBA,1,3.B,4,"0,082","0,000","0,000","7,000"
8149465,SEGUROS ALVAREZ,BUENOS AIRES,1,N,2,"0,093","0,000","0,000","0,000"
12749377,SEGUROS AMOROSO,BUENOS AIRES,1,4.C,4,"1,078","0,000","0,000","1,705"
8049416,SEGUROS ANGEL,BUENOS AIRES,1,N,2,"1,218","0,000","0,000","0,000"
12749457,SEGUROS ANTEGIOVANNI,SANTA FE,1,5.D,6,"-0,019","0,000","0,000","1,000"
12749574,SEGUROS ARAYA MARTIN,MENDOZA,1,5.D,6,"1,540","0,000","0,000","6,928"
8149894,SEGUROS ARDEN,CHUBUT,1,5.D,6,"0,000","0,000","0,000","0,000"
12749011,SEGUROS ARNAUDO ELIZABETH,CORDOBA,1,4.C,4,"0,285","0,000","0,000","6,703"
12749148,SEGUROS ATM CAMPANA,BUENOS AIRES,1,5.D,6,"1,073","0,500","0,000","0,000"
12749147,SEGUROS ATM ZARATE,BUENOS AIRES,1,N,2,"3,000","0,500","0,000","0,000"
8149750,SEGUROS AYALA TORRES,BUENOS AIRES,1,5.D,6,"-0,105","0,000","0,000","0,957"
8149435,SEGUROS BERNAT CALLE REAL,BUENOS AIRES,1,5.D,6,"0,636","0,000","0,000","1,000"
8149434,SEGUROS BERNAT CAMPORA,BUENOS AIRES,1,5.D,6,"0,026","0,000","0,000","0,932"
8149835,SEGUROS BLENGINO,CORDOBA,1,N,2,"1,036","0,838","0,000","0,000"
12749294,SEGUROS BOCHATON,ENTRE RIOS,1,4.C,4,"-0,085","0,386","0,000","0,929"
8149812,SEGUROS BONGIOVANNI,CHUBUT,1,N,2,"0,245","0,000","0,000","0,000"
12749375,SEGUROS BORDA,BUENOS AIRES,1,4.C,4,"-0,171","0,000","0,000","2,783"
8149388,SEGUROS C Y J,CAPITAL FEDERAL,1,5.D,6,"1,454","0,000","0,000","0,000"
8149941,SEGUROS CACHO GOBERNADOR COSTA,CHUBUT,1,N,2,"1,585","0,844","0,000","0,000"
8749257,SEGUROS CALDERON,BUENOS AIRES,1,N,2,"0,000","0,000","0,000","0,000"
8149549,SEGUROS CARRANZA,SANTA FE,1,4.C,4,"0,602","0,000","0,000","0,532"
10349437,SEGUROS CASTANOLDO,BUENOS AIRES,1,5.D,6,"5,573","0,000","0,000","1,995"
12749501,SEGUROS CEBRERO,CORDOBA,1,5.D,6,"0,000","0,000","0,000","0,000"
10349446,SEGUROS CHAPPEL,BUENOS AIRES,1,4.C,4,"-0,217","0,000","0,000","2,844"
8149533,SEGUROS CHEMES,SANTA FE,1,4.C,4,"1,932","0,000","0,000","1,000"
9249019,SEGUROS COLOR AUTOMOTORES,CORDOBA,1,3.B,4,"-0,367","-0,088","0,000","0,794"
9249021,SEGUROS COLOR AUTOMOTORES II,CORDOBA,1,2.A,3,"1,484","-0,144","0,000","6,715"
8149696,SEGUROS CUCHI,BUENOS AIRES,1,1.VIP,2,"1,595","1,000","0,000","3,000"
8149601,SEGUROS DA.R,BUENOS AIRES,1,5.D,6,"0,291","0,000","0,000","3,904"
12749045,SEGUROS DAHER,MENDOZA,1,4.C,4,"-0,242","0,500","0,000","-0,087"
8049361,SEGUROS DAMONTE,BUENOS AIRES,1,2.A,3,"0,000","0,825","0,000","0,000"
12749496,SEGUROS DEAN FUNES,CORDOBA,1,3.B,4,"-0,372","0,000","0,000","1,801"
8149702,SEGUROS DESTEFANO CENTRAL,BUENOS AIRES,1,N,2,"0,000","0,000","0,000","0,000"
8149703,SEGUROS DESTEFANO MARCOS PAZ,BUENOS AIRES,1,N,2,"0,000","0,000","0,000","0,000"
8149705,SEGUROS DESTEFANO PARQUE,BUENOS AIRES,1,N,2,"4,981","1,000","0,000","0,000"
8149707,SEGUROS DESTEFANO REAL,BUENOS AIRES,1,N,2,"0,820","2,000","0,000","0,000"
8149861,SEGUROS DIAZ RODRIGUEZ,ENTRE RIOS,1,4.C,4,"-0,155","0,000","0,000","-0,171"
12749025,SEGUROS DRAGO FRINO,BUENOS AIRES,1,5.D,6,"0,122","0,344","0,000","0,000"
12749231,SEGUROS ECHENIQUE,SAN JUAN,1,4.C,4,"1,293","0,682","0,000","3,000"
12749555,SEGUROS ELIANA DE LOS ANGELES,SAN LUIS,1,5.D,6,"4,716","0,000","0,000","3,974"
12749057,SEGUROS ELVEN,BUENOS AIRES,1,N,2,"6,492","0,182","0,000","0,000"
8149439,SEGUROS FERNANDEZ 1,BUENOS AIRES,1,N,2,"2,891","0,000","0,000","0,000"
8149440,SEGUROS FERNANDEZ 2,BUENOS AIRES,1,N,2,"3,360","0,000","0,000","0,000"
8149907,SEGUROS FERNANDEZ GARIN,BUENOS AIRES,1,N,2,"1,569","0,000","0,000","0,000"
12749354,SEGUROS FERNANDEZ MARIA AMALIA,ENTRE RIOS,1,3.B,4,"1,153","-0,052","0,000","2,820"
12749171,SEGUROS FILIPPELLI,BUENOS AIRES,1,5.D,6,"-0,057","0,416","0,000","0,000"
8149500,SEGUROS FIORE,BUENOS AIRES,1,N,2,"0,336","0,000","0,000","0,000"
8149580,SEGUROS FIORE II,BUENOS AIRES,1,N,2,"0,999","0,000","0,000","0,000"
12749636,SEGUROS FIRPO DEVETTER,ENTRE RIOS,1,5.D,6,"-0,056","0,000","0,000","-0,052"
8149294,SEGUROS FRANCIA,SANTA FE,1,N,2,"0,000","0,000","0,000","1,000"
12749452,SEGUROS FRANQUELLI PABLO,SANTA FE,1,5.D,6,"-0,036","0,000","0,000","0,987"
6449154,SEGUROS FUNES OFICINA,BUENOS AIRES,1,5.D,6,"1,370","0,000","0,000","0,000"
8149379,SEGUROS GABRIEL,CORRIENTES,1,3.B,4,"1,122","1,108","0,000","3,755"
12749072,SEGUROS GABRIEL DALMASSO,CORDOBA,1,2.A,3,"1,291","0,000","0,000","2,430"
8149640,SEGUROS GARUPA,MISIONES,1,N,2,"5,089","0,000","0,000","0,000"
8149789,SEGUROS GARUPA II,MISIONES,1,4.C,4,"-0,049","0,000","0,000","1,972"
12749424,SEGUROS GENERALES,BUENOS AIRES,1,4.C,4,"1,532","0,000","0,000","4,000"
12749104,SEGUROS GENERALES,MISIONES,1,3.B,4,"2,096","-0,012","0,000","1,960"
12849980,SEGUROS GENERALES,SALTA,1,2.A,3,"5,846","0,000","0,000","2,947"
8149824,SEGUROS GENERALES DE SOUTO Y ASOC.,BUENOS AIRES,1,5.D,6,"0,000","0,000","0,000","0,000"
12849981,SEGUROS GENERALES II,SALTA,1,2.A,3,"8,566","0,000","0,000","2,970"
8149973,SEGUROS GENERALES LG,BUENOS AIRES,1,5.D,6,"1,165","0,000","0,000","1,940"
12749236,SEGUROS GLOBALES,CHACO,1,5.D,6,"-0,045","0,500","0,000","1,989"
8149776,SEGUROS GM,CORRIENTES,1,1.VIP,2,"1,439","0,320","0,000","2,581"
8149710,SEGUROS GONZALEZ JUAN,CHACO,1,3.B,4,"2,176","0,000","0,000","0,000"
10349163,SEGUROS GORJON,BUENOS AIRES,1,5.D,6,"-0,047","0,000","0,000","1,000"
12749151,SEGUROS GOTTSCHALK 3,MISIONES,1,N,2,"3,262","0,500","0,000","0,000"
12749622,SEGUROS GUELBENZU,ENTRE RIOS,1,N,2,"0,823","0,000","0,000","0,000"
12749033,SEGUROS GUERNICA,BUENOS AIRES,1,4.C,4,"0,561","0,488","0,000","1,955"
8149900,SEGUROS GYC ASESORES,RIO NEGRO,1,N,2,"0,000","0,000","0,000","0,000"
8149909,SEGUROS JACOBACCI,RIO NEGRO,1,4.C,4,"1,173","-0,052","0,000","5,851"
12749357,SEGUROS JOJOT,FORMOSA,1,5.D,6,"-0,079","0,000","0,000","0,000"
8149443,SEGUROS KUNASEK,MISIONES,1,3.B,4,"-0,257","-0,046","0,000","2,894"
12749037,SEGUROS LA CONSULTA,MENDOZA,1,N,2,"2,285","0,500","0,000","0,000"
12749048,SEGUROS LA SEGUNDA,BUENOS AIRES,1,N,2,"2,014","2,098","0,000","0,000"
8149991,SEGUROS LA TOMA,SAN LUIS,1,2.A,3,"2,140","0,000","0,000","4,710"
12749186,SEGUROS LBM  1,FORMOSA,1,N,2,"3,617","0,496","0,000","0,000"
12749187,SEGUROS LBM  2,FORMOSA,1,N,2,"2,366","0,496","0,000","0,000"
12749352,SEGUROS LEON JOSE LUIS,ENTRE RIOS,1,4.C,4,"-0,138","0,000","0,000","1,886"
8149467,SEGUROS LIBRA II,SANTA CRUZ,1,N,2,"4,291","1,412","0,000","0,000"
8149501,SEGUROS LILLINI,SANTA FE,1,5.D,6,"-0,014","0,960","0,000","1,000"
8149693,SEGUROS LOPEZ CASTILLO,MISIONES,1,4.C,4,"-0,126","0,000","0,000","0,943"
8149377,SEGUROS LORENZETTI,MISIONES,1,4.C,4,"-0,068","0,000","0,000","0,945"
12749070,SEGUROS LOS ELEMENTOS 1,BUENOS AIRES,1,N,2,"3,806","0,500","0,000","0,000"
8149862,SEGUROS MACIEL SAN SALVADOR,ENTRE RIOS,1,4.C,4,"-0,176","0,000","0,000","0,756"
12749203,SEGUROS MARIEL FALCO,CORDOBA,1,5.D,6,"-0,068","0,500","0,000","0,957"
8149538,SEGUROS MARTINEZ NANZER 1,SANTA FE,1,4.C,4,"2,335","0,000","0,000","5,958"
8149539,SEGUROS MARTINEZ NANZER 2,SANTA FE,1,5.D,6,"-0,042","0,000","0,000","0,957"
8149407,SEGUROS MAY BENAVIDEZ,BUENOS AIRES,1,4.C,4,"1,415","0,976","0,000","4,995"
8149408,SEGUROS MAY PACHECO,BUENOS AIRES,1,3.B,4,"0,234","0,000","0,000","8,656"
8149742,SEGUROS MELCHOR,CHACO,1,4.C,4,"1,955","0,000","0,000","6,878"
12749080,SEGUROS MENGONI,BUENOS AIRES,1,N,2,"3,629","0,500","0,000","0,000"
8149511,SEGUROS MEROCHENICH,MISIONES,1,4.C,4,"3,400","0,164","0,000","3,845"
12749418,SEGUROS MOLINA ALTA GRACIA,CORDOBA,1,5.D,6,"-0,046","0,000","0,000","0,000"
12749419,SEGUROS MOLINA MALAGUENO,CORDOBA,1,5.D,6,"-0,057","0,000","0,000","0,000"
8149521,SEGUROS OLIVEIRA,MISIONES,1,3.B,4,"0,447","-0,148","0,000","1,000"
10349302,SEGUROS ORGANIZACION FIRPO,ENTRE RIOS,1,4.C,4,"0,173","0,500","0,000","0,000"
12749222,SEGUROS ORGANIZACION P.J. LEDESMA,JUJUY,1,N,2,"1,064","0,422","0,000","0,000"
12749212,SEGUROS ORGANIZACION P.J. LUGANO,CAPITAL FEDERAL,1,N,2,"2,955","0,484","0,000","0,000"
12749293,SEGUROS PACOR WALTER,ENTRE RIOS,1,5.D,6,"1,397","0,500","0,000","0,000"
12749413,SEGUROS PIACENTINI,CORDOBA,1,4.C,4,"0,000","0,000","0,000","0,000"
12749422,SEGUROS PICCO ESTEFANIA,SANTA FE,1,5.D,6,"0,152","0,000","0,000","0,982"
8149734,SEGUROS PIRES,BUENOS AIRES,1,4.C,4,"-0,142","0,000","0,000","3,847"
8149503,SEGUROS PROST,BUENOS AIRES,1,4.C,4,"-0,361","0,000","0,000","1,655"
10349164,SEGUROS RABASA,BUENOS AIRES,1,N,2,"0,934","0,000","0,000","0,000"
8149700,SEGUROS RECAITE LAS HERAS,BUENOS AIRES,1,3.B,4,"1,896","-0,180","0,000","4,209"
8149704,SEGUROS RECAITE MARCOS PAZ,BUENOS AIRES,1,5.D,6,"-0,158","1,000","0,000","1,875"
8149667,SEGUROS RINCON,NEUQUEN,1,N,2,"0,905","0,000","0,000","0,000"
8149567,SEGUROS RIZZO,BUENOS AIRES,1,N,2,"0,000","0,000","0,000","0,000"
12749292,SEGUROS ROA RAMON ABEL,ENTRE RIOS,1,4.C,4,"-0,123","0,500","0,000","2,000"
8149773,SEGUROS ROBERTO SUELDO,SALTA,1,5.D,6,"1,301","0,000","0,000","1,000"
8149768,SEGUROS ROBLEDO,MISIONES,1,4.C,4,"1,895","0,000","0,000","0,947"
12749458,SEGUROS ROMAGNOLI,SANTA FE,1,N,2,"0,000","0,000","0,000","0,000"
12749076,SEGUROS RUBIO DARIO GAIMAN,CHUBUT,1,5.D,6,"-0,125","0,434","0,000","0,000"
12749316,SEGUROS SAIZ,LA PAMPA,1,4.C,4,"-0,083","0,000","0,000","1,900"
8149648,SEGUROS SAN CARLOS,MENDOZA,1,4.C,4,"-0,087","1,000","0,000","5,628"
8149993,SEGUROS SAN CAYETANO,BUENOS AIRES,1,N,2,"2,266","0,000","0,000","0,000"
12749063,SEGUROS SAN CAYETANO 2,BUENOS AIRES,1,N,2,"5,000","0,432","0,000","0,000"
12749012,SEGUROS SAN CRISTOBAL LAS HERAS,BUENOS AIRES,1,N,2,"0,000","0,000","0,000","0,000"
8149616,SEGUROS SCATTOLARO,CORRIENTES,1,4.C,4,"-0,181","0,000","0,000","0,000"
12749494,SEGUROS SCHACHNER,SANTA FE,1,4.C,4,"2,923","0,000","0,000","0,993"
12749103,SEGUROS SOURDEAUX,BUENOS AIRES,1,2.A,3,"4,487","0,190","0,000","0,000"
12749050,SEGUROS TELLO,BUENOS AIRES,1,1.VIP,2,"2,546","4,207","0,000","16,003"
8149757,SEGUROS TORRES,CHACO,1,4.C,4,"2,353","0,000","0,000","0,000"
8149890,SEGUROS TOURNOUD KAREN YAEL,ENTRE RIOS,1,3.B,4,"1,790","-0,012","0,000","6,808"
12749003,SEGUROS TRIUNFO,CORRIENTES,1,4.C,4,"-0,321","0,500","0,000","2,805"
8149928,SEGUROS VELAZCO,CORRIENTES,1,1.VIP,2,"2,544","0,000","0,000","2,890"
8149621,SEGUROS VERGARA,CORRIENTES,1,4.C,4,"1,697","0,000","0,000","0,000"
8149736,SEGUROS VICENTE IULIANI,BUENOS AIRES,1,N,2,"0,241","0,000","0,000","0,000"
8149719,SEGUROS VIEDMA,RIO NEGRO,1,2.A,3,"4,572","0,119","0,000","10,736"
8149956,SEGUROS VILLA DEL CARMEN,SAN LUIS,1,N,2,"0,248","0,000","0,000","0,000"
12749257,SEGUROS VIRREYES,BUENOS AIRES,1,5.D,6,"3,132","0,500","0,000","2,970"
12749465,SEGUROS WILCHEN,SAN LUIS,1,4.C,4,"2,518","0,000","0,000","4,000"
8149449,SEGUROS WOLEMBERG,MISIONES,1,1.VIP,2,"2,435","0,000","0,000","3,619"
12749662,SEGUROS Y COBROS ECHEGARAY,MENDOZA,1,N,2,"-0,156","-0,010","0,000","-0,057"
12749514,SEGUROS Y GESTORIA,ENTRE RIOS,1,4.C,4,"-0,382","0,000","0,000","1,891"
12749144,SEGUROS YAMILA,BUENOS AIRES,1,N,2,"2,994","0,500","0,000","0,000"
11149092,SEGUROS ZALAZAR,SALTA,1,4.C,4,"-0,364","2,286","0,000","3,769"
12849773,SEGUROS ZALAZAR II,SALTA,1,4.C,4,"-0,461","0,000","0,000","1,870"
8149509,SEGUROS ZAMORA,SALTA,1,1.VIP,2,"3,095","-0,271","0,000","2,105"
12749360,SEGUROS ZAPATA VILMA ELOISA,ENTRE RIOS,1,4.C,4,"0,524","0,000","0,000","3,000"
8149468,SEGUROS ZARATE,BUENOS AIRES,1,5.D,6,"-0,048","0,000","0,000","0,943"
7649024,SELECTIVOS,BUENOS AIRES,1,N,2,"0,000","0,000","0,000","0,000"
6749224,SENDBOX II,BUENOS AIRES,1,5.D,6,"3,300","0,000","0,000","0,000"
9949042,SENDBOX PAGOS,BUENOS AIRES,1,N,2,"5,806","0,000","0,000","0,000"
10349428,SENDING SAFE II,CAPITAL FEDERAL,1,3.B,4,"2,338","0,000","0,000","3,000"
12949255,SENDINGSAFE,CAPITAL FEDERAL,1,1.VIP,2,"10,834","2,205","0,000","2,865"
90001001,SEPSA,CAPITAL FEDERAL,1,N,2,"0,000","0,000","0,000","0,000"
90001197,SEPSA (CBSC 1),CAPITAL FEDERAL,1,N,2,"0,000","0,000","0,000","0,000"
90001198,SEPSA (CBSC 2),CAPITAL FEDERAL,1,N,2,"0,000","0,000","0,000","0,000"
90001199,SEPSA (CBSC 3),CAPITAL FEDERAL,1,N,2,"0,000","0,000","0,000","0,000"
90001200,SEPSA (CBSC 4),CAPITAL FEDERAL,1,N,2,"0,000","0,000","0,000","0,000"
90001201,SEPSA (CBSC 5),CAPITAL FEDERAL,1,N,2,"0,000","0,000","0,000","0,000"
90001202,SEPSA (CBSC 6),CAPITAL FEDERAL,1,N,2,"0,000","0,000","0,000","0,000"
90001204,SEPSA (TESORERIA),CAPITAL FEDERAL,1,N,2,"0,000","0,000","0,000","0,000"
90001379,SEPSA AGENT SUPPORT,CAPITAL FEDERAL,1,5.D,6,"0,000","0,000","0,000","0,000"
90001378,SEPSA BILLER SUPPORT,CAPITAL FEDERAL,1,5.D,6,"-0,002","0,000","0,000","0,000"
90001002,SEPSA CUSTOMER SUPPORT,CAPITAL FEDERAL,1,5.D,6,"-0,006","0,000","0,000","0,000"
6949616,SERCOB 25 DE MAYO,BUENOS AIRES,1,1.VIP,2,"2,027","0,406","0,000","1,961"
90049081,SERCOB ALEM,BUENOS AIRES,1,1.VIP,2,"7,735","0,283","0,000","2,211"
8749221,SERCOB ALEM ADM,BUENOS AIRES,1,5.D,6,"-0,167","0,000","0,000","3,616"
12849972,SERCOB ARTURO ALIO,BUENOS AIRES,1,4.C,4,"2,888","0,000","0,000","5,000"
8749373,SERCOB BALCARCE,BUENOS AIRES,1,1.VIP,2,"2,571","0,000","0,000","1,592"
90049085,SERCOB BALCARCE II,BUENOS AIRES,1,1.VIP,2,"5,311","2,000","0,000","8,132"
8149639,SERCOB BATELLI,BUENOS AIRES,1,5.D,6,"0,375","0,000","0,000","0,000"
13049394,SERCOB BAUMORE,BUENOS AIRES,1,N,2,"1,024","0,000","0,000","3,000"
8749186,SERCOB BRASIL,BUENOS AIRES,1,3.B,4,"0,567","0,000","0,000","2,000"
13049050,SERCOB CHILLAR,BUENOS AIRES,1,5.D,6,"-0,090","0,000","0,000","0,000"
12749426,SERCOB CODERED,BUENOS AIRES,1,N,2,"5,447","0,000","0,000","0,000"
12449540,SERCOB CORDOBA,BUENOS AIRES,1,1.VIP,2,"2,948","0,000","0,000","3,780"
12749629,SERCOB DARRAGUEIRA,BUENOS AIRES,1,5.D,6,"3,126","0,000","0,000","3,924"
9749931,SERCOB DESPENSA MONTE,BUENOS AIRES,1,N,2,"5,962","0,000","0,000","4,000"
13049395,SERCOB DOSITEO,BUENOS AIRES,1,5.D,6,"-0,099","0,000","0,000","-0,070"
8149477,SERCOB DURINGER QBE,BUENOS AIRES,1,5.D,6,"-0,031","0,000","0,000","0,954"
90049082,SERCOB ESPANA,BUENOS AIRES,1,1.VIP,2,"5,732","0,000","0,000","1,837"
12849855,SERCOB F DE LA PLAZA,BUENOS AIRES,1,N,2,"0,000","0,000","0,000","0,000"
11849446,SERCOB FARMACIA 2 DE ABRIL,BUENOS AIRES,1,5.D,6,"-0,080","0,000","0,000","-0,042"
11849405,SERCOB FARMACIA LAIRIHON,BUENOS AIRES,1,4.C,4,"12,110","0,000","0,000","3,872"
90049089,SERCOB FIGUEROA,BUENOS AIRES,1,1.VIP,2,"2,539","0,000","0,000","0,000"
12949500,SERCOB GENOVA,BUENOS AIRES,1,5.D,6,"-0,072","0,000","0,000","-0,062"
5249117,SERCOB GRAL PAZ,BUENOS AIRES,1,N,2,"0,000","1,592","0,000","0,000"
12849089,SERCOB HINOJO,BUENOS AIRES,1,4.C,4,"0,351","0,500","0,000","2,000"
90049090,SERCOB IRIGOYEN,BUENOS AIRES,1,4.C,4,"0,000","0,000","0,000","0,000"
13049663,SERCOB KIOSCO CHIDO,BUENOS AIRES,1,N,2,"3,652","0,000","0,000","4,000"
13049662,SERCOB KIOSCO DAYRA,BUENOS AIRES,1,N,2,"-0,039","0,000","0,000","-0,013"
8149930,SERCOB LAS FLORES,BUENOS AIRES,1,1.VIP,2,"3,641","0,046","0,000","4,834"
12949486,SERCOB LISANDO DE LA TORRE,BUENOS AIRES,1,5.D,6,"1,699","0,000","0,000","5,000"
12949487,SERCOB LIVIO,BUENOS AIRES,1,5.D,6,"-0,041","0,000","0,000","0,000"
9849299,SERCOB LO DEL CHINO,BUENOS AIRES,1,5.D,6,"0,000","0,000","0,000","0,000"
12849832,SERCOB MAIPU,BUENOS AIRES,1,N,2,"0,000","0,000","0,000","0,000"
12749628,SERCOB MARCONI,BUENOS AIRES,1,5.D,6,"3,462","0,000","0,000","3,920"
6149686,SERCOB MARIO BRAVO,BUENOS AIRES,1,N,2,"-0,017","0,000","0,000","-0,003"
7449141,SERCOB MDP,BUENOS AIRES,1,5.D,6,"-0,055","0,000","0,000","1,000"
90049139,SERCOB MGB COBRANZAS,BUENOS AIRES,1,5.D,6,"-0,020","0,000","0,000","0,000"
12449365,SERCOB MITRE,BUENOS AIRES,1,4.C,4,"1,565","0,000","0,000","3,703"
8749332,SERCOB MONTREAL,BUENOS AIRES,1,2.A,3,"0,188","0,000","0,000","0,000"
8149931,SERCOB PASCAL SEGUROS,BUENOS AIRES,1,4.C,4,"1,582","0,000","0,000","1,888"
12449633,SERCOB PLAYA SERENA,BUENOS AIRES,1,4.C,4,"1,140","0,804","0,000","1,000"
8149429,SERCOB PROA,BUENOS AIRES,1,2.A,3,"4,368","0,000","0,000","9,626"
8749328,SERCOB RAUCH,BUENOS AIRES,1,2.A,3,"3,235","-0,168","0,000","3,290"
12849694,SERCOB SANTA FE DOS,BUENOS AIRES,1,4.C,4,"2,116","0,000","0,000","2,919"
12949030,SERCOB SARMIENTO OLAVARRIA,BUENOS AIRES,1,N,2,"0,000","0,500","0,000","0,000"
12949518,SERCOB SBERNA,BUENOS AIRES,1,5.D,6,"0,000","0,000","0,000","0,000"
8749333,SERCOB TALCAHUANO,BUENOS AIRES,1,4.C,4,"-0,109","0,000","0,000","0,901"
12849720,SERCOB VIA COBRANZAS,BUENOS AIRES,1,N,2,"1,397","0,000","0,000","0,000"
7249230,SERENA TU LUGAR,CHACO,1,5.D,6,"-0,106","0,000","0,000","-0,103"
6949767,SERENDIPIA,SANTA FE,1,N,2,"2,379","0,498","0,000","0,000"
12849114,SERENDIPITY,TIERRA DEL FUEGO,1,1.VIP,2,"2,513","2,274","0,000","9,000"
12649748,SERGIO SOLIS,CHACO,1,5.D,6,"-0,171","0,000","0,000","-0,031"
13049340,SERGIOCAVA,BUENOS AIRES,1,1.VIP,2,"3,607","0,000","0,000","1,000"
7249129,SER-MAR,CATAMARCA,1,N,2,"1,078","0,000","0,000","0,000"
10349225,SERV EMPR GRAL SANTA BARBARA,CAPITAL FEDERAL,1,1.VIP,2,"2,838","5,709","0,000","17,000"
6149643,SERVI COMPRAS EL HORMIGA,MENDOZA,1,3.B,4,"-0,585","0,000","0,000","2,453"
7149130,SERVICEKAIROS,CHACO,1,4.C,4,"-0,057","0,000","0,000","-0,013"
12149087,SERVICEL,JUJUY,1,3.B,4,"3,573","0,000","0,000","4,737"
5249119,SERVICENTRO ALFONZO,BUENOS AIRES,1,4.C,4,"-0,248","0,000","0,000","-0,282"
11249036,SERVICER S.A,BUENOS AIRES,1,N,2,"0,000","0,000","0,000","0,000"
10049057,SERVICIO DE PAGOS EL BANQUITO 2,NEUQUEN,1,4.C,4,"3,680","1,698","0,000","0,000"
12449804,SERVICIO ESTACION DERQUI,BUENOS AIRES,1,1.VIP,2,"6,157","5,118","0,000","1,943"
12849329,SERVICIO EXPRESS,LA PAMPA,1,N,2,"2,867","0,716","0,000","0,000"
8049010,SERVICIO INTEGRAL,BUENOS AIRES,1,1.VIP,2,"4,693","-4,864","0,000","3,384"
10349178,SERVICIO INTEGRAL II,BUENOS AIRES,1,2.A,3,"3,407","1,913","0,000","1,587"
6149661,SERVICIO INTEGRAL LIEBIG,ENTRE RIOS,1,5.D,6,"0,000","0,000","0,000","0,000"
12749374,SERVICIO MARTINEZ,BUENOS AIRES,1,5.D,6,"0,044","0,000","0,000","0,000"
90049150,SERVICIO MELON,CORDOBA,1,2.A,3,"1,484","0,000","0,000","1,601"
12749478,SERVICIO PATAGONIA 5,BUENOS AIRES,1,4.C,4,"2,155","0,000","0,000","6,688"
10349364,SERVICIO SAN ROQUE,MENDOZA,1,2.A,3,"4,080","0,000","0,000","3,566"
10049069,SERVICIO TECNICO VILLAFANE,FORMOSA,1,N,2,"3,797","0,500","0,000","0,000"
7149134,SERVICIO WEB,JUJUY,1,5.D,6,"3,280","0,000","0,000","1,949"
12949119,SERVICIOS 11 14,CAPITAL FEDERAL,1,4.C,4,"1,688","0,956","0,000","2,000"
12749441,SERVICIOS 12 PASOS,BUENOS AIRES,1,N,2,"0,000","0,000","0,000","0,000"
12749455,SERVICIOS 12 PASOS 2,BUENOS AIRES,1,N,2,"0,000","0,000","0,000","0,000"
8749385,SERVICIOS 3 LAGUNAS,FORMOSA,1,3.B,4,"0,553","0,000","0,000","3,864"
12949192,SERVICIOS 31,CAPITAL FEDERAL,1,N,2,"0,000","0,000","0,000","0,000"
7849079,SERVICIOS ALMA PROP,CAPITAL FEDERAL,1,N,2,"1,002","1,183","0,000","0,000"
7149124,SERVICIOS ALMA PROP I CRS,CAPITAL FEDERAL,1,1.VIP,2,"2,122","1,000","0,000","4,000"
7849074,SERVICIOS ALSINA,BUENOS AIRES,1,2.A,3,"2,146","0,128","0,000","0,000"
9949033,SERVICIOS ALSINA CRS,BUENOS AIRES,1,1.VIP,2,"3,456","2,000","0,000","2,923"
8049133,SERVICIOS ANA FRANK,CAPITAL FEDERAL,1,N,2,"0,624","0,000","0,000","0,000"
8049234,SERVICIOS ANNA FRANK (DIRECTORIO),CAPITAL FEDERAL,1,N,2,"8,043","4,598","0,000","0,000"
8749154,SERVICIOS ARCADIA,CAPITAL FEDERAL,1,2.A,3,"1,318","0,530","0,000","0,000"
8149913,SERVICIOS ARCE,FORMOSA,1,1.VIP,2,"1,395","0,000","0,000","1,398"
7149096,SERVICIOS ARIJON,SANTA FE,1,1.VIP,2,"4,027","-1,513","0,000","3,425"
6949833,SERVICIOS AVENIDA,BUENOS AIRES,1,N,2,"0,000","0,000","0,000","0,000"
12849624,SERVICIOS BALLOFFET,MENDOZA,1,3.B,4,"6,033","1,542","0,000","0,422"
7149058,SERVICIOS BARCELONA II,CAPITAL FEDERAL,1,2.A,3,"0,197","0,000","0,000","0,000"
12849745,SERVICIOS BARRIALES 1,MENDOZA,1,4.C,4,"0,564","1,196","0,000","4,000"
12949388,SERVICIOS BELL,BUENOS AIRES,1,1.VIP,2,"9,297","0,000","0,000","11,000"
7449160,SERVICIOS BERACA,BUENOS AIRES,1,N,2,"0,000","0,000","0,000","0,000"
10349367,SERVICIOS BERMEJO,MENDOZA,1,N,2,"2,576","0,000","0,000","0,000"
8749374,SERVICIOS BUSCHIAZZO,CHUBUT,1,N,2,"3,519","0,024","0,000","0,000"
8149948,SERVICIOS CALLAO,CAPITAL FEDERAL,1,4.C,4,"3,830","0,603","0,000","0,000"
8749355,SERVICIOS CARAPACHAY,BUENOS AIRES,1,N,2,"8,252","2,503","0,000","1,000"
12749193,SERVICIOS CENTURY,BUENOS AIRES,1,N,2,"2,059","0,432","0,000","0,000"
10749009,SERVICIOS CENTURY 2,BUENOS AIRES,1,N,2,"3,953","0,372","0,000","0,000"
11949807,SERVICIOS CHEPES,LA RIOJA,1,5.D,6,"-0,034","0,000","0,000","0,000"
12949093,SERVICIOS CIMAY,NEUQUEN,1,1.VIP,2,"1,329","-1,263","0,000","0,881"
11949881,SERVICIOS COLOMBRES,BUENOS AIRES,1,2.A,3,"0,000","0,000","0,000","0,000"
12049273,SERVICIOS COMANDANTE SALAS,MENDOZA,1,N,2,"0,000","0,000","0,000","0,000"
8149929,SERVICIOS CONIGLIO,BUENOS AIRES,1,2.A,3,"0,339","0,000","0,000","0,000"
12849806,SERVICIOS CONSTITUCION,BUENOS AIRES,1,N,2,"0,000","0,433","0,000","0,000"
8149886,SERVICIOS CORBALAN,CHACO,1,N,2,"0,000","0,000","0,000","0,000"
10349331,SERVICIOS CUARTEL V,BUENOS AIRES,1,N,2,"0,000","0,000","0,000","0,000"
13049201,SERVICIOS DE COBRANZAS JAVIER,NEUQUEN,1,1.VIP,2,"1,509","0,000","0,000","3,000"
6349403,SERVICIOS DE COMUNICACIONES,BUENOS AIRES,1,1.VIP,2,"5,933","0,000","0,000","1,319"
8249169,SERVICIOS DE PAGO AEROBUS,NEUQUEN,1,N,2,"3,780","0,484","0,000","0,000"
8249177,SERVICIOS DE PAGO AEROBUS TERMINAL,NEUQUEN,1,N,2,"3,987","0,478","0,000","0,000"
90049087,SERVICIOS DE PAGO CIPOLLETTI,RIO NEGRO,1,1.VIP,2,"11,118","2,750","0,000","28,000"
12749632,SERVICIOS DE PAGO CIPOLLETTI,RIO NEGRO,1,5.D,6,"10,859","-0,195","0,000","9,204"
12649614,SERVICIOS DE PAGO SANTA ROSA AGENCIA 18,LA PAMPA,1,N,2,"3,968","0,000","0,000","5,000"
12849600,SERVICIOS DE PAGOS HUERGOS,RIO NEGRO,1,2.A,3,"3,909","0,924","0,000","8,000"
9749647,SERVICIOS DE PAGOS YAEL,NEUQUEN,1,4.C,4,"2,718","2,492","0,000","1,922"
8749167,SERVICIOS DEL BARRIO,BUENOS AIRES,1,1.VIP,2,"10,398","1,656","0,000","9,000"
7149053,SERVICIOS DEL PARQUE,BUENOS AIRES,1,1.VIP,2,"2,628","0,000","0,000","3,000"
11349082,SERVICIOS DEL PARQUE,BUENOS AIRES,1,N,2,"2,955","0,000","0,000","2,142"
8749356,SERVICIOS DEL TADICOR,MENDOZA,1,3.B,4,"2,944","0,000","0,000","13,000"
7149156,SERVICIOS DEL VALLE,SANTA FE,1,4.C,4,"5,447","0,000","0,000","4,000"
8049026,SERVICIOS DIVER TOUR S.A. LOBERIA,BUENOS AIRES,1,3.B,4,"0,000","1,142","0,000","0,000"
8049025,SERVICIOS DIVER TOUR S.A. NECOCHEA,BUENOS AIRES,1,1.VIP,2,"4,276","0,000","0,000","13,089"
12949400,SERVICIOS EL CAUQUEN,BUENOS AIRES,1,3.B,4,"8,038","0,000","0,000","12,000"
90049048,SERVICIOS EL TREBOL,CAPITAL FEDERAL,1,1.VIP,2,"5,424","3,000","0,000","1,000"
12649151,SERVICIOS EL TREBOL 2,CAPITAL FEDERAL,1,1.VIP,2,"2,871","2,583","0,000","0,000"
6149426,SERVICIOS EL TREBOL 3,CAPITAL FEDERAL,1,1.VIP,2,"2,707","7,281","0,000","0,000"
12649498,SERVICIOS EL TREBOL 6,CAPITAL FEDERAL,1,1.VIP,2,"2,537","6,412","0,000","0,000"
12649623,SERVICIOS EL TREBOL 8,CAPITAL FEDERAL,1,4.C,4,"1,198","0,000","0,000","0,000"
12949112,SERVICIOS ESTACION DERQUI 2,BUENOS AIRES,1,1.VIP,2,"5,458","2,532","0,000","3,446"
12949254,SERVICIOS ESTACION DERQUI 3,BUENOS AIRES,1,4.C,4,"2,096","1,244","0,000","4,000"
9149044,SERVICIOS EXPRESS JUNCAL,CAPITAL FEDERAL,1,1.VIP,2,"2,275","0,171","0,000","7,176"
9149043,SERVICIOS EXPRESS JURAMENTO,CAPITAL FEDERAL,1,1.VIP,2,"4,917","1,160","0,000","2,625"
9149045,SERVICIOS EXPRESS LAVALLE,CAPITAL FEDERAL,1,N,2,"1,126","0,402","0,000","0,000"
9149041,SERVICIOS EXPRESS NEWBERY,CAPITAL FEDERAL,1,1.VIP,2,"5,314","0,000","0,000","1,955"
90049078,SERVICIOS EXPRESS OLAZABAL,CAPITAL FEDERAL,1,1.VIP,2,"6,498","-1,689","0,000","2,081"
9149042,SERVICIOS EXPRESS RECOLETA,CAPITAL FEDERAL,1,1.VIP,2,"3,192","0,673","0,000","2,867"
9149040,SERVICIOS EXPRESS SAN MARTIN 518,CAPITAL FEDERAL,1,1.VIP,2,"5,786","1,000","0,000","2,033"
9149122,SERVICIOS EXPRESS SARMIENTO 521,CAPITAL FEDERAL,1,1.VIP,2,"4,930","-0,300","0,000","1,827"
12949638,SERVICIOS EYP,CAPITAL FEDERAL,1,N,2,"0,951","0,000","0,000","0,000"
6749186,SERVICIOS FERRETERIA,BUENOS AIRES,1,1.VIP,2,"3,574","-8,155","0,000","1,186"
8049279,SERVICIOS FLORESTA,CAPITAL FEDERAL,1,1.VIP,2,"5,397","0,000","0,000","5,000"
6949693,SERVICIOS GALERIA GRAND BOURG,BUENOS AIRES,1,2.A,3,"3,000","1,000","0,000","0,000"
8749159,SERVICIOS GALERIA TONSA,MENDOZA,1,N,2,"1,792","1,001","0,000","0,000"
10349311,SERVICIOS GAONA,CAPITAL FEDERAL,1,N,2,"3,165","0,075","0,000","0,000"
12649586,SERVICIOS GLORIA,SAN LUIS,1,N,2,"1,424","0,000","0,000","0,000"
12349058,SERVICIOS GODOY,SANTA FE,1,N,2,"0,854","0,000","0,000","0,000"
12649616,SERVICIOS GOROSTIAGA,CAPITAL FEDERAL,1,N,2,"0,000","0,000","0,000","0,000"
10349304,SERVICIOS GORRITI,BUENOS AIRES,1,N,2,"0,000","0,000","0,000","0,000"
12449836,SERVICIOS GRAN REY,NEUQUEN,1,1.VIP,2,"5,189","0,000","0,000","2,818"
7149091,SERVICIOS GREEN CREDIT ALSINA,BUENOS AIRES,1,N,2,"1,485","1,374","0,000","0,000"
8149818,SERVICIOS HINDING,BUENOS AIRES,1,4.C,4,"2,914","-0,010","0,000","3,811"
9149058,SERVICIOS IBIS,BUENOS AIRES,1,3.B,4,"3,818","-0,520","0,000","2,813"
12749116,SERVICIOS IL NONO,BUENOS AIRES,1,N,2,"0,000","0,000","0,000","0,000"
11449156,SERVICIOS INFORMATICOS ANDINO,CHACO,1,4.C,4,"3,703","0,000","0,000","0,902"
8149916,SERVICIOS IOTTI,FORMOSA,1,N,2,"0,000","0,000","0,000","0,000"
12749617,SERVICIOS JANJICEK,NEUQUEN,1,N,2,"1,408","0,000","0,000","3,631"
7149107,SERVICIOS JMPAZ,BUENOS AIRES,1,2.A,3,"0,783","1,725","0,000","0,000"
12849093,SERVICIOS JOSE C PAZ,BUENOS AIRES,1,N,2,"3,978","1,918","0,000","0,000"
12949327,SERVICIOS LA 143,BUENOS AIRES,1,N,2,"26,693","0,000","0,000","0,000"
10349423,SERVICIOS LA PALOMA,MENDOZA,1,5.D,6,"4,000","0,000","0,000","7,000"
5349384,SERVICIOS LA PUNTA,SAN LUIS,1,1.VIP,2,"2,148","1,912","0,000","4,000"
7849070,SERVICIOS LAREGINA,BUENOS AIRES,1,1.VIP,2,"5,436","-1,138","0,000","5,672"
7149128,SERVICIOS LARRAYA,CAPITAL FEDERAL,1,2.A,3,"16,455","0,000","0,000","6,655"
8149952,SERVICIOS LAS HERAS,CAPITAL FEDERAL,1,3.B,4,"2,592","-0,740","0,000","1,443"
8149699,SERVICIOS LOMA HERMOSA,BUENOS AIRES,1,2.A,3,"2,649","0,717","0,000","0,000"
12749439,SERVICIOS LUJAN,BUENOS AIRES,1,2.A,3,"3,881","0,000","0,000","1,402"
12749525,SERVICIOS LUNA,BUENOS AIRES,1,2.A,3,"0,702","2,000","0,000","2,000"
7149049,SERVICIOS LUZ CARAZA,BUENOS AIRES,1,N,2,"0,000","0,000","0,000","0,000"
11949763,SERVICIOS LYNCH,BUENOS AIRES,1,N,2,"5,602","0,000","0,000","0,000"
7149131,SERVICIOS MADAGASCAR,CAPITAL FEDERAL,1,2.A,3,"4,743","0,000","0,000","2,204"
13049037,SERVICIOS MAIPU,BUENOS AIRES,1,2.A,3,"7,510","5,068","0,000","20,000"
12949711,SERVICIOS MAIPU,CAPITAL FEDERAL,1,5.D,6,"0,000","0,000","0,000","0,000"
12449773,SERVICIOS MALVINAS,NEUQUEN,1,N,2,"5,475","1,200","0,000","0,000"
10249915,SERVICIOS MANA,MISIONES,1,1.VIP,2,"1,004","1,000","0,000","0,877"
8749278,SERVICIOS MARTINEZ,BUENOS AIRES,1,N,2,"1,796","0,000","0,000","0,000"
12249195,SERVICIOS MARU 3,BUENOS AIRES,1,2.A,3,"4,299","1,588","0,000","1,492"
10349220,SERVICIOS MIA,NEUQUEN,1,1.VIP,2,"4,369","1,081","0,000","8,000"
8049183,SERVICIOS MOLINA,SAN JUAN,1,2.A,3,"1,540","0,000","0,000","2,000"
12949325,SERVICIOS MONTE 2,BUENOS AIRES,1,1.VIP,2,"1,303","0,000","0,000","1,405"
5849023,SERVICIOS OLEA,RIO NEGRO,1,4.C,4,"10,601","0,000","0,000","5,818"
11049461,SERVICIOS OSORIO,ENTRE RIOS,1,N,2,"-0,056","-0,302","0,000","-0,077"
12949507,SERVICIOS PALERMO,CAPITAL FEDERAL,1,2.A,3,"12,097","0,000","0,000","12,000"
10349275,SERVICIOS PALMIRA,MENDOZA,1,1.VIP,2,"5,884","2,000","0,000","13,977"
12949482,SERVICIOS PAREDITAS,MENDOZA,1,5.D,6,"-0,234","0,000","0,000","2,881"
12749474,SERVICIOS PATAGONIA 1,BUENOS AIRES,1,4.C,4,"-0,173","0,000","0,000","0,957"
9149036,SERVICIOS PATAGONIA 1,BUENOS AIRES,1,N,2,"1,733","2,608","0,000","0,000"
9149037,SERVICIOS PATAGONIA 2,BUENOS AIRES,1,2.A,3,"5,060","0,329","0,000","0,000"
12749475,SERVICIOS PATAGONIA 2,BUENOS AIRES,1,4.C,4,"0,959","0,000","0,000","1,000"
12749153,SERVICIOS PATAGONIA 3,BUENOS AIRES,1,N,2,"1,165","0,340","0,000","0,000"
12749477,SERVICIOS PATAGONIA 4,BUENOS AIRES,1,4.C,4,"-0,372","0,000","0,000","1,954"
12749479,SERVICIOS PATAGONIA 6,CAPITAL FEDERAL,1,4.C,4,"0,000","0,000","0,000","7,000"
12749639,SERVICIOS PATAGONIA CORONEL DIAZ,CAPITAL FEDERAL,1,N,2,"0,646","0,000","0,000","0,000"
12749609,SERVICIOS PATAGONIA NORDELTA,BUENOS AIRES,1,5.D,6,"-0,134","0,000","0,000","0,000"
12749614,SERVICIOS PATAGONIA POINT,BUENOS AIRES,1,5.D,6,"3,515","-0,308","0,000","1,932"
12749613,SERVICIOS PATAGONIA PUEYRREDON,CAPITAL FEDERAL,1,N,2,"2,021","0,000","0,000","2,000"
11949691,SERVICIOS PATRI,CAPITAL FEDERAL,1,3.B,4,"3,427","0,000","0,000","2,336"
7349031,SERVICIOS PENEPIL,RIO NEGRO,1,N,2,"5,433","-0,074","0,000","4,317"
13049830,SERVICIOS PERON AUSTRAL,BUENOS AIRES,1,5.D,6,"-0,104","-0,204","0,000","-0,041"
8149963,SERVICIOS PIRANE,FORMOSA,1,2.A,3,"0,759","0,000","0,000","2,000"
10349125,SERVICIOS POLVORINES,BUENOS AIRES,1,N,2,"1,037","0,800","0,000","0,000"
9149116,SERVICIOS POLVORINES 2,BUENOS AIRES,1,2.A,3,"0,000","1,739","0,000","0,000"
10349387,SERVICIOS PONTEVEDRA,BUENOS AIRES,1,3.B,4,"2,052","0,000","0,000","3,861"
11949904,SERVICIOS PONTEVEDRA,BUENOS AIRES,1,N,2,"6,000","1,356","0,000","0,000"
10349317,SERVICIOS PUSSO,BUENOS AIRES,1,N,2,"4,998","0,000","0,000","0,000"
10349318,SERVICIOS PUSSO II,BUENOS AIRES,1,N,2,"3,655","0,870","0,000","0,000"
8249106,SERVICIOS RAM,CORRIENTES,1,4.C,4,"-0,273","0,000","0,000","2,630"
10349072,SERVICIOS RC,MENDOZA,1,2.A,3,"52,572","0,696","0,000","48,039"
10049121,SERVICIOS RM,BUENOS AIRES,1,5.D,6,"3,343","0,000","0,000","2,000"
12749023,SERVICIOS ROCA,BUENOS AIRES,1,3.B,4,"0,981","3,189","0,000","4,000"
8749197,SERVICIOS RODRIGUEZ PENA,MENDOZA,1,4.C,4,"1,169","-0,050","0,000","1,852"
10349343,SERVICIOS ROJAS,CAPITAL FEDERAL,1,2.A,3,"2,684","0,000","0,000","0,000"
8049344,SERVICIOS ROSA MABEL FOGAR,CHACO,1,5.D,6,"3,492","3,000","0,000","1,000"
12449911,SERVICIOS RYM,NEUQUEN,1,3.B,4,"3,462","1,830","0,000","11,000"
8749404,SERVICIOS SAIEG,BUENOS AIRES,1,1.VIP,2,"4,366","-0,039","0,000","3,471"
12949781,SERVICIOS SAN ALFONSO,MISIONES,1,N,2,"-0,011","0,000","0,000","-0,003"
7149132,SERVICIOS SAN ANTONIO,MISIONES,1,4.C,4,"4,142","0,000","0,000","1,886"
12749240,SERVICIOS SAN FERNANDO,BUENOS AIRES,1,5.D,6,"2,288","0,458","0,000","0,974"
8749265,SERVICIOS SAN GABRIEL,JUJUY,1,1.VIP,2,"6,210","0,000","0,000","3,628"
12949322,SERVICIOS SAN MARTIN,BUENOS AIRES,1,1.VIP,2,"1,486","0,000","0,000","3,803"
7149120,SERVICIOS SAN MARTIN FULL,BUENOS AIRES,1,2.A,3,"4,425","0,000","0,000","4,417"
8749212,SERVICIOS SAN MIGUEL,BUENOS AIRES,1,N,2,"2,708","0,000","0,000","0,000"
7149071,SERVICIOS SANTA ROSA II,CAPITAL FEDERAL,1,1.VIP,2,"3,735","4,275","0,000","7,584"
8249123,SERVICIOS SCALABRINI,CAPITAL FEDERAL,1,3.B,4,"2,766","-0,535","0,000","-0,556"
12949242,SERVICIOS SENZABELLO,BUENOS AIRES,1,2.A,3,"0,866","0,478","0,000","0,000"
12749146,SERVICIOS SERAZIN,BUENOS AIRES,1,4.C,4,"1,758","1,000","0,000","4,000"
12949026,SERVICIOS SESQUINENTENARIO GRAND BOURG,BUENOS AIRES,1,N,2,"1,865","0,998","0,000","0,000"
11949953,SERVICIOS SIMINI,BUENOS AIRES,1,N,2,"3,045","1,596","0,000","0,000"
8049047,SERVICIOS SOLUCIONES.COM,BUENOS AIRES,1,4.C,4,"1,825","0,000","0,000","2,840"
8149994,SERVICIOS SPINETTO,LA PAMPA,1,N,2,"4,668","1,284","0,000","0,000"
8049340,SERVICIOS TERROME,BUENOS AIRES,1,2.A,3,"2,825","-0,210","0,000","1,380"
7149083,SERVICIOS THIANA II,BUENOS AIRES,1,N,2,"0,000","1,263","0,000","0,000"
9149035,SERVICIOS TORRES DEL SOL,BUENOS AIRES,1,3.B,4,"4,794","1,000","0,000","3,704"
7149157,SERVICIOS TORRES DEL SOL LA LONJA,BUENOS AIRES,1,N,2,"-0,124","-0,098","0,000","-0,024"
12849687,SERVICIOS TRAFUL I,CAPITAL FEDERAL,1,2.A,3,"2,837","0,000","0,000","4,000"
12849686,SERVICIOS TRAFUL II,CAPITAL FEDERAL,1,4.C,4,"1,195","0,000","0,000","0,000"
7149084,SERVICIOS VAIVEN,CAPITAL FEDERAL,1,1.VIP,2,"5,088","1,327","0,000","3,187"
12749077,SERVICIOS VALEN,BUENOS AIRES,1,1.VIP,2,"2,299","0,000","0,000","1,951"
12949212,SERVICIOS VALPARAISO,BUENOS AIRES,1,N,2,"1,988","0,000","0,000","0,000"
12449819,SERVICIOS VAZQUEZ,BUENOS AIRES,1,N,2,"1,694","0,764","0,000","0,000"
10349378,SERVICIOS VELEZ SARSFIELD,BUENOS AIRES,1,N,2,"5,870","0,000","0,000","0,000"
10349386,SERVICIOS VELEZ SARSFIELD 2,BUENOS AIRES,1,N,2,"0,000","0,000","0,000","0,000"
10349418,SERVICIOS Y PAGOS,MENDOZA,1,4.C,4,"4,465","1,960","0,000","11,000"
7549888,SERVICOMPRA CRISTIAN,NEUQUEN,1,4.C,4,"-0,111","0,000","0,000","0,000"
13049649,SERVICOS COBO FULL,CAPITAL FEDERAL,1,5.D,6,"7,637","0,000","0,000","3,000"
10349286,SERVIPAGO,MENDOZA,1,2.A,3,"3,010","0,000","0,000","0,000"
11949889,SERVIPAGO ERASMIE,MISIONES,1,2.A,3,"3,531","0,354","0,000","7,442"
12849623,SERVIPAGO VILLA RUFF,MISIONES,1,2.A,3,"2,896","0,268","0,000","2,459"
6349385,SERVIRAP,CATAMARCA,1,N,2,"0,627","0,000","0,000","0,000"
11849311,SERVIRAP 1,CATAMARCA,1,N,2,"1,045","0,000","0,000","0,000"
8749226,SERVIRED,BUENOS AIRES,1,N,2,"0,000","0,000","0,000","0,000"
10349383,SERVITRANSFER,MENDOZA,1,3.B,4,"0,746","7,014","0,000","1,966"
12449862,SEU-ZE,SANTIAGO DEL ESTERO,1,N,2,"1,990","0,000","0,000","0,000"
6649074,SEVERO CARNES,MENDOZA,1,4.C,4,"6,968","0,000","0,000","8,818"
8149609,SFG,SANTA FE,1,N,2,"0,000","0,000","0,000","0,000"
12749674,SG SEGUROS Y GESTORIA (SOLO PEI),RIO NEGRO,1,N,2,"0,000","0,000","0,000","-0,001"
12749676,SG SEGUROS Y GESTORIA II (SOLO PEI),CHUBUT,1,N,2,"0,000","0,000","0,000","0,000"
12749675,SG SEGUROS Y GESTORIA III (SOLO PEI),CHUBUT,1,N,2,"0,000","0,000","0,000","-0,001"
12749214,SGM SEGUROS GENERALES,MISIONES,1,4.C,4,"0,356","0,362","0,000","0,978"
5206032,SHELL BASAVILBASO,BUENOS AIRES,1,5.D,6,"1,909","0,000","0,000","-0,121"
5205000,SHELL CASA MATRIZ,CAPITAL FEDERAL,1,N,2,"0,000","0,000","0,000","0,000"
5206034,SHELL LA CURVA,BUENOS AIRES,1,1.VIP,2,"3,981","0,000","0,000","3,000"
5249161,SHELL RIVADAVIA,BUENOS AIRES,1,4.C,4,"0,000","0,000","0,000","0,000"
11949262,SHOCK SEGURIDAD E INDUMENTARIA INDUSTRIA,ENTRE RIOS,1,2.A,3,"1,329","-0,153","0,000","3,667"
13049314,SHOP MARKET,SALTA,1,4.C,4,"2,164","0,000","0,000","2,946"
7449218,SHOP1947,BUENOS AIRES,1,5.D,6,"0,753","0,000","0,000","0,000"
11449147,SI SEGURIDAD,CORRIENTES,1,1.VIP,2,"6,386","0,000","0,000","4,807"
13049695,SIBILEA,BUENOS AIRES,1,5.D,6,"10,615","0,000","0,000","4,372"
12949529,SIBILLA SERVICIOS,CAPITAL FEDERAL,1,4.C,4,"7,429","0,000","0,000","5,532"
8002001,SICOM ALEM 2,JUJUY,1,2.A,3,"3,522","3,894","0,000","4,227"
8002005,SICOM ALVEAR,JUJUY,1,2.A,3,"3,684","0,870","0,000","2,133"
8002008,SICOM SALTA,SALTA,1,2.A,3,"2,618","0,206","0,000","0,000"
8002009,SICOM SAN PEDRO,JUJUY,1,4.C,4,"-0,413","0,000","0,000","1,812"
8002016,SICOM SUPER COMODIN ALTO COMEDERO,JUJUY,1,2.A,3,"4,892","1,000","0,000","6,000"
8149996,SICOM TUCUMAN,TUCUMAN,1,N,2,"1,372","0,406","0,000","0,000"
12849524,SIEMPRE JUNTOS,BUENOS AIRES,1,4.C,4,"5,030","1,000","0,000","4,798"
12749460,SIERRA CONSULTORES,BUENOS AIRES,1,N,2,"7,943","0,000","0,000","0,000"
7549701,SIETE ESTRELLAS,CORDOBA,1,1.VIP,2,"7,139","0,000","0,000","4,378"
10349333,SIETE ONCE,CORDOBA,1,4.C,4,"1,177","0,826","0,000","7,000"
6949613,SIGNO MAS,CORDOBA,1,N,2,"0,000","0,000","0,000","0,000"
7849073,SILARQ ARQUITECTURA Y INMOBILIARIA,MISIONES,1,5.D,6,"4,203","0,000","0,000","0,000"
6149428,SILMAR,BUENOS AIRES,1,1.VIP,2,"4,558","-0,384","0,000","2,131"
12849244,SILSER,CHACO,1,5.D,6,"0,000","0,464","0,000","1,000"
6049069,SILVIA CALZADOS,FORMOSA,1,N,2,"2,301","0,916","0,000","0,000"
12149159,SILVIA CAROLINA RAMOS,MISIONES,1,3.B,4,"-0,112","0,000","0,000","0,000"
6249113,SIMA,CORDOBA,1,1.VIP,2,"3,114","0,000","0,000","3,682"
6949458,SIMON DICE LIBRERIA,BUENOS AIRES,1,4.C,4,"3,818","0,000","0,000","3,900"
12949459,SIMPLE,CAPITAL FEDERAL,1,3.B,4,"4,142","0,000","0,000","11,550"
9849239,SIMPLE,MENDOZA,1,N,2,"1,515","0,476","0,000","0,000"
8049319,SIMPLE SERVICIOS,BUENOS AIRES,1,2.A,3,"4,921","1,138","0,000","6,744"
8149896,SIMPLE SERVICIOS 2,BUENOS AIRES,1,3.B,4,"2,019","0,513","0,000","7,745"
6949955,SINALOA PAGOS,CAPITAL FEDERAL,1,N,2,"-0,170","-0,916","0,000","-0,026"
7849072,SINERGIA COMERCIAL,TUCUMAN,1,N,2,"0,000","0,000","0,000","0,000"
8149566,SINERGIA GRUPO,CHUBUT,1,5.D,6,"0,048","0,000","0,000","-0,005"
8149426,SIS SEGUROS,BUENOS AIRES,1,N,2,"1,819","2,000","0,000","0,000"
12949142,SI-SI,CHACO,1,N,2,"1,275","0,500","0,000","0,000"
8049222,SISTEM CARD,SAN LUIS,1,4.C,4,"0,050","0,000","0,000","4,833"
7449155,SITIO KIDS,SANTA FE,1,N,2,"2,900","0,000","0,000","0,000"
12449756,SKBK MARKET,SANTA FE,1,N,2,"0,000","0,000","0,000","0,000"
8149858,SM ASESORES DE SEGUROS,BUENOS AIRES,1,N,2,"0,000","0,000","0,000","0,000"
12749570,SM ASESORES DE SEGUROS,SANTA FE,1,5.D,6,"0,332","0,000","0,000","7,777"
12949603,SM SERVICIOS,BUENOS AIRES,1,N,2,"3,521","0,000","0,000","3,965"
12949604,SM SERVICIOS II,BUENOS AIRES,1,N,2,"2,677","0,000","0,000","3,818"
12949605,SM SERVICIOS III,BUENOS AIRES,1,N,2,"2,543","0,000","0,000","3,919"
6349482,SMARTSERVICE,CORDOBA,1,2.A,3,"0,594","0,008","0,000","1,000"
12949305,SML,CORDOBA,1,4.C,4,"2,169","1,000","0,000","0,000"
9749875,SNACKS MARKET,MENDOZA,1,5.D,6,"0,000","0,000","0,000","0,000"
6449456,SOC COSMO DE SOCORROS MUTUOS C,CORDOBA,1,5.D,6,"-0,018","0,000","0,000","0,000"
6449466,SOC COSMOP DE SOCORROS MUTUOS SAMPACHO,CORDOBA,1,5.D,6,"0,088","0,000","0,000","3,873"
6449231,SOC.ITA.DE SO.MUT.Y SOC.DEL CLUB SOC ARR,BUENOS AIRES,1,3.B,4,"3,849","1,496","0,000","2,307"
6449044,SOC.ITALIANA DE SOC.MUT.XX DE SEPTIEMBRE,SANTA FE,1,N,2,"1,833","0,000","0,000","0,000"
6449152,SOC.ITALIANA SOC. MUTUOS UN.Y BENEV.,SANTA FE,1,2.A,3,"1,508","0,758","0,000","6,642"
12449882,SOCAVON,SANTA CRUZ,1,N,2,"3,777","4,190","0,000","0,000"
6449443,SOCIEDAD COSMOPOLITA DE SOCORROS MUTUOS,CORDOBA,1,4.C,4,"2,479","-0,042","0,000","2,692"
6449007,SOCIEDAD DE FOMENTO Y CULTURA,BUENOS AIRES,1,N,2,"1,631","0,000","0,000","0,000"
6449038,SOCIEDAD ITALIANA,SANTA FE,1,2.A,3,"4,947","0,000","0,000","3,638"
8049275,SOCIEDAD RURAL DE TRENQUE LAUQUEN,BUENOS AIRES,1,N,2,"1,415","0,000","0,000","0,000"
11849395,SOFIFARMA,SALTA,1,5.D,6,"-0,052","0,000","0,000","-0,001"
11849396,SOFIFARMA 2,SALTA,1,1.VIP,2,"0,509","0,000","0,000","0,978"
11849412,SOFIFARMA 3,SALTA,1,5.D,6,"-0,082","0,000","0,000","0,983"
8749405,SOHO PAGOS,CAPITAL FEDERAL,1,N,2,"0,000","0,000","0,000","0,000"
6949847,SOL DE JULIO PACHAMAMA,SANTIAGO DEL ESTERO,1,4.C,4,"-0,288","0,000","0,000","1,977"
13049806,SOLAR,TUCUMAN,1,5.D,6,"3,387","-0,028","0,000","1,723"
13049044,SOLCITONI,JUJUY,1,1.VIP,2,"3,660","0,000","0,000","3,116"
12949512,SOLDADO FULL,CAPITAL FEDERAL,1,2.A,3,"2,977","6,000","0,000","17,000"
12949713,SOLDADO FULL II,CAPITAL FEDERAL,1,N,2,"0,826","-1,945","0,000","2,577"
12949284,SOLDADO PAGOS,CAPITAL FEDERAL,1,3.B,4,"0,000","0,246","0,000","0,000"
8149599,SOLIMANO Y ASOCIADOS,CORRIENTES,1,5.D,6,"0,893","0,000","0,000","0,000"
13049642,SOLO PAY LA CUEVA DE MATIAS,BUENOS AIRES,1,N,2,"-0,003","0,000","0,000","-0,009"
9749884,SOLOPEI ARGENZOLANOS MARKET,BUENOS AIRES,1,5.D,6,"0,000","0,000","0,000","0,000"
10049145,SOLUCIONES AL TOKE,MISIONES,1,5.D,6,"-0,006","0,000","0,000","-0,001"
12949326,SOLUCIONES DE PAGOS Y COBRANZAS LA PLATA,BUENOS AIRES,1,N,2,"37,811","0,000","0,000","0,000"
8249234,SOLUCIONES JAB,BUENOS AIRES,1,N,2,"1,536","0,000","0,000","1,000"
11449169,SOLUCIONES MOVILES M Y T,JUJUY,1,5.D,6,"0,030","0,000","0,000","5,926"
12949360,SOLULA,BUENOS AIRES,1,3.B,4,"4,670","0,000","0,000","4,306"
10049008,SOLUTION EXPRESS,CORDOBA,1,1.VIP,2,"5,594","0,000","0,000","3,254"
12449914,SONRISA DE UZIEL,CATAMARCA,1,N,2,"0,000","0,000","0,000","0,000"
12449732,SOPHIA JAZ,BUENOS AIRES,1,N,2,"0,000","0,000","0,000","0,000"
9749562,SOSA MOTOS,FORMOSA,1,4.C,4,"1,464","0,500","0,000","0,000"
8149665,SOTO GUSTAVO SEGUROS,ENTRE RIOS,1,4.C,4,"2,181","0,000","0,000","2,946"
10349143,SOUSA QUINTAS SEGUROS,BUENOS AIRES,1,5.D,6,"-0,115","0,000","0,000","1,950"
11849226,SOY TU FARMACIA NUEVA VENTURA,BUENOS AIRES,1,N,2,"1,636","0,000","0,000","0,000"
11849228,SOY TU FARMACIA PACHITO,CAPITAL FEDERAL,1,N,2,"0,499","0,000","0,000","0,000"
11849209,SOY TU FARMACIA SOY DE QUILMES,BUENOS AIRES,1,N,2,"1,811","0,000","0,000","0,000"
11849224,SOY TU FARMACIA SOY SANAR 52,BUENOS AIRES,1,N,2,"3,322","0,000","0,000","0,000"
11849252,SOY TU FARMACIA SOY SANAR 59,BUENOS AIRES,1,N,2,"1,765","0,000","0,000","0,000"
11849250,SOY TU FARMACIA SOY SANAR 60,BUENOS AIRES,1,N,2,"0,860","0,500","0,000","0,000"
11849251,SOY TU FARMACIA SOY SANAR 61,BUENOS AIRES,1,N,2,"0,805","0,000","0,000","0,000"
11849206,SOY TU FARMACIA SOY SANAR SOLANO,BUENOS AIRES,1,N,2,"0,319","0,000","0,000","0,000"
11849207,SOY TU FARMACIA SOY ZAPIOLA BERNAL,BUENOS AIRES,1,N,2,"0,000","0,000","0,000","0,000"
11449007,SPEED COMPUTACION,BUENOS AIRES,1,1.VIP,2,"3,876","0,000","0,000","7,000"
13049060,SR,CORDOBA,1,4.C,4,"0,298","0,000","0,000","5,788"
12849839,SR KIOSQUERO COLON 3,BUENOS AIRES,1,N,2,"0,000","0,000","0,000","0,000"
5949070,SR. CHAPLIN,NEUQUEN,1,1.VIP,2,"5,241","1,818","0,000","5,858"
12449949,SR. CHAPLIN 3 DELEGACION ETON,NEUQUEN,1,N,2,"4,675","0,450","0,000","0,000"
7849110,SRG BROKER SRL,SANTA FE,1,N,2,"0,000","0,000","0,000","0,000"
8122003,SSI - RESISTENCIA,CHACO,1,N,2,"0,000","0,000","0,000","0,000"
8149871,STAR DERQUI,BUENOS AIRES,1,5.D,6,"-0,046","0,000","0,000","0,985"
8149872,STAR GRAND BOURG,BUENOS AIRES,1,5.D,6,"1,086","0,000","0,000","4,881"
12749194,STAR GRAND BOURG 2,BUENOS AIRES,1,5.D,6,"3,262","0,500","0,000","0,969"
8149870,STAR SAN MIGUEL,BUENOS AIRES,1,4.C,4,"0,853","0,000","0,000","6,642"
8149545,STELLA MARIS ROUGIER E HIJOS-L.C.URUGUAY,ENTRE RIOS,1,N,2,"3,709","0,000","0,000","0,000"
8149546,STELLA MARIS ROUGIER E HIJOS-L.COLON,ENTRE RIOS,1,N,2,"2,814","0,000","0,000","0,000"
11449159,STI SERVICIOS,CHUBUT,1,5.D,6,"-0,039","0,000","0,000","-0,007"
12849238,STOP,SANTA CRUZ,1,3.B,4,"1,382","0,930","0,000","0,739"
6649030,STUCERDO,CORDOBA,1,N,2,"0,852","0,000","0,000","0,000"
8049412,SU PAGOS,RIO NEGRO,1,2.A,3,"1,000","1,074","0,000","0,000"
12949708,SUARTIZ SHOP,SANTA FE,1,5.D,6,"0,000","0,000","0,000","0,000"
12649447,SUB AGENCIA 005 COSTANERA,CORRIENTES,1,N,2,"1,853","0,436","0,000","0,000"
12649448,SUB AGENCIA 005 SAN CAYETANO,CORRIENTES,1,N,2,"2,096","0,500","0,000","0,000"
10249757,SUB AGENCIA DARDO,CORRIENTES,1,N,2,"1,481","0,000","0,000","0,000"
12649125,SUB AGENCIA DE LOTERIA GAYOSO,MISIONES,1,N,2,"0,452","0,000","0,000","0,000"
12649019,SUB AGENCIA DE LOTERIAS 104 SAN VICENTE,MISIONES,1,4.C,4,"1,827","0,000","0,000","3,970"
10249938,SUB AGENCIA DE LOTERIAS 415,MISIONES,1,2.A,3,"1,112","0,000","0,000","2,874"
12949646,SUB AGENCIA DE QUINIELA   99 10,TUCUMAN,1,N,2,"0,038","-0,006","0,000","-0,021"
12649477,SUB AGENCIA DE QUINIELA JUANCITO,CHACO,1,4.C,4,"-0,083","0,416","0,000","0,966"
12649429,SUB AGENCIA DE QUINIELA SAN EXPEDITO,TUCUMAN,1,N,2,"2,146","0,420","0,000","0,000"
12649620,SUB AGENCIA DE QUINIELAS 259-02 NAPENAY,CHACO,1,4.C,4,"0,000","0,000","0,000","0,000"
12649723,SUB AGENCIA HUGUI,CHACO,1,5.D,6,"-0,061","0,000","0,000","-0,040"
12649515,SUB AGENCIA LA UNION,TUCUMAN,1,4.C,4,"-0,406","0,252","0,000","6,758"
12649622,SUB AGENCIA N 4,CHACO,1,5.D,6,"0,000","0,000","0,000","5,000"
12649022,SUB AGENCIA NRO 11,TUCUMAN,1,4.C,4,"-0,185","1,592","0,000","2,901"
12649681,SUB AGENCIA NRO 33 LA TIMBA,CHACO,1,5.D,6,"0,000","0,000","0,000","0,000"
10249539,SUB AGENCIA QUINIELA Y LOTERIA 184,CHACO,1,1.VIP,2,"0,639","0,000","0,000","0,000"
12649478,SUBAGEN QUINIELAS ANEXO QUIOSCO OF PIAVE,MISIONES,1,4.C,4,"-0,291","1,478","0,000","1,979"
12649138,SUB-AGENCIA 017,FORMOSA,1,5.D,6,"1,310","0,000","0,000","0,000"
12649296,SUBAGENCIA 02,TUCUMAN,1,4.C,4,"1,508","0,000","0,000","0,881"
12649722,SUB-AGENCIA 100,MISIONES,1,3.B,4,"4,380","0,000","0,000","7,804"
12649724,SUBAGENCIA BARBIE,TUCUMAN,1,5.D,6,"1,000","0,000","0,000","2,000"
12649398,SUBAGENCIA DE QUINIELA 429,MISIONES,1,3.B,4,"0,596","0,160","0,000","1,968"
12649413,SUBAGENCIA DE QUINIELA DON DIAZ,MENDOZA,1,N,2,"2,111","0,500","0,000","0,000"
9449041,SUBLIMACIONES GB,CORDOBA,1,2.A,3,"4,695","0,000","0,000","0,000"
8149159,SUCREDITO SALTA,SALTA,1,N,2,"0,000","0,000","0,000","0,000"
8149158,SUCREDITO TUCUMAN,TUCUMAN,1,5.D,6,"-0,003","0,000","0,000","0,000"
12749538,SUDESTE PRESTAMOS,BUENOS AIRES,1,5.D,6,"6,770","0,000","0,000","6,669"
6949706,SUENO MAGICO,BUENOS AIRES,1,4.C,4,"-0,408","0,488","0,000","-0,182"
13049317,SUGAR POINT,NEUQUEN,1,1.VIP,2,"4,602","3,000","0,000","2,200"
7449238,SUMAJ INDUMENTARIA,BUENOS AIRES,1,N,2,"0,000","0,000","0,000","0,000"
12849768,SUPER AL CORNER,BUENOS AIRES,1,N,2,"5,344","0,000","0,000","0,000"
6149646,SUPER BAER,ENTRE RIOS,1,5.D,6,"0,000","0,000","0,000","0,000"
6149639,SUPER BARU,SANTA FE,1,5.D,6,"0,000","0,000","0,000","1,000"
10449020,SUPER BLANQUITA,BUENOS AIRES,1,3.B,4,"1,137","0,000","0,000","10,578"
6149621,SUPER COCHO,SANTA FE,1,5.D,6,"0,000","0,000","0,000","1,000"
5349621,SUPER DEYUV,TUCUMAN,1,5.D,6,"-0,035","0,000","0,000","-0,023"
9849292,SUPER DEYUV,TUCUMAN,1,5.D,6,"2,696","0,000","0,000","3,795"
5349568,SUPER EXPRESS,SANTA FE,1,5.D,6,"0,000","0,000","0,000","1,000"
5349586,SUPER EXPRESS II,SANTA FE,1,5.D,6,"0,000","0,000","0,000","0,000"
13049208,SUPER HI,MENDOZA,1,5.D,6,"0,000","0,000","0,000","0,000"
9849253,SUPER JUSTO,CORDOBA,1,N,2,"3,932","0,500","0,000","0,000"
9749667,SUPER KIOSCO,BUENOS AIRES,1,1.VIP,2,"2,205","0,000","0,000","11,358"
12849375,SUPER KIOSCO EMANUEL,NEUQUEN,1,4.C,4,"0,672","0,590","0,000","1,735"
11949769,SUPER KIOSCO FRETES,FORMOSA,1,1.VIP,2,"1,588","-0,180","0,000","2,835"
7549921,SUPER KIOSCO GABI - POLIRUBROS,FORMOSA,1,4.C,4,"-0,063","1,564","0,000","3,978"
13049285,SUPER KIOSCO SOFI,SANTA FE,1,5.D,6,"5,802","0,000","0,000","2,000"
12449029,SUPER KIOSCO TIMON,RIO NEGRO,1,N,2,"1,467","0,670","0,000","0,000"
12449256,SUPER KIOSKO EL RENUEVO,CORDOBA,1,3.B,4,"5,449","-0,195","0,000","7,769"
5349576,SUPER KREMER,ENTRE RIOS,1,2.A,3,"3,238","0,000","0,000","0,000"
9849078,SUPER LAGUNA,RIO NEGRO,1,5.D,6,"0,000","0,000","0,000","1,000"
5349375,SUPER M,CORDOBA,1,N,2,"1,351","0,150","0,000","0,000"
6149710,SUPER MAIPU,CORDOBA,1,5.D,6,"-0,039","0,000","0,000","0,000"
5349529,SUPER MAIPU,ENTRE RIOS,1,5.D,6,"0,850","0,468","0,000","0,960"
5349293,SUPER MAR K,BUENOS AIRES,1,1.VIP,2,"3,038","0,000","0,000","2,600"
5349366,SUPER MAXI CAUCETE,SAN JUAN,1,N,2,"6,703","0,000","0,000","1,000"
12849473,SUPER MUNDO I,SANTA FE,1,N,2,"3,961","0,500","0,000","0,000"
12849471,SUPER MUNDO II,SANTA FE,1,N,2,"3,973","0,500","0,000","0,000"
12849472,SUPER MUNDO III,SANTA FE,1,N,2,"3,901","0,500","0,000","0,000"
12849474,SUPER MUNDO IV,SANTA FE,1,N,2,"3,904","0,500","0,000","0,000"
12849469,SUPER MUNDO V,SANTA FE,1,N,2,"3,882","0,500","0,000","0,000"
12449502,SUPER POLIRUBRO ACUARELA,BUENOS AIRES,1,4.C,4,"0,000","0,000","0,000","4,000"
12449632,SUPER TODO MAXIKIOSCO,NEUQUEN,1,4.C,4,"1,789","1,568","0,000","5,000"
6149470,SUPER WHITE,SANTA FE,1,3.B,4,"-0,471","-0,176","0,000","4,646"
13049329,SUPERAZUL,CAPITAL FEDERAL,1,5.D,6,"2,016","0,000","0,000","8,000"
5349428,SUPERCHAPA,BUENOS AIRES,1,N,2,"1,374","0,000","0,000","0,000"
13049293,SUPERKIOSCO 360,CHUBUT,1,1.VIP,2,"4,801","0,000","0,000","2,155"
13049364,SUPERKIOSCO 360 II,CHUBUT,1,3.B,4,"9,203","0,000","0,000","4,188"
12049149,SUPERKIOSCO APOLO,MISIONES,1,1.VIP,2,"2,113","1,000","0,000","1,781"
12049523,SUPERKIOSCO IBIZA,BUENOS AIRES,1,1.VIP,2,"8,163","5,601","0,000","2,767"
12449283,SUPERKIOSCO URUGUAY,BUENOS AIRES,1,2.A,3,"7,262","2,368","0,000","7,000"
6149641,SUPERLABLANQUI,BUENOS AIRES,1,5.D,6,"0,000","0,000","0,000","0,000"
9749396,SUPERMERCADO ANGEL,NEUQUEN,1,4.C,4,"-0,257","0,854","0,000","0,742"
5349584,SUPERMERCADO ARCO IRIS,BUENOS AIRES,1,5.D,6,"0,000","0,000","0,000","0,000"
6149669,SUPERMERCADO BUBI,MISIONES,1,5.D,6,"0,000","0,000","0,000","0,000"
5349596,SUPERMERCADO CARLITOS,MISIONES,1,5.D,6,"-0,036","0,000","0,000","-0,008"
12949589,SUPERMERCADO CAROLA,RIO NEGRO,1,N,2,"-0,025","0,000","0,000","-0,002"
5349268,SUPERMERCADO CEFERINO,BUENOS AIRES,1,N,2,"0,000","0,000","0,000","0,000"
5349377,SUPERMERCADO COLON,CORDOBA,1,4.C,4,"-0,223","0,000","0,000","2,892"
5349153,SUPERMERCADO COOPERATIVA AGRICOLA,CORDOBA,1,4.C,4,"2,669","0,000","0,000","0,000"
5349502,SUPERMERCADO CRISOL,SANTA FE,1,N,2,"17,964","0,444","0,000","0,000"
5349378,SUPERMERCADO DADO,BUENOS AIRES,1,2.A,3,"5,471","1,000","0,000","1,443"
5349394,SUPERMERCADO DELFIN,CORDOBA,1,4.C,4,"-0,311","0,000","0,000","6,774"
5349569,SUPERMERCADO DON GONZALEZ,MISIONES,1,4.C,4,"0,128","0,000","0,000","2,000"
5349105,SUPERMERCADO EL ARRIERO I,CHACO,1,2.A,3,"4,810","0,000","0,000","7,695"
5349106,SUPERMERCADO EL ARRIERO II,CHACO,1,2.A,3,"0,535","0,000","0,000","2,819"
5349107,SUPERMERCADO EL ARRIERO III,CHACO,1,2.A,3,"0,746","0,500","0,000","0,820"
5349108,SUPERMERCADO EL ARRIERO IV,CHACO,1,1.VIP,2,"1,713","0,000","0,000","4,666"
6149167,SUPERMERCADO EL ARRIERO V,CHACO,1,3.B,4,"-0,216","0,000","0,000","6,781"
5349307,SUPERMERCADO EL ARRIERO VI,CHACO,1,2.A,3,"0,616","0,000","0,000","6,895"
5349354,SUPERMERCADO EL ARRIERO VII,CHACO,1,4.C,4,"0,215","0,000","0,000","3,885"
6149625,SUPERMERCADO EL ARRIERO VIII,CHACO,1,5.D,6,"-0,004","0,000","0,000","-0,001"
5349567,SUPERMERCADO ESPINOSA,SANTIAGO DEL ESTERO,1,5.D,6,"0,352","0,000","0,000","0,997"
5349615,SUPERMERCADO EXPRESS,CORDOBA,1,5.D,6,"-0,038","0,000","0,000","-0,025"
5349222,SUPERMERCADO JOHANSEN,SANTA FE,1,4.C,4,"-0,254","0,000","0,000","5,692"
6149174,SUPERMERCADO LANDETE,NEUQUEN,1,5.D,6,"0,383","0,000","0,000","0,000"
5349532,SUPERMERCADO LAS CHICAS,BUENOS AIRES,1,3.B,4,"7,185","-0,231","0,000","15,682"
5349401,SUPERMERCADO LIBERTAD,BUENOS AIRES,1,N,2,"0,000","0,000","0,000","0,000"
9749679,SUPERMERCADO MAC,CORDOBA,1,N,2,"0,000","0,544","0,000","0,000"
5349395,SUPERMERCADO MEGA CRS,BUENOS AIRES,1,N,2,"0,000","0,000","0,000","0,000"
5349522,SUPERMERCADO MEMBRILLAR,CAPITAL FEDERAL,1,4.C,4,"2,447","0,990","0,000","17,256"
5349206,SUPERMERCADO MURA,BUENOS AIRES,1,5.D,6,"-0,004","0,000","0,000","0,986"
5349602,SUPERMERCADO NICO,MISIONES,1,5.D,6,"0,000","0,000","0,000","0,000"
6149687,SUPERMERCADO NONY,BUENOS AIRES,1,5.D,6,"5,630","0,000","0,000","4,000"
5349575,SUPERMERCADO NUEVO SAN ANDRES,BUENOS AIRES,1,N,2,"0,000","0,000","0,000","0,000"
5349573,SUPERMERCADO NUEVO SAN ANDRES 2,BUENOS AIRES,1,N,2,"2,000","0,000","0,000","4,000"
9749871,SUPERMERCADO OSCAR 1,CHACO,1,5.D,6,"-0,222","0,000","0,000","3,816"
5349597,SUPERMERCADO OSCAR 2,CHACO,1,N,2,"0,780","0,000","0,000","-0,089"
5349489,SUPERMERCADO OTA,MISIONES,1,N,2,"1,620","0,500","0,000","0,000"
6149684,SUPERMERCADO PERELLO,RIO NEGRO,1,N,2,"0,843","0,000","0,000","1,671"
5349618,SUPERMERCADO PONSA,BUENOS AIRES,1,N,2,"0,778","0,000","0,000","2,745"
5349622,SUPERMERCADO PUNTO CENTRAL,MENDOZA,1,5.D,6,"-0,023","-0,028","0,000","-0,013"
5349298,SUPERMERCADO SAN NICOLAS,BUENOS AIRES,1,N,2,"0,062","0,000","0,000","0,000"
5349100,SUPERMERCADO SUPERSERVICIO,CAPITAL FEDERAL,1,4.C,4,"1,734","0,000","0,000","4,744"
5349379,SUPERMERCADOS DADO II,BUENOS AIRES,1,1.VIP,2,"4,908","0,139","0,000","2,227"
5349448,SUPERMERCADOS DELFIN,CATAMARCA,1,N,2,"0,177","0,000","0,000","0,000"
5349482,SUPERMERCADOS EL ABASTO,MENDOZA,1,2.A,3,"11,208","1,512","0,000","3,000"
10449056,SUPERMERCADOS LANDETE II,NEUQUEN,1,5.D,6,"0,000","0,000","0,000","0,000"
5349619,SUPERMERCADOS LULY,MENDOZA,1,N,2,"1,398","0,000","0,000","3,000"
13049542,SUPERMIX,BUENOS AIRES,1,5.D,6,"1,410","0,000","0,000","0,874"
5349593,SUPERWU,CAPITAL FEDERAL,1,5.D,6,"3,643","0,000","0,000","0,000"
12949676,SUPERWU II,CAPITAL FEDERAL,1,N,2,"0,955","0,000","0,000","0,000"
11349040,SUPLEMENTOS CENTRO,CORDOBA,1,4.C,4,"3,498","1,000","0,000","6,913"
6649075,SUPREMACIA,SANTA FE,1,4.C,4,"0,000","0,000","0,000","3,000"
10849084,SUR CAR REPUESTOS (SOLO PEI),RIO NEGRO,1,5.D,6,"0,000","0,000","0,000","0,000"
5749060,SURF,TUCUMAN,1,5.D,6,"-0,060","0,000","0,000","-0,009"
13049789,SURTIMAX,MISIONES,1,5.D,6,"0,000","0,000","0,000","0,000"
6949843,SUSY,SALTA,1,1.VIP,2,"3,005","0,000","0,000","1,317"
12749615,SVR SEGUROS,CHUBUT,1,N,2,"5,696","0,000","0,000","3,940"
12749616,SVR SEGUROS 2,CHUBUT,1,N,2,"4,412","0,000","0,000","3,658"
12149248,SYL ALMACEN,BUENOS AIRES,1,5.D,6,"3,000","0,000","0,000","2,000"
8022088,SYN ACEVEDO ADELA   (154),BUENOS AIRES,1,N,2,"0,403","0,000","0,000","0,000"
8022065,SYN AUTOSERVICIO 5HNOS (609),BUENOS AIRES,1,5.D,6,"-0,041","0,000","0,000","0,000"
8022013,SYN BANANA RANA (540),BUENOS AIRES,1,5.D,6,"-0,018","0,000","0,000","0,000"
8022092,SYN BIONDINI MARINA (125),BUENOS AIRES,1,N,2,"0,000","0,000","0,000","0,000"
8022003,SYN BOTTA NICOLAS (017),BUENOS AIRES,1,5.D,6,"-0,022","0,000","0,000","0,000"
8022094,SYN BUSS EMANUEL (253),BUENOS AIRES,1,N,2,"0,000","0,000","0,000","0,000"
8022093,SYN BUSS FABIAN (78),BUENOS AIRES,1,N,2,"0,000","0,000","0,000","0,000"
8022023,SYN CABRERA MAURO (412),BUENOS AIRES,1,N,2,"0,000","0,000","0,000","0,000"
8022026,SYN CELULOIDE (454),BUENOS AIRES,1,5.D,6,"0,000","0,000","0,000","0,000"
8022076,SYN CRISTIAN JHONES SEGUROS (645),BUENOS AIRES,1,5.D,6,"0,000","0,000","0,000","0,000"
8022101,SYN DATRI DANIEL (732),BUENOS AIRES,1,N,2,"3,437","0,500","0,000","0,000"
8022057,SYN DE FRANCESCO (597),BUENOS AIRES,1,N,2,"0,000","0,000","0,000","0,000"
8022018,SYN ELISEY LORENA (226),SANTA FE,1,4.C,4,"-0,014","0,000","0,000","0,000"
8022087,SYN GIOIA GABRIELA (255),BUENOS AIRES,1,5.D,6,"-0,031","0,000","0,000","0,000"
8022042,SYN GOBETTI (407),BUENOS AIRES,1,N,2,"0,976","0,000","0,000","0,000"
8022021,SYN GONZALEZ LEONARDO (408),BUENOS AIRES,1,5.D,6,"0,906","1,000","0,000","0,000"
8022103,SYN HERRERA CARLOS (758),BUENOS AIRES,1,N,2,"3,960","0,500","0,000","0,000"
8022090,SYN IRIART SUSANA (16),BUENOS AIRES,1,N,2,"0,395","0,000","0,000","0,000"
8022046,SYN KIOSCO MONEDITA (215),BUENOS AIRES,1,5.D,6,"-0,027","0,000","0,000","0,000"
8022036,SYN LA CABANA DE EMILIO (547),BUENOS AIRES,1,N,2,"0,000","0,000","0,000","0,000"
8022058,SYN LIBRERIA ARIES (29),BUENOS AIRES,1,N,2,"1,000","1,000","0,000","0,000"
8022006,SYN LO DE NORMA (193),BUENOS AIRES,1,N,2,"0,000","0,000","0,000","0,000"
8022001,SYN LO DE TITO (274),BUENOS AIRES,1,N,2,"0,000","0,000","0,000","0,000"
8022047,SYN LOS CUNADOS (233),BUENOS AIRES,1,5.D,6,"3,546","0,500","0,000","0,000"
8022054,SYN LOUGHLIN JOSE (585),BUENOS AIRES,1,5.D,6,"-0,016","0,000","0,000","0,000"
8022055,SYN LOUGHLIN JOSE 2 (586),BUENOS AIRES,1,5.D,6,"0,336","1,000","0,000","0,000"
8022077,SYN MANSILLA MARINA (394),BUENOS AIRES,1,N,2,"0,000","0,000","0,000","0,000"
8022025,SYN MARTINEZ MARTA (179),BUENOS AIRES,1,N,2,"0,000","1,000","0,000","0,000"
8022045,SYN MB SERVICIOS (104),BUENOS AIRES,1,N,2,"0,000","0,000","0,000","0,000"
8022035,SYN MEDINA (479),BUENOS AIRES,1,5.D,6,"-0,010","0,000","0,000","0,000"
8022053,SYN MUGETTI MAGDALENA (584),BUENOS AIRES,1,5.D,6,"0,917","1,000","0,000","0,000"
8022050,SYN MUTUAL REGIONAL (569),BUENOS AIRES,1,N,2,"0,000","0,000","0,000","0,000"
8022064,SYN PASTEUR TELEFONIA (621),BUENOS AIRES,1,5.D,6,"-0,005","0,000","0,000","0,000"
8022028,SYN PAVESE (103),BUENOS AIRES,1,5.D,6,"0,000","0,000","0,000","0,000"
8022096,SYN PILDAIN MIRTA (467),BUENOS AIRES,1,5.D,6,"3,517","0,500","0,000","0,000"
8022030,SYN SANCHEZ ROCIO 2 (504),BUENOS AIRES,1,N,2,"0,557","0,000","0,000","0,000"
8022081,SYN SCALISE DANIELA (6740),BUENOS AIRES,1,N,2,"0,000","0,000","0,000","0,000"
8022048,SYN SEQUEIRA CARLOS (345),BUENOS AIRES,1,5.D,6,"0,000","0,000","0,000","0,000"
8022104,SYN SHANAHAN CECILIA (756),BUENOS AIRES,1,N,2,"3,998","0,500","0,000","0,000"
8022020,SYN SILVA RAMONA (502),BUENOS AIRES,1,N,2,"0,000","0,000","0,000","0,000"
8022089,SYN SMITH NNCY  (14),BUENOS AIRES,1,5.D,6,"-0,035","0,000","0,000","0,000"
8022105,SYN VARGAS CINTIA (766),BUENOS AIRES,1,5.D,6,"-0,003","0,000","0,000","0,000"
8022083,SYN VOLPINI MAURICIO (657),BUENOS AIRES,1,N,2,"0,999","1,000","0,000","0,000"
12349005,SYS,MISIONES,1,4.C,4,"0,000","0,000","0,000","1,000"
8149366,SZ SERVICIOS,MISIONES,1,4.C,4,"-0,129","-0,040","0,000","0,988"
7449226,TA TE TI ROPITA PARA MI,BUENOS AIRES,1,N,2,"3,040","0,486","0,000","0,000"
12949280,TACUARI EXPRESS,CAPITAL FEDERAL,1,N,2,"4,974","4,824","0,000","0,000"
12049910,TAGUS,TUCUMAN,1,1.VIP,2,"6,624","0,000","0,000","12,000"
5349435,TAGUS IV FRANCISCO,TUCUMAN,1,2.A,3,"6,943","0,000","0,000","10,000"
5349531,TAGUS IX  SUPER LOMAS DE TAFI,TUCUMAN,1,N,2,"5,676","0,424","0,000","0,000"
12649512,TAGUS X  BULNES,TUCUMAN,1,2.A,3,"6,598","0,184","0,000","11,000"
12649525,TAGUS XI  PLAZOLETA MITRE,TUCUMAN,1,1.VIP,2,"6,052","0,000","0,000","9,000"
5349591,TAGUS XIV EL PUESTO BAIRES,TUCUMAN,1,5.D,6,"35,131","0,000","0,000","43,000"
5349590,TAGUS XV EL PUESTO MAIPU,TUCUMAN,1,5.D,6,"5,200","0,000","0,000","8,000"
10349444,TAGUS XVI LAS TALITAS,TUCUMAN,1,3.B,4,"13,080","0,000","0,000","14,000"
5349526,TALDO SUPERMERCADO,TUCUMAN,1,N,2,"1,085","0,496","0,000","0,000"
12949539,TALENSE,ENTRE RIOS,1,4.C,4,"-0,344","0,000","0,000","1,791"
11149063,TAMIS Y ASOCIADOS,MISIONES,1,N,2,"0,000","0,000","0,000","0,000"
12749562,TANGO CAAMANO,BUENOS AIRES,1,5.D,6,"1,235","0,000","0,000","-0,035"
12749189,TANGO CRED 9 DE ABRIL,BUENOS AIRES,1,2.A,3,"4,229","0,000","0,000","3,599"
12749156,TANGO CRED CALZADA,BUENOS AIRES,1,2.A,3,"5,846","0,000","0,000","3,978"
12749191,TANGO CRED SAN JOSE,BUENOS AIRES,1,2.A,3,"3,210","-0,185","0,000","6,472"
12749190,TANGO CRED TEMPERLEY,BUENOS AIRES,1,2.A,3,"6,805","1,000","0,000","12,000"
12949582,TANGO SERVICIOS,CAPITAL FEDERAL,1,5.D,6,"0,000","0,000","0,000","0,000"
12949583,TANGO SERVICIOS 2,CAPITAL FEDERAL,1,5.D,6,"0,000","0,000","0,000","0,000"
12949584,TANGO SERVICIOS 3,CAPITAL FEDERAL,1,N,2,"0,000","0,000","0,000","0,000"
12949585,TANGO SERVICIOS 4,CAPITAL FEDERAL,1,5.D,6,"0,000","0,000","0,000","0,000"
12949586,TANGO SERVICIOS 5,CAPITAL FEDERAL,1,5.D,6,"0,000","0,000","0,000","0,000"
11349079,TANI REHUE,CHUBUT,1,5.D,6,"0,000","0,000","0,000","0,000"
6949519,TAPIA MATTAR,SANTIAGO DEL ESTERO,1,1.VIP,2,"8,741","-0,020","0,000","8,953"
7149069,TAPIA MATTAR 2,SANTIAGO DEL ESTERO,1,1.VIP,2,"5,655","-0,010","0,000","4,950"
6749225,TAPICERIA JAVIER 2 PLAZA HUINCUL,NEUQUEN,1,4.C,4,"7,626","0,000","0,000","3,000"
8149108,TARJETA CONSUMAX COLON,ENTRE RIOS,1,N,2,"0,000","0,000","0,000","0,000"
8149105,TARJETA CONSUMAX CONCORDIA,ENTRE RIOS,1,N,2,"1,000","0,000","0,000","0,000"
8149106,TARJETA CONSUMAX CURUZU CUATIA,CORRIENTES,1,N,2,"3,847","0,000","0,000","0,000"
8149107,TARJETA CONSUMAX FEDERAL,ENTRE RIOS,1,N,2,"0,000","0,000","0,000","0,000"
8149111,TARJETA CONSUMAX MERCEDES,CORRIENTES,1,N,2,"0,952","0,000","0,000","0,000"
8149109,TARJETA CONSUMAX VILLAGUAY,ENTRE RIOS,1,N,2,"0,000","0,000","0,000","0,000"
8112000,TARJETA KADICARD CASA MATRIZ,CORDOBA,1,N,2,"0,000","0,000","0,000","0,000"
8032000,TARJETA NARANJA (COMUNICACION),CORDOBA,1,N,2,"0,000","0,000","0,000","0,000"
13049382,TATETI,BUENOS AIRES,1,5.D,6,"0,000","0,000","0,000","1,000"
9749810,TATOS,ENTRE RIOS,1,4.C,4,"-0,237","0,000","0,000","0,907"
8749351,TAXI VIP,CORDOBA,1,2.A,3,"3,046","1,000","0,000","2,205"
6149437,TE PRESTO CREDITO 2,CHACO,1,1.VIP,2,"6,801","0,000","0,000","9,048"
8749268,TEAM WORK II,NEUQUEN,1,1.VIP,2,"3,519","-0,693","0,000","4,302"
10749010,TEAMWORK 10 DELEGACION SANTA TERESA,NEUQUEN,1,3.B,4,"0,977","0,096","0,000","6,000"
13049264,TEAMWORK 11 PARQUE CENTRAL,NEUQUEN,1,2.A,3,"3,187","0,000","0,000","17,777"
13049131,TEAMWORK 12,NEUQUEN,1,1.VIP,2,"11,064","0,000","0,000","1,350"
13049263,TEAMWORK 13,NEUQUEN,1,3.B,4,"2,206","0,000","0,000","10,081"
12649516,TEAMWORK 4 AGENCIA 034,NEUQUEN,1,3.B,4,"0,530","0,494","0,000","7,190"
12849144,TEAMWORK 5 PALACIO MUNICIPAL,NEUQUEN,1,1.VIP,2,"1,718","0,000","0,000","4,373"
10749007,TEAMWORK 8 DELEGACION ALTO GODOY,NEUQUEN,1,1.VIP,2,"3,351","0,000","0,000","4,094"
10749008,TEAMWORK 9  DELEGACION MUNICIPAL,NEUQUEN,1,1.VIP,2,"2,299","0,000","0,000","3,136"
10349212,TEAMWORK III,NEUQUEN,1,1.VIP,2,"3,393","2,502","0,000","4,573"
10049148,TECNO MUNDO,LA PAMPA,1,N,2,"4,773","0,000","0,000","3,846"
12949725,TECNO MUNDO II,LA PAMPA,1,N,2,"5,621","-0,064","0,000","3,967"
11449100,TECNO NET,MENDOZA,1,2.A,3,"6,116","0,000","0,000","10,708"
6349444,TECNO SOLUCIONES,RIO NEGRO,1,4.C,4,"7,060","-0,292","0,000","4,439"
10049070,TECNOCENTER,CHACO,1,2.A,3,"-0,088","0,506","0,000","2,974"
10049084,TECNOCENTER II,CHACO,1,3.B,4,"3,495","-0,012","0,000","1,967"
6349513,TECNOLOGIA TOUCH STORE,BUENOS AIRES,1,4.C,4,"7,367","0,000","0,000","4,000"
7149082,TECNOPOINT,SANTIAGO DEL ESTERO,1,2.A,3,"2,415","-0,039","0,000","2,873"
11449122,TECNOWORLD,CORDOBA,1,N,2,"2,225","0,708","0,000","0,000"
12049553,TELECABINA SAN CAYETANO,ENTRE RIOS,1,1.VIP,2,"2,938","0,000","0,000","2,523"
8749319,TELECABINA TERMINAL,CORDOBA,1,4.C,4,"1,273","0,000","0,000","3,000"
13049552,TELECABINA TERMINAL,CORDOBA,1,N,2,"0,514","0,000","0,000","2,790"
8849535,TELECABINAS,BUENOS AIRES,1,1.VIP,2,"5,018","-0,313","0,000","4,333"
8949408,TELECABINAS ALWAYS,BUENOS AIRES,1,1.VIP,2,"1,926","0,830","0,000","3,000"
12249120,TELECABINAS LA ESQUINA,SANTA FE,1,1.VIP,2,"1,918","0,000","0,000","11,000"
10249717,TELECABINAS QUEBRACHO,SALTA,1,4.C,4,"0,386","-0,024","0,000","8,869"
8949543,TELECABINAS SANTA CLARA,JUJUY,1,2.A,3,"2,047","0,146","0,000","8,794"
12449341,TELECENTRO & LIBRERIA INFINITO,SANTA FE,1,N,2,"0,000","0,000","0,000","0,000"
8949333,TELECENTRO 27,SANTA FE,1,1.VIP,2,"2,745","0,000","0,000","1,192"
12249175,TELECENTRO 9 DE JULIO,BUENOS AIRES,1,N,2,"0,000","0,000","0,000","0,000"
9749946,TELECENTRO ALMAFUERTE,BUENOS AIRES,1,5.D,6,"-0,050","0,000","0,000","-0,029"
8949320,TELECENTRO AUTO DISC,CORDOBA,1,1.VIP,2,"12,871","1,000","0,000","18,000"
8749393,TELECENTRO AV NAZCA,CAPITAL FEDERAL,1,N,2,"0,000","0,000","0,000","0,000"
8949567,TELECENTRO AVENIDA,CORRIENTES,1,2.A,3,"1,387","0,000","0,000","4,000"
8949294,TELECENTRO AVENIDA SANTA FE,SANTA FE,1,N,2,"1,223","0,930","0,000","0,000"
12049106,TELECENTRO AVENIDA SANTA FE II,SANTA FE,1,N,2,"2,897","0,736","0,000","0,000"
12349073,TELECENTRO AVENIDA VS,CORDOBA,1,1.VIP,2,"1,908","0,000","0,000","1,464"
12049173,TELECENTRO BOLIVAR,MISIONES,1,N,2,"5,014","0,000","0,000","0,000"
8949201,TELECENTRO CABALLITO NORTE,CAPITAL FEDERAL,1,1.VIP,2,"2,756","-1,218","0,000","1,779"
8949572,TELECENTRO CAFAYATE,SALTA,1,1.VIP,2,"2,667","0,000","0,000","1,000"
8949495,TELECENTRO CAMPANA,BUENOS AIRES,1,1.VIP,2,"6,382","1,860","0,000","5,562"
10049107,TELECENTRO CAMPANA 3,BUENOS AIRES,1,3.B,4,"3,474","0,000","0,000","11,000"
8949534,TELECENTRO CANDELARIA,MISIONES,1,1.VIP,2,"3,727","0,000","0,000","1,269"
12449446,TELECENTRO CANDELARIA II,MISIONES,1,1.VIP,2,"1,882","0,000","0,000","0,574"
8949164,TELECENTRO CENTENARIO,TUCUMAN,1,5.D,6,"-0,018","0,000","0,000","-0,023"
8949561,TELECENTRO CHILECITO,LA RIOJA,1,1.VIP,2,"3,817","0,072","0,000","8,000"
12249251,TELECENTRO EL PUENTE,BUENOS AIRES,1,4.C,4,"7,229","2,000","0,000","6,565"
12649232,TELECENTRO GUADALUPE,FORMOSA,1,1.VIP,2,"1,069","0,000","0,000","4,000"
8949486,TELECENTRO HERMANOS CHAILE,CATAMARCA,1,2.A,3,"1,395","0,000","0,000","5,418"
8949436,TELECENTRO IGNACIO,CORDOBA,1,2.A,3,"2,324","0,000","0,000","5,587"
8949279,TELECENTRO LA CENTRAL,ENTRE RIOS,1,2.A,3,"2,446","0,000","0,000","2,659"
8749269,TELECENTRO LA PATERNAL,CAPITAL FEDERAL,1,3.B,4,"4,441","-0,140","0,000","1,404"
8949134,TELECENTRO LAS BRENAS,CHACO,1,1.VIP,2,"2,289","0,000","0,000","6,000"
12349078,TELECENTRO LAS BRENAS,CHACO,1,5.D,6,"10,338","0,000","0,000","15,466"
8949143,TELECENTRO LIMA,CAPITAL FEDERAL,1,3.B,4,"3,439","0,000","0,000","12,504"
8949355,TELECENTRO LOS CAUDILLOS,LA RIOJA,1,1.VIP,2,"3,165","-0,080","0,000","1,407"
8949152,TELECENTRO MARACAIBO,CORDOBA,1,1.VIP,2,"3,235","-0,068","0,000","2,798"
8949397,TELECENTRO MAYORCA,SANTA FE,1,1.VIP,2,"5,128","0,000","0,000","12,000"
12349070,TELECENTRO MELIVO,CORDOBA,1,1.VIP,2,"3,362","2,628","0,000","1,407"
9749572,TELECENTRO MITRE,BUENOS AIRES,1,2.A,3,"3,308","0,598","0,000","2,471"
12049623,TELECENTRO NINO,CORDOBA,1,3.B,4,"2,114","0,000","0,000","3,584"
8949554,TELECENTRO NORTE,SANTA FE,1,1.VIP,2,"0,000","0,866","0,000","0,000"
11949267,TELECENTRO NUEVO HOSPITAL II,CATAMARCA,1,4.C,4,"2,475","0,000","0,000","0,000"
8949203,TELECENTRO NUEVO HOSPITAL(CA),CATAMARCA,1,2.A,3,"3,417","0,000","0,000","5,000"
6349389,TELECENTRO PLAZA,CORDOBA,1,4.C,4,"0,209","0,000","0,000","2,000"
8949506,TELECENTRO PLAZA,CORRIENTES,1,3.B,4,"-0,359","0,000","0,000","2,879"
C4851,TELECENTRO PLAZA GUEMES,CAPITAL FEDERAL,1,5.D,6,"3,957","0,000","0,000","0,000"
12249186,TELECENTRO RIACHO,FORMOSA,1,2.A,3,"1,592","0,000","0,000","6,710"
8949535,TELECENTRO SAN ANTONIO,MISIONES,1,2.A,3,"1,489","-0,040","0,000","3,765"
11949490,TELECENTRO SANTA RITA,CORRIENTES,1,2.A,3,"1,000","0,000","0,000","1,000"
8949354,TELECENTRO TELEXPRESS IV,SANTA FE,1,1.VIP,2,"1,707","1,376","0,000","1,212"
8949413,TELECENTRO TERMINAL(CO),CORDOBA,1,4.C,4,"0,859","0,000","0,000","0,958"
8949518,TELECENTRO URUGUAY,MISIONES,1,N,2,"0,000","0,000","0,000","0,000"
12349046,TELECENTRO VALENTINA,LA RIOJA,1,N,2,"5,053","0,000","0,000","0,000"
8949358,TELECENTRO VILLA DEVOTO NORTE,CAPITAL FEDERAL,1,N,2,"0,000","0,000","0,000","0,000"
8949314,TELECENTRO VIRGEN DEL VALLE,LA RIOJA,1,2.A,3,"3,305","0,798","0,000","10,731"
12349065,TELECENTRO VIRGEN DEL VALLE 2,LA RIOJA,1,4.C,4,"-0,047","0,000","0,000","1,982"
6349531,TELECENTRO VIRGEN DEL VALLE 3,LA RIOJA,1,N,2,"0,000","0,000","0,000","0,000"
8949553,TELECENTRO VIRGEN DEL VALLE 5,LA RIOJA,1,3.B,4,"-0,191","3,528","0,000","0,842"
8949569,TELECENTRO VIRGEN DEL VALLE 6,LA RIOJA,1,3.B,4,"-0,213","0,000","0,000","5,872"
8949425,TELECENTRO Y HELADERIA  DOLCE NEVE,SANTIAGO DEL ESTERO,1,1.VIP,2,"2,998","-0,053","0,000","1,230"
6349355,TELEFONIA BE-RO,JUJUY,1,1.VIP,2,"8,718","2,322","0,000","6,830"
12249091,TELEFONICA CASTILLO 3,BUENOS AIRES,1,1.VIP,2,"6,093","2,000","0,000","3,418"
8849288,TELEFONICA OFICINA COMERCIAL,BUENOS AIRES,1,2.A,3,"2,201","3,566","0,000","4,000"
12249095,TELEFULL,CHUBUT,1,N,2,"0,622","0,025","0,000","0,000"
8949560,TELEMUNDO,CORDOBA,1,1.VIP,2,"2,400","0,000","0,000","3,000"
8849586,TELEONLINE,MENDOZA,1,5.D,6,"-0,020","0,000","0,000","0,948"
8034010,TELERECARGAS 10 (010),CAPITAL FEDERAL,1,4.C,4,"0,000","0,000","0,000","0,000"
8034101,TELERECARGAS 101 (101),SAN JUAN,1,N,2,"0,000","0,000","0,000","0,000"
8034103,TELERECARGAS 103 (103),SALTA,1,5.D,6,"0,000","0,000","0,000","0,000"
8034104,TELERECARGAS 104 (104),SALTA,1,N,2,"0,000","0,000","0,000","0,000"
8034107,TELERECARGAS 107 (107),SALTA,1,5.D,6,"0,000","0,000","0,000","0,000"
8034108,TELERECARGAS 108 (108),BUENOS AIRES,1,5.D,6,"0,000","0,000","0,000","0,000"
8034011,TELERECARGAS 11 (011),CAPITAL FEDERAL,1,4.C,4,"0,000","0,000","0,000","0,000"
8034110,TELERECARGAS 110 (110),BUENOS AIRES,1,5.D,6,"0,000","0,000","0,000","0,000"
8034112,TELERECARGAS 112 (112),BUENOS AIRES,1,5.D,6,"0,000","0,000","0,000","0,000"
8034113,TELERECARGAS 113 (113),CHACO,1,5.D,6,"0,000","0,000","0,000","0,000"
8034115,TELERECARGAS 115 (115),BUENOS AIRES,1,5.D,6,"0,000","0,000","0,000","0,000"
8034117,TELERECARGAS 117 (117),SALTA,1,5.D,6,"0,000","0,000","0,000","0,000"
8034118,TELERECARGAS 118 (118),CORRIENTES,1,5.D,6,"0,000","0,000","0,000","0,000"
8034119,TELERECARGAS 119 (119),SANTA FE,1,N,2,"0,000","0,000","0,000","0,000"
8034012,TELERECARGAS 12 (012),CHACO,1,1.VIP,2,"4,000","0,000","0,000","0,000"
8034121,TELERECARGAS 121 (121),CORDOBA,1,5.D,6,"0,000","0,000","0,000","0,000"
8034122,TELERECARGAS 122 (122),CORRIENTES,1,5.D,6,"0,000","0,000","0,000","0,000"
8034123,TELERECARGAS 123 (123),CORRIENTES,1,5.D,6,"1,583","0,000","0,000","0,000"
8034124,TELERECARGAS 124 (124),CHACO,1,5.D,6,"0,000","0,000","0,000","0,000"
8034128,TELERECARGAS 128 (128),SALTA,1,5.D,6,"0,000","0,000","0,000","0,000"
8034129,TELERECARGAS 129 (129),FORMOSA,1,5.D,6,"0,000","0,000","0,000","0,000"
8034013,TELERECARGAS 13 (013),SALTA,1,4.C,4,"0,000","0,000","0,000","0,000"
8034130,TELERECARGAS 130 (130),JUJUY,1,5.D,6,"0,000","0,000","0,000","0,000"
8034131,TELERECARGAS 131 (131),SALTA,1,N,2,"0,000","0,000","0,000","0,000"
8034132,TELERECARGAS 132 (132),BUENOS AIRES,1,1.VIP,2,"2,000","0,000","0,000","0,000"
8034133,TELERECARGAS 133 (133),BUENOS AIRES,1,5.D,6,"0,000","0,000","0,000","0,000"
8034134,TELERECARGAS 134 (134),SALTA,1,5.D,6,"0,000","0,000","0,000","0,000"
8034136,TELERECARGAS 136 (136),SALTA,1,5.D,6,"0,000","0,000","0,000","0,000"
8034137,TELERECARGAS 137 (137),SALTA,1,5.D,6,"0,000","0,000","0,000","0,000"
8034138,TELERECARGAS 138 (138),FORMOSA,1,N,2,"0,000","0,000","0,000","0,000"
8034014,TELERECARGAS 14 (014),SALTA,1,5.D,6,"0,000","0,000","0,000","0,000"
8034140,TELERECARGAS 140 (140),BUENOS AIRES,1,5.D,6,"0,000","0,000","0,000","0,000"
8034141,TELERECARGAS 141 (141),BUENOS AIRES,1,1.VIP,2,"4,000","0,000","0,000","0,000"
8034142,TELERECARGAS 142 (142),SALTA,1,5.D,6,"0,000","0,000","0,000","0,000"
8034143,TELERECARGAS 143 (143),FORMOSA,1,5.D,6,"0,000","0,000","0,000","0,000"
8034145,TELERECARGAS 145 (145),CHACO,1,5.D,6,"0,000","0,000","0,000","0,000"
8034146,TELERECARGAS 146 (146),CHACO,1,N,2,"0,000","0,000","0,000","0,000"
8034148,TELERECARGAS 148 (148),BUENOS AIRES,1,5.D,6,"0,000","0,000","0,000","0,000"
8034149,TELERECARGAS 149 (149),BUENOS AIRES,1,5.D,6,"0,000","0,000","0,000","0,000"
8034015,TELERECARGAS 15 (015),SALTA,1,5.D,6,"0,000","0,000","0,000","0,000"
8034150,TELERECARGAS 150 (150),FORMOSA,1,5.D,6,"0,000","0,000","0,000","0,000"
8034151,TELERECARGAS 151 (151),CHACO,1,N,2,"0,000","0,000","0,000","0,000"
8034152,TELERECARGAS 152 (152),SANTIAGO DEL ESTERO,1,5.D,6,"0,000","0,000","0,000","0,000"
8034153,TELERECARGAS 153 (153),SANTA FE,1,5.D,6,"0,000","0,000","0,000","0,000"
8034154,TELERECARGAS 154 (154),CORDOBA,1,5.D,6,"0,000","0,000","0,000","0,000"
8034155,TELERECARGAS 155 (155),BUENOS AIRES,1,N,2,"0,000","0,000","0,000","0,000"
8034156,TELERECARGAS 156 (156),CORDOBA,1,5.D,6,"0,000","0,000","0,000","0,000"
8034157,TELERECARGAS 157 (157),FORMOSA,1,N,2,"0,000","0,000","0,000","0,000"
8034016,TELERECARGAS 16 (016),SALTA,1,5.D,6,"0,000","0,000","0,000","0,000"
8034160,TELERECARGAS 160 (160),FORMOSA,1,5.D,6,"0,000","0,000","0,000","0,000"
8034161,TELERECARGAS 161 (161),CORDOBA,1,5.D,6,"0,000","0,000","0,000","0,000"
8034162,TELERECARGAS 162 (162),BUENOS AIRES,1,5.D,6,"0,000","0,000","0,000","0,000"
8034163,TELERECARGAS 163 (163),SALTA,1,5.D,6,"0,000","0,000","0,000","0,000"
8034164,TELERECARGAS 164 (164),CAPITAL FEDERAL,1,5.D,6,"0,000","0,000","0,000","0,000"
8034165,TELERECARGAS 165 (165),BUENOS AIRES,1,4.C,4,"0,000","0,000","0,000","0,000"
8034166,TELERECARGAS 166 (166),BUENOS AIRES,1,5.D,6,"0,000","0,000","0,000","0,000"
8034167,TELERECARGAS 167 (167),FORMOSA,1,5.D,6,"0,000","0,000","0,000","0,000"
8034168,TELERECARGAS 168 (168),CHACO,1,5.D,6,"0,000","0,000","0,000","0,000"
8034169,TELERECARGAS 169 (169),BUENOS AIRES,1,5.D,6,"0,000","0,000","0,000","0,000"
8034017,TELERECARGAS 17 (017),SALTA,1,4.C,4,"0,000","0,000","0,000","0,000"
8034170,TELERECARGAS 170 (170),BUENOS AIRES,1,5.D,6,"0,000","0,000","0,000","0,000"
8034171,TELERECARGAS 171 (171),SALTA,1,5.D,6,"0,000","0,000","0,000","0,000"
8034172,TELERECARGAS 172 (172),JUJUY,1,5.D,6,"1,048","0,000","0,000","0,000"
8034173,TELERECARGAS 173 (173),BUENOS AIRES,1,5.D,6,"0,000","0,000","0,000","0,000"
8034174,TELERECARGAS 174 (174),SALTA,1,5.D,6,"0,000","0,000","0,000","0,000"
8034175,TELERECARGAS 175 (175),JUJUY,1,5.D,6,"0,000","0,000","0,000","0,000"
8034176,TELERECARGAS 176 (176),TUCUMAN,1,5.D,6,"0,000","0,000","0,000","0,000"
8034178,TELERECARGAS 178 (178),LA RIOJA,1,5.D,6,"0,000","0,000","0,000","0,000"
8034179,TELERECARGAS 179 (179),BUENOS AIRES,1,4.C,4,"0,000","0,000","0,000","0,000"
8034018,TELERECARGAS 18 (018),SALTA,1,5.D,6,"0,000","0,000","0,000","0,000"
8034180,TELERECARGAS 180 (180),CORDOBA,1,5.D,6,"0,000","0,000","0,000","0,000"
8034181,TELERECARGAS 181 (181),FORMOSA,1,5.D,6,"0,000","0,000","0,000","0,000"
8034182,TELERECARGAS 182 (182),SALTA,1,5.D,6,"0,000","0,000","0,000","0,000"
8034183,TELERECARGAS 183 (183),SALTA,1,5.D,6,"0,000","0,000","0,000","0,000"
8034184,TELERECARGAS 184 (184),SALTA,1,5.D,6,"0,000","0,000","0,000","0,000"
8034185,TELERECARGAS 185 (185),SALTA,1,N,2,"0,000","0,000","0,000","0,000"
8034186,TELERECARGAS 186 (186),SALTA,1,N,2,"0,000","0,000","0,000","0,000"
8034188,TELERECARGAS 188 (188),FORMOSA,1,N,2,"0,000","0,000","0,000","0,000"
8034189,TELERECARGAS 189 (189),SALTA,1,5.D,6,"0,000","0,000","0,000","0,000"
8034191,TELERECARGAS 191 (191),BUENOS AIRES,1,5.D,6,"0,000","0,000","0,000","0,000"
8034192,TELERECARGAS 192 (192),SALTA,1,5.D,6,"0,000","0,000","0,000","0,000"
8034193,TELERECARGAS 193 (193),BUENOS AIRES,1,N,2,"0,000","0,000","0,000","0,000"
8034196,TELERECARGAS 196 (196),BUENOS AIRES,1,5.D,6,"0,000","0,000","0,000","0,000"
8034198,TELERECARGAS 198 (198),BUENOS AIRES,1,5.D,6,"0,000","0,000","0,000","0,000"
8034199,TELERECARGAS 199 (199),FORMOSA,1,N,2,"0,000","0,000","0,000","0,000"
8034020,TELERECARGAS 20 (020),SALTA,1,5.D,6,"0,000","0,000","0,000","0,000"
8034201,TELERECARGAS 201 (201),FORMOSA,1,5.D,6,"0,000","0,000","0,000","0,000"
8034203,TELERECARGAS 203 (203),BUENOS AIRES,1,5.D,6,"0,000","0,000","0,000","0,000"
8034208,TELERECARGAS 208 (208),SALTA,1,5.D,6,"0,000","0,000","0,000","0,000"
8034209,TELERECARGAS 209 (209),CAPITAL FEDERAL,1,3.B,4,"0,000","0,000","0,000","0,000"
8034021,TELERECARGAS 21 (021),BUENOS AIRES,1,4.C,4,"0,000","0,000","0,000","0,000"
8034210,TELERECARGAS 210 (210),BUENOS AIRES,1,4.C,4,"0,600","0,000","0,000","0,000"
8034211,TELERECARGAS 211 (211),CAPITAL FEDERAL,1,4.C,4,"0,000","0,000","0,000","0,000"
8034212,TELERECARGAS 212 (212),CAPITAL FEDERAL,1,4.C,4,"0,000","0,000","0,000","0,000"
8034213,TELERECARGAS 213 (213),BUENOS AIRES,1,5.D,6,"0,000","0,000","0,000","0,000"
8034214,TELERECARGAS 214 (214),JUJUY,1,5.D,6,"0,000","0,000","0,000","0,000"
8034215,TELERECARGAS 215 (215),CORDOBA,1,5.D,6,"0,000","0,000","0,000","0,000"
8034217,TELERECARGAS 217 (217),BUENOS AIRES,1,5.D,6,"0,000","0,000","0,000","0,000"
8034218,TELERECARGAS 218 (218),BUENOS AIRES,1,5.D,6,"0,000","0,000","0,000","0,000"
8034219,TELERECARGAS 219 (219),SALTA,1,5.D,6,"0,000","0,000","0,000","0,000"
8034022,TELERECARGAS 22 (022),BUENOS AIRES,1,N,2,"0,000","0,000","0,000","0,000"
8034220,TELERECARGAS 220 (220),BUENOS AIRES,1,N,2,"1,192","0,000","0,000","0,000"
8034224,TELERECARGAS 224 (224),BUENOS AIRES,1,5.D,6,"0,000","0,000","0,000","0,000"
8034225,TELERECARGAS 225 (225),BUENOS AIRES,1,5.D,6,"0,000","0,000","0,000","0,000"
8034226,TELERECARGAS 226 (226),BUENOS AIRES,1,5.D,6,"0,000","0,000","0,000","0,000"
8034227,TELERECARGAS 227 (227),BUENOS AIRES,1,5.D,6,"0,000","0,000","0,000","0,000"
8034228,TELERECARGAS 228 (228),MISIONES,1,5.D,6,"0,000","0,000","0,000","0,000"
8034229,TELERECARGAS 229 (229),BUENOS AIRES,1,5.D,6,"0,000","0,000","0,000","0,000"
8034023,TELERECARGAS 23 (023),BUENOS AIRES,1,5.D,6,"0,000","0,000","0,000","0,000"
8034230,TELERECARGAS 230 (230),BUENOS AIRES,1,N,2,"0,000","0,000","0,000","0,000"
8034231,TELERECARGAS 231 (231),BUENOS AIRES,1,5.D,6,"0,000","0,000","0,000","0,000"
8034232,TELERECARGAS 232 (232),CHUBUT,1,N,2,"1,328","0,000","0,000","0,000"
8034233,TELERECARGAS 233 (233),BUENOS AIRES,1,5.D,6,"0,000","0,000","0,000","0,000"
8034234,TELERECARGAS 234 (234),BUENOS AIRES,1,5.D,6,"0,000","0,000","0,000","0,000"
8034237,TELERECARGAS 237 (237),BUENOS AIRES,1,5.D,6,"0,000","0,000","0,000","0,000"
8034239,TELERECARGAS 239 (239),BUENOS AIRES,1,5.D,6,"0,000","0,000","0,000","0,000"
8034024,TELERECARGAS 24 (024),CHACO,1,2.A,3,"0,000","0,000","0,000","0,000"
8034240,TELERECARGAS 240 (240),BUENOS AIRES,1,5.D,6,"0,000","0,000","0,000","0,000"
8034241,TELERECARGAS 241 (241),BUENOS AIRES,1,5.D,6,"0,000","0,000","0,000","0,000"
8034242,TELERECARGAS 242 (242),BUENOS AIRES,1,5.D,6,"0,000","0,000","0,000","0,000"
8034243,TELERECARGAS 243 (243),BUENOS AIRES,1,5.D,6,"0,000","0,000","0,000","0,000"
8034245,TELERECARGAS 245 (245),BUENOS AIRES,1,5.D,6,"0,000","0,000","0,000","0,000"
8034247,TELERECARGAS 247 (247),JUJUY,1,N,2,"0,000","0,000","0,000","0,000"
8034248,TELERECARGAS 248 (248),BUENOS AIRES,1,5.D,6,"0,000","0,000","0,000","0,000"
8034025,TELERECARGAS 25 (025),BUENOS AIRES,1,4.C,4,"0,000","0,000","0,000","0,000"
8034250,TELERECARGAS 250 (250),BUENOS AIRES,1,5.D,6,"0,000","0,000","0,000","0,000"
8034251,TELERECARGAS 251 (251),BUENOS AIRES,1,5.D,6,"0,000","0,000","0,000","0,000"
8034252,TELERECARGAS 252 (252),BUENOS AIRES,1,5.D,6,"0,000","0,000","0,000","0,000"
8034254,TELERECARGAS 254 (254),CHACO,1,5.D,6,"0,000","0,000","0,000","0,000"
8034256,TELERECARGAS 256 (256),FORMOSA,1,5.D,6,"0,000","0,000","0,000","0,000"
8034257,TELERECARGAS 257 (257),CORRIENTES,1,5.D,6,"0,000","0,000","0,000","0,000"
8034258,TELERECARGAS 258 (258),JUJUY,1,N,2,"0,000","0,000","0,000","0,000"
8034259,TELERECARGAS 259 (259),SALTA,1,5.D,6,"0,000","0,000","0,000","0,000"
8034026,TELERECARGAS 26 (026),CHACO,1,5.D,6,"0,000","0,000","0,000","0,000"
8034262,TELERECARGAS 262 (262),JUJUY,1,5.D,6,"0,000","0,000","0,000","0,000"
8034263,TELERECARGAS 263 (263),JUJUY,1,5.D,6,"0,000","0,000","0,000","0,000"
8034264,TELERECARGAS 264 (264),SALTA,1,5.D,6,"0,000","0,000","0,000","0,000"
8034265,TELERECARGAS 265 (265),SALTA,1,5.D,6,"0,000","0,000","0,000","0,000"
8034266,TELERECARGAS 266 (266),JUJUY,1,5.D,6,"0,000","0,000","0,000","0,000"
8034268,TELERECARGAS 268 (268),BUENOS AIRES,1,N,2,"0,000","0,000","0,000","0,000"
8034269,TELERECARGAS 269 (269),SALTA,1,5.D,6,"0,000","0,000","0,000","0,000"
8034027,TELERECARGAS 27 (027),BUENOS AIRES,1,4.C,4,"0,000","0,000","0,000","0,000"
8034270,TELERECARGAS 270 (270),BUENOS AIRES,1,5.D,6,"0,000","0,000","0,000","0,000"
8034271,TELERECARGAS 271 (271),RIO NEGRO,1,5.D,6,"0,000","0,000","0,000","0,000"
8034272,TELERECARGAS 272 (272),BUENOS AIRES,1,5.D,6,"0,000","0,000","0,000","0,000"
8034273,TELERECARGAS 273 (273),CAPITAL FEDERAL,1,N,2,"0,000","0,000","0,000","0,000"
8034274,TELERECARGAS 274 (274),BUENOS AIRES,1,N,2,"0,000","0,000","0,000","0,000"
8034275,TELERECARGAS 275 (275),BUENOS AIRES,1,N,2,"0,000","0,000","0,000","0,000"
8034276,TELERECARGAS 276 (276),JUJUY,1,N,2,"0,000","0,000","0,000","0,000"
8034277,TELERECARGAS 277 (277),TUCUMAN,1,5.D,6,"0,000","0,000","0,000","0,000"
8034278,TELERECARGAS 278 (278),BUENOS AIRES,1,5.D,6,"0,000","0,000","0,000","0,000"
8034279,TELERECARGAS 279 (279),BUENOS AIRES,1,5.D,6,"0,000","0,000","0,000","0,000"
8034028,TELERECARGAS 28 (028),SALTA,1,5.D,6,"0,000","0,000","0,000","0,000"
8034280,TELERECARGAS 280 (280),BUENOS AIRES,1,5.D,6,"0,000","0,000","0,000","0,000"
8034284,TELERECARGAS 284 (284),BUENOS AIRES,1,5.D,6,"2,071","0,000","0,000","0,000"
8034286,TELERECARGAS 286 (286),BUENOS AIRES,1,5.D,6,"0,000","0,000","0,000","0,000"
8034287,TELERECARGAS 287 (287),CHACO,1,5.D,6,"0,000","0,000","0,000","0,000"
8034288,TELERECARGAS 288 (288),CHACO,1,N,2,"0,000","0,000","0,000","0,000"
8034289,TELERECARGAS 289 (289),SALTA,1,5.D,6,"0,000","0,000","0,000","0,000"
8034029,TELERECARGAS 29 (029),BUENOS AIRES,1,5.D,6,"0,000","0,000","0,000","0,000"
8034290,TELERECARGAS 290 (290),SALTA,1,5.D,6,"0,000","0,000","0,000","0,000"
8034291,TELERECARGAS 291 (291),BUENOS AIRES,1,4.C,4,"0,000","0,000","0,000","0,000"
8034292,TELERECARGAS 292 (292),BUENOS AIRES,1,5.D,6,"0,000","0,000","0,000","0,000"
8034293,TELERECARGAS 293 (293),CHACO,1,5.D,6,"0,000","0,000","0,000","0,000"
8034294,TELERECARGAS 294 (294),SALTA,1,4.C,4,"0,000","0,000","0,000","0,000"
8034296,TELERECARGAS 296 (296),TUCUMAN,1,5.D,6,"0,000","0,000","0,000","0,000"
8034298,TELERECARGAS 298 (298),TUCUMAN,1,5.D,6,"0,000","0,000","0,000","0,000"
8034030,TELERECARGAS 30 (030),FORMOSA,1,5.D,6,"0,000","0,000","0,000","0,000"
8034300,TELERECARGAS 300 (300),BUENOS AIRES,1,5.D,6,"0,000","0,000","0,000","0,000"
8034301,TELERECARGAS 301 (301),BUENOS AIRES,1,5.D,6,"0,000","0,000","0,000","0,000"
8034302,TELERECARGAS 302 (302),BUENOS AIRES,1,5.D,6,"0,000","0,000","0,000","0,000"
8034303,TELERECARGAS 303 (303),BUENOS AIRES,1,5.D,6,"3,918","0,500","0,000","0,000"
8034305,TELERECARGAS 305 (305),MISIONES,1,3.B,4,"0,000","0,000","0,000","0,000"
8034306,TELERECARGAS 306 (306),MISIONES,1,N,2,"0,000","0,000","0,000","0,000"
8034031,TELERECARGAS 31 (031),JUJUY,1,5.D,6,"0,000","0,000","0,000","0,000"
8034310,TELERECARGAS 310 (310),SANTIAGO DEL ESTERO,1,5.D,6,"0,000","0,000","0,000","0,000"
8034312,TELERECARGAS 312 (312),CHUBUT,1,N,2,"0,000","0,000","0,000","0,000"
8034313,TELERECARGAS 313 (313),JUJUY,1,5.D,6,"0,000","0,000","0,000","0,000"
8034314,TELERECARGAS 314 (314),CHACO,1,5.D,6,"0,000","0,000","0,000","0,000"
8034316,TELERECARGAS 316 (316),MISIONES,1,5.D,6,"0,000","0,000","0,000","0,000"
8034318,TELERECARGAS 318 (318),MISIONES,1,5.D,6,"0,000","0,000","0,000","0,000"
8034319,TELERECARGAS 319 (319),BUENOS AIRES,1,5.D,6,"0,000","0,000","0,000","0,000"
8034032,TELERECARGAS 32 (032),BUENOS AIRES,1,4.C,4,"1,603","0,000","0,000","0,000"
8034321,TELERECARGAS 321 (321),BUENOS AIRES,1,5.D,6,"0,000","0,000","0,000","0,000"
8034324,TELERECARGAS 324 (324),JUJUY,1,5.D,6,"0,000","0,000","0,000","0,000"
8034327,TELERECARGAS 327 (327),CAPITAL FEDERAL,1,3.B,4,"0,000","0,000","0,000","0,000"
8034328,TELERECARGAS 328 (328),BUENOS AIRES,1,N,2,"0,000","0,000","0,000","0,000"
8034033,TELERECARGAS 33 (033),SALTA,1,5.D,6,"0,000","0,000","0,000","0,000"
8034331,TELERECARGAS 331 (331),BUENOS AIRES,1,4.C,4,"0,000","0,000","0,000","0,000"
8034332,TELERECARGAS 332 (332),BUENOS AIRES,1,5.D,6,"0,000","0,000","0,000","0,000"
8034333,TELERECARGAS 333 (333),BUENOS AIRES,1,5.D,6,"0,000","0,000","0,000","0,000"
8034334,TELERECARGAS 334 (334),CAPITAL FEDERAL,1,4.C,4,"0,000","0,000","0,000","0,000"
8034335,TELERECARGAS 335 (335),BUENOS AIRES,1,4.C,4,"0,000","0,000","0,000","0,000"
8034336,TELERECARGAS 336 (336),BUENOS AIRES,1,5.D,6,"0,000","0,000","0,000","0,000"
8034337,TELERECARGAS 337 (337),BUENOS AIRES,1,4.C,4,"0,000","0,000","0,000","0,000"
8034338,TELERECARGAS 338 (338),BUENOS AIRES,1,4.C,4,"0,000","0,000","0,000","0,000"
8034339,TELERECARGAS 339 (339),SALTA,1,2.A,3,"0,875","0,000","0,000","0,000"
8034034,TELERECARGAS 34 (034),BUENOS AIRES,1,5.D,6,"0,000","0,000","0,000","0,000"
8034340,TELERECARGAS 340 (340),BUENOS AIRES,1,3.B,4,"0,000","0,000","0,000","0,000"
8034344,TELERECARGAS 344 (344),CORRIENTES,1,4.C,4,"0,595","0,000","0,000","0,000"
8034345,TELERECARGAS 345 (345),FORMOSA,1,4.C,4,"0,000","0,000","0,000","0,000"
8034346,TELERECARGAS 346 (346),CORRIENTES,1,4.C,4,"0,000","0,000","0,000","0,000"
8034347,TELERECARGAS 347 (347),BUENOS AIRES,1,4.C,4,"0,000","0,000","0,000","0,000"
8034348,TELERECARGAS 348 (348),BUENOS AIRES,1,N,2,"0,000","0,000","0,000","0,000"
8034349,TELERECARGAS 349 (349),CAPITAL FEDERAL,1,4.C,4,"0,000","0,000","0,000","0,000"
8034035,TELERECARGAS 35 (035),BUENOS AIRES,1,5.D,6,"0,000","0,000","0,000","0,000"
8034350,TELERECARGAS 350 (350),CORRIENTES,1,4.C,4,"0,000","0,000","0,000","0,000"
8034351,TELERECARGAS 351 (351),BUENOS AIRES,1,5.D,6,"0,000","0,000","0,000","0,000"
8034352,TELERECARGAS 352 (352),SALTA,1,5.D,6,"1,123","0,000","0,000","0,000"
8034353,TELERECARGAS 353 (353),SALTA,1,4.C,4,"0,000","0,000","0,000","0,000"
8034354,TELERECARGAS 354 (354),CAPITAL FEDERAL,1,N,2,"0,000","0,000","0,000","0,000"
8034355,TELERECARGAS 355 (355),BUENOS AIRES,1,5.D,6,"0,000","0,000","0,000","0,000"
8034357,TELERECARGAS 357 (357),BUENOS AIRES,1,5.D,6,"0,000","0,000","0,000","0,000"
8034358,TELERECARGAS 358 (358),BUENOS AIRES,1,5.D,6,"0,000","0,000","0,000","0,000"
8034359,TELERECARGAS 359 (359),BUENOS AIRES,1,5.D,6,"0,000","0,000","0,000","0,000"
8034036,TELERECARGAS 36 (036),TUCUMAN,1,5.D,6,"2,761","0,500","0,000","0,000"
8034360,TELERECARGAS 360 (360),MISIONES,1,4.C,4,"0,000","0,000","0,000","0,000"
8034361,TELERECARGAS 361 (361),JUJUY,1,5.D,6,"0,000","0,000","0,000","0,000"
8034362,TELERECARGAS 362 (362),CHACO,1,5.D,6,"0,000","0,000","0,000","0,000"
8034363,TELERECARGAS 363 (363),JUJUY,1,5.D,6,"0,000","0,000","0,000","0,000"
8034364,TELERECARGAS 364 (364),JUJUY,1,5.D,6,"0,000","0,000","0,000","0,000"
8034366,TELERECARGAS 366 (366),BUENOS AIRES,1,5.D,6,"0,000","0,000","0,000","0,000"
8034367,TELERECARGAS 367 (367),BUENOS AIRES,1,5.D,6,"0,000","0,000","0,000","0,000"
8034368,TELERECARGAS 368 (368),BUENOS AIRES,1,5.D,6,"0,000","0,000","0,000","0,000"
8034037,TELERECARGAS 37 (037),SALTA,1,5.D,6,"0,000","0,000","0,000","0,000"
8034370,TELERECARGAS 370 (370),NEUQUEN,1,5.D,6,"0,000","0,000","0,000","0,000"
8034371,TELERECARGAS 371 (371),BUENOS AIRES,1,N,2,"0,000","0,000","0,000","0,000"
8034372,TELERECARGAS 372 (372),RIO NEGRO,1,5.D,6,"0,000","0,000","0,000","0,000"
8034373,TELERECARGAS 373 (373),BUENOS AIRES,1,5.D,6,"0,000","0,000","0,000","0,000"
8034374,TELERECARGAS 374 (374),BUENOS AIRES,1,5.D,6,"0,000","0,000","0,000","0,000"
8034375,TELERECARGAS 375 (375),BUENOS AIRES,1,5.D,6,"0,000","0,000","0,000","0,000"
8034376,TELERECARGAS 376 (376),BUENOS AIRES,1,5.D,6,"0,000","0,000","0,000","0,000"
8034377,TELERECARGAS 377 (377),BUENOS AIRES,1,5.D,6,"0,000","0,000","0,000","0,000"
8034379,TELERECARGAS 379 (379),CAPITAL FEDERAL,1,5.D,6,"0,000","0,000","0,000","0,000"
8034038,TELERECARGAS 38 (038),BUENOS AIRES,1,5.D,6,"0,000","0,000","0,000","0,000"
8034380,TELERECARGAS 380 (380),BUENOS AIRES,1,5.D,6,"0,000","0,000","0,000","0,000"
8034381,TELERECARGAS 381 (381),BUENOS AIRES,1,5.D,6,"0,000","0,000","0,000","0,000"
8034382,TELERECARGAS 382 (382),BUENOS AIRES,1,5.D,6,"0,000","0,000","0,000","0,000"
8034383,TELERECARGAS 383 (383),BUENOS AIRES,1,5.D,6,"0,000","0,000","0,000","0,000"
8034385,TELERECARGAS 385 (385),CHUBUT,1,5.D,6,"0,000","0,000","0,000","0,000"
8034386,TELERECARGAS 386 (386),BUENOS AIRES,1,5.D,6,"0,000","0,000","0,000","0,000"
8034387,TELERECARGAS 387 (387),BUENOS AIRES,1,N,2,"0,000","0,000","0,000","0,000"
8034388,TELERECARGAS 388 (388),BUENOS AIRES,1,N,2,"0,000","0,000","0,000","0,000"
8034389,TELERECARGAS 389 (389),BUENOS AIRES,1,N,2,"0,000","0,000","0,000","0,000"
8034039,TELERECARGAS 39 (039),SALTA,1,5.D,6,"0,000","0,000","0,000","0,000"
8034390,TELERECARGAS 390 (390),BUENOS AIRES,1,5.D,6,"0,000","0,000","0,000","0,000"
8034392,TELERECARGAS 392 (392),BUENOS AIRES,1,5.D,6,"0,000","0,000","0,000","0,000"
8034395,TELERECARGAS 395 (395),BUENOS AIRES,1,5.D,6,"0,000","0,000","0,000","0,000"
8034396,TELERECARGAS 396 (396),BUENOS AIRES,1,5.D,6,"0,000","0,000","0,000","0,000"
8034397,TELERECARGAS 397 (397),CHUBUT,1,5.D,6,"0,000","0,000","0,000","0,000"
8034398,TELERECARGAS 398 (398),RIO NEGRO,1,N,2,"0,000","0,000","0,000","0,000"
8034004,TELERECARGAS 4 (004),CAPITAL FEDERAL,1,5.D,6,"0,000","0,000","0,000","0,000"
8034040,TELERECARGAS 40 (040),SALTA,1,5.D,6,"0,000","0,000","0,000","0,000"
8034402,TELERECARGAS 402 (402),RIO NEGRO,1,N,2,"0,000","0,000","0,000","0,000"
8034403,TELERECARGAS 403 (403),BUENOS AIRES,1,5.D,6,"0,000","0,000","0,000","0,000"
8034404,TELERECARGAS 404 (404),BUENOS AIRES,1,5.D,6,"0,000","0,000","0,000","0,000"
8034405,TELERECARGAS 405 (405),CAPITAL FEDERAL,1,N,2,"0,000","0,000","0,000","0,000"
8034406,TELERECARGAS 406 (406),CORDOBA,1,5.D,6,"0,000","0,000","0,000","0,000"
8034407,TELERECARGAS 407 (407),CAPITAL FEDERAL,1,5.D,6,"0,000","0,000","0,000","0,000"
8034408,TELERECARGAS 408 (408),CAPITAL FEDERAL,1,5.D,6,"0,000","0,000","0,000","0,000"
8034409,TELERECARGAS 409 (409),BUENOS AIRES,1,5.D,6,"0,000","0,000","0,000","0,000"
8034041,TELERECARGAS 41 (041),CORRIENTES,1,2.A,3,"2,000","0,000","0,000","0,000"
8034410,TELERECARGAS 410 (410),BUENOS AIRES,1,5.D,6,"0,000","0,000","0,000","0,000"
8034411,TELERECARGAS 411 (411),SALTA,1,5.D,6,"0,000","0,000","0,000","0,000"
8034412,TELERECARGAS 412 (412),BUENOS AIRES,1,N,2,"0,000","0,000","0,000","0,000"
8034414,TELERECARGAS 414 (414),CORRIENTES,1,5.D,6,"0,000","0,000","0,000","0,000"
8034415,TELERECARGAS 415 (415),MISIONES,1,5.D,6,"0,000","0,000","0,000","0,000"
8034416,TELERECARGAS 416 (416),JUJUY,1,5.D,6,"0,000","0,000","0,000","0,000"
8034417,TELERECARGAS 417 (417),CHACO,1,5.D,6,"0,000","0,000","0,000","0,000"
8034418,TELERECARGAS 418 (418),BUENOS AIRES,1,N,2,"0,000","0,000","0,000","0,000"
8034419,TELERECARGAS 419 (419),CAPITAL FEDERAL,1,N,2,"0,000","0,000","0,000","0,000"
8034042,TELERECARGAS 42 (042),BUENOS AIRES,1,5.D,6,"0,000","0,000","0,000","0,000"
8034420,TELERECARGAS 420 (420),BUENOS AIRES,1,5.D,6,"0,000","0,000","0,000","0,000"
8034421,TELERECARGAS 421 (421),CAPITAL FEDERAL,1,4.C,4,"0,000","0,000","0,000","0,000"
8034422,TELERECARGAS 422 (422),CHACO,1,5.D,6,"0,000","0,000","0,000","0,000"
8034423,TELERECARGAS 423 (423),BUENOS AIRES,1,5.D,6,"0,000","0,000","0,000","0,000"
8034424,TELERECARGAS 424 (424),CORRIENTES,1,5.D,6,"0,000","0,000","0,000","0,000"
8034426,TELERECARGAS 426 (426),SALTA,1,5.D,6,"0,000","0,000","0,000","0,000"
8034428,TELERECARGAS 428 (428),FORMOSA,1,N,2,"0,000","0,000","0,000","0,000"
8034043,TELERECARGAS 43 (043),BUENOS AIRES,1,5.D,6,"0,000","0,000","0,000","0,000"
8034430,TELERECARGAS 430 (430),BUENOS AIRES,1,4.C,4,"0,000","0,000","0,000","0,000"
8034432,TELERECARGAS 432 (432),CORDOBA,1,5.D,6,"0,000","0,000","0,000","0,000"
8034433,TELERECARGAS 433 (433),BUENOS AIRES,1,5.D,6,"0,000","0,000","0,000","0,000"
8034434,TELERECARGAS 434 (434),BUENOS AIRES,1,5.D,6,"0,000","0,000","0,000","0,000"
8034435,TELERECARGAS 435 (435),SALTA,1,5.D,6,"0,000","0,000","0,000","0,000"
8034437,TELERECARGAS 437 (437),SANTIAGO DEL ESTERO,1,5.D,6,"0,000","0,000","0,000","0,000"
8034438,TELERECARGAS 438 (438),MISIONES,1,5.D,6,"0,000","0,000","0,000","0,000"
8034439,TELERECARGAS 439 (439),CAPITAL FEDERAL,1,5.D,6,"0,000","0,000","0,000","0,000"
8034044,TELERECARGAS 44 (044),CAPITAL FEDERAL,1,5.D,6,"0,000","0,000","0,000","0,000"
8034440,TELERECARGAS 440(440),BUENOS AIRES,1,N,2,"0,000","0,000","0,000","0,000"
8034442,TELERECARGAS 442 (442),CHACO,1,5.D,6,"0,000","0,000","0,000","0,000"
8034443,TELERECARGAS 443 (443),JUJUY,1,5.D,6,"0,000","0,000","0,000","0,000"
8034444,TELERECARGAS 444 (444),SALTA,1,5.D,6,"0,490","0,000","0,000","0,000"
8034445,TELERECARGAS 445 (445),CORDOBA,1,5.D,6,"0,000","0,000","0,000","0,000"
8034446,TELERECARGAS 446 (446),JUJUY,1,5.D,6,"0,000","0,000","0,000","0,000"
8034448,TELERECARGAS 448 (448),BUENOS AIRES,1,5.D,6,"0,000","0,000","0,000","0,000"
8034449,TELERECARGAS 449 (449),BUENOS AIRES,1,4.C,4,"0,319","0,000","0,000","0,000"
8034045,TELERECARGAS 45 (045),BUENOS AIRES,1,N,2,"0,000","0,000","0,000","0,000"
8034450,TELERECARGAS 450 (450),BUENOS AIRES,1,5.D,6,"1,710","0,000","0,000","0,000"
8034451,TELERECARGAS 451 (451),BUENOS AIRES,1,N,2,"0,000","0,000","0,000","0,000"
8034452,TELERECARGAS 452(452),BUENOS AIRES,1,N,2,"0,000","0,000","0,000","0,000"
8034453,TELERECARGAS 453 (453),BUENOS AIRES,1,5.D,6,"0,000","0,000","0,000","0,000"
8034454,TELERECARGAS 454(454),BUENOS AIRES,1,5.D,6,"0,000","0,000","0,000","0,000"
8034455,TELERECARGAS 455 (455),BUENOS AIRES,1,N,2,"0,000","0,000","0,000","0,000"
8034456,TELERECARGAS 456 (456),BUENOS AIRES,1,5.D,6,"0,000","0,000","0,000","0,000"
8034457,TELERECARGAS 457(457),BUENOS AIRES,1,5.D,6,"0,000","0,000","0,000","0,000"
8034458,TELERECARGAS 458 (458),BUENOS AIRES,1,5.D,6,"0,000","0,000","0,000","0,000"
8034046,TELERECARGAS 46 (046),BUENOS AIRES,1,4.C,4,"0,000","0,000","0,000","0,000"
8034460,TELERECARGAS 460 (460),BUENOS AIRES,1,5.D,6,"0,000","0,000","0,000","0,000"
8034461,TELERECARGAS 461 (461),BUENOS AIRES,1,5.D,6,"0,000","0,000","0,000","0,000"
8034462,TELERECARGAS 462(462),BUENOS AIRES,1,N,2,"0,000","0,000","0,000","0,000"
8034463,TELERECARGAS 463 (463),BUENOS AIRES,1,5.D,6,"0,000","0,000","0,000","0,000"
8034464,TELERECARGAS 464(464),BUENOS AIRES,1,5.D,6,"0,000","0,000","0,000","0,000"
8034465,TELERECARGAS 465 (465),BUENOS AIRES,1,N,2,"0,000","0,000","0,000","0,000"
8034466,TELERECARGAS 466 (466),BUENOS AIRES,1,N,2,"0,000","0,000","0,000","0,000"
8034467,TELERECARGAS 467(467),BUENOS AIRES,1,N,2,"0,000","0,000","0,000","0,000"
8034468,TELERECARGAS 468 (468),BUENOS AIRES,1,5.D,6,"0,000","0,000","0,000","0,000"
8034469,TELERECARGAS 469(469),BUENOS AIRES,1,5.D,6,"0,000","0,000","0,000","0,000"
8034047,TELERECARGAS 47 (047),BUENOS AIRES,1,5.D,6,"0,000","0,000","0,000","0,000"
8034470,TELERECARGAS 470 (470),BUENOS AIRES,1,5.D,6,"0,000","0,000","0,000","0,000"
8034471,TELERECARGAS 471 (471),BUENOS AIRES,1,5.D,6,"0,000","0,000","0,000","0,000"
8034472,TELERECARGAS 472(472),BUENOS AIRES,1,5.D,6,"0,000","0,000","0,000","0,000"
8034473,TELERECARGAS 473 (473),BUENOS AIRES,1,4.C,4,"0,000","0,000","0,000","0,000"
8034474,TELERECARGAS 474(474),BUENOS AIRES,1,5.D,6,"0,000","0,000","0,000","0,000"
8034475,TELERECARGAS 475 (475),BUENOS AIRES,1,5.D,6,"0,000","0,000","0,000","0,000"
8034476,TELERECARGAS 476 (476),BUENOS AIRES,1,5.D,6,"0,000","0,000","0,000","0,000"
8034477,TELERECARGAS 477(477),BUENOS AIRES,1,5.D,6,"0,000","0,000","0,000","0,000"
8034478,TELERECARGAS 478 (478),BUENOS AIRES,1,5.D,6,"0,000","0,000","0,000","0,000"
8034479,TELERECARGAS 479(479),BUENOS AIRES,1,5.D,6,"0,000","0,000","0,000","0,000"
8034048,TELERECARGAS 48 (048),MISIONES,1,4.C,4,"0,000","0,000","0,000","0,000"
8034480,TELERECARGAS 480 (480),BUENOS AIRES,1,5.D,6,"0,000","0,000","0,000","0,000"
8034481,TELERECARGAS 481 (481),BUENOS AIRES,1,5.D,6,"0,000","0,000","0,000","0,000"
8034482,TELERECARGAS 482(482),BUENOS AIRES,1,5.D,6,"0,000","0,000","0,000","0,000"
8034483,TELERECARGAS 483 (483),BUENOS AIRES,1,5.D,6,"0,000","0,000","0,000","0,000"
8034484,TELERECARGAS 484(484),BUENOS AIRES,1,5.D,6,"0,000","0,000","0,000","0,000"
8034486,TELERECARGAS 486 (486),CAPITAL FEDERAL,1,5.D,6,"0,000","0,000","0,000","0,000"
8034487,TELERECARGAS 487(487),CAPITAL FEDERAL,1,5.D,6,"0,000","0,000","0,000","0,000"
8034488,TELERECARGAS 488 (488),CAPITAL FEDERAL,1,5.D,6,"0,000","0,000","0,000","0,000"
8034489,TELERECARGAS 489(489),CAPITAL FEDERAL,1,5.D,6,"0,000","0,000","0,000","0,000"
8034049,TELERECARGAS 49 (049),SALTA,1,5.D,6,"0,000","0,000","0,000","0,000"
8034491,TELERECARGAS 491 (491),CAPITAL FEDERAL,1,N,2,"0,000","0,000","0,000","0,000"
8034493,TELERECARGAS 493 (493),TUCUMAN,1,5.D,6,"0,000","0,000","0,000","0,000"
8034494,TELERECARGAS 494(494),TUCUMAN,1,5.D,6,"0,000","0,000","0,000","0,000"
8034495,TELERECARGAS 495 (495),TUCUMAN,1,5.D,6,"0,000","0,000","0,000","0,000"
8034496,TELERECARGAS 496 (496),SANTIAGO DEL ESTERO,1,5.D,6,"0,000","0,000","0,000","0,000"
8034498,TELERECARGAS 498 (498),SANTIAGO DEL ESTERO,1,5.D,6,"0,000","0,000","0,000","0,000"
8034499,TELERECARGAS 499(499),SANTA FE,1,5.D,6,"0,000","0,000","0,000","0,000"
8034005,TELERECARGAS 5 (005),CAPITAL FEDERAL,1,4.C,4,"0,000","0,000","0,000","0,000"
8034050,TELERECARGAS 50 (050),CORRIENTES,1,N,2,"0,000","0,000","0,000","0,000"
8034500,TELERECARGAS 500 (500),SANTA FE,1,5.D,6,"0,000","0,000","0,000","0,000"
8034501,TELERECARGAS 501 (501),SANTA FE,1,5.D,6,"0,000","0,000","0,000","0,000"
8034502,TELERECARGAS 502(502),SANTA FE,1,5.D,6,"0,000","0,000","0,000","0,000"
8034503,TELERECARGAS 503 (503),SANTA FE,1,N,2,"0,000","0,000","0,000","0,000"
8034504,TELERECARGAS 504(504),SAN JUAN,1,5.D,6,"0,000","0,000","0,000","0,000"
8034505,TELERECARGAS 505 (505),SAN JUAN,1,5.D,6,"0,000","0,000","0,000","0,000"
8034506,TELERECARGAS 506 (506),SAN JUAN,1,5.D,6,"0,000","0,000","0,000","0,000"
8034508,TELERECARGAS 508 (508),SALTA,1,5.D,6,"0,000","0,000","0,000","0,000"
8034051,TELERECARGAS 51 (051),BUENOS AIRES,1,5.D,6,"0,000","0,000","0,000","0,000"
8034510,TELERECARGAS 510 (510),SALTA,1,5.D,6,"0,000","0,000","0,000","0,000"
8034511,TELERECARGAS 511 (511),SALTA,1,5.D,6,"0,000","0,000","0,000","0,000"
8034512,TELERECARGAS 512(512),SALTA,1,5.D,6,"0,000","0,000","0,000","0,000"
8034513,TELERECARGAS 513 (513),SALTA,1,N,2,"0,000","0,000","0,000","0,000"
8034514,TELERECARGAS 514(514),SALTA,1,N,2,"0,000","0,000","0,000","0,000"
8034515,TELERECARGAS 515 (515),SALTA,1,5.D,6,"0,000","0,000","0,000","0,000"
8034516,TELERECARGAS 516 (516),SALTA,1,5.D,6,"0,000","0,000","0,000","0,000"
8034517,TELERECARGAS 517(517),SALTA,1,N,2,"0,000","0,000","0,000","0,000"
8034518,TELERECARGAS 518 (518),SALTA,1,N,2,"0,000","0,000","0,000","0,000"
8034052,TELERECARGAS 52 (052),BUENOS AIRES,1,5.D,6,"0,000","0,000","0,000","0,000"
8034521,TELERECARGAS 521 (521),SALTA,1,N,2,"0,000","0,000","0,000","0,000"
8034524,TELERECARGAS 524(524),SALTA,1,5.D,6,"0,000","0,000","0,000","0,000"
8034527,TELERECARGAS 527(527),SALTA,1,5.D,6,"0,000","0,000","0,000","0,000"
8034528,TELERECARGAS 528 (528),BUENOS AIRES,1,5.D,6,"0,000","0,000","0,000","0,000"
8034529,TELERECARGAS 529(529),MISIONES,1,5.D,6,"0,000","0,000","0,000","0,000"
8034053,TELERECARGAS 53 (053),BUENOS AIRES,1,5.D,6,"0,000","0,000","0,000","0,000"
8034530,TELERECARGAS 530 (530),MISIONES,1,5.D,6,"0,000","0,000","0,000","0,000"
8034531,TELERECARGAS 531 (531),MISIONES,1,5.D,6,"0,000","0,000","0,000","0,000"
8034532,TELERECARGAS 532(532),MISIONES,1,4.C,4,"0,000","0,000","0,000","0,000"
8034533,TELERECARGAS 533 (533),MISIONES,1,5.D,6,"0,000","0,000","0,000","0,000"
8034535,TELERECARGAS 535 (535),MISIONES,1,5.D,6,"0,000","0,000","0,000","0,000"
8034536,TELERECARGAS 536 (536),MISIONES,1,5.D,6,"0,000","0,000","0,000","0,000"
8034537,TELERECARGAS 537(537),MISIONES,1,N,2,"0,000","0,000","0,000","0,000"
8034538,TELERECARGAS 538 (538),MISIONES,1,5.D,6,"0,000","0,000","0,000","0,000"
8034539,TELERECARGAS 539(539),MISIONES,1,5.D,6,"0,000","0,000","0,000","0,000"
8034054,TELERECARGAS 54 (054),BUENOS AIRES,1,5.D,6,"0,000","0,000","0,000","0,000"
8034540,TELERECARGAS 540 (540),MISIONES,1,5.D,6,"0,000","0,000","0,000","0,000"
8034541,TELERECARGAS 541 (541),MISIONES,1,N,2,"0,000","0,000","0,000","0,000"
8034542,TELERECARGAS 542(542),MISIONES,1,5.D,6,"0,000","0,000","0,000","0,000"
8034543,TELERECARGAS 543 (543),MISIONES,1,N,2,"0,000","0,000","0,000","0,000"
8034544,TELERECARGAS 544(544),MISIONES,1,5.D,6,"0,000","0,000","0,000","0,000"
8034545,TELERECARGAS 545(545),JUJUY,1,5.D,6,"0,000","0,000","0,000","0,000"
8034546,TELERECARGAS 546 (546),JUJUY,1,5.D,6,"0,000","0,000","0,000","0,000"
8034547,TELERECARGAS 547(547),JUJUY,1,N,2,"0,000","0,000","0,000","0,000"
8034548,TELERECARGAS 548 (548),BUENOS AIRES,1,4.C,4,"0,000","0,000","0,000","0,000"
8034055,TELERECARGAS 55 (055),BUENOS AIRES,1,4.C,4,"0,000","0,000","0,000","0,000"
8034056,TELERECARGAS 56 (056),BUENOS AIRES,1,5.D,6,"0,000","0,000","0,000","0,000"
8034057,TELERECARGAS 57 (057),BUENOS AIRES,1,5.D,6,"0,000","0,000","0,000","0,000"
8034059,TELERECARGAS 59 (059),BUENOS AIRES,1,5.D,6,"0,000","0,000","0,000","0,000"
8034006,TELERECARGAS 6 (006),CAPITAL FEDERAL,1,3.B,4,"0,000","0,000","0,000","0,000"
8034060,TELERECARGAS 60 (060),CORRIENTES,1,N,2,"0,000","0,000","0,000","0,000"
8034062,TELERECARGAS 62 (062),SALTA,1,5.D,6,"0,000","0,000","0,000","0,000"
8034063,TELERECARGAS 63 (063),SALTA,1,5.D,6,"0,000","0,000","0,000","0,000"
8034064,TELERECARGAS 64 (064),BUENOS AIRES,1,4.C,4,"0,000","0,000","0,000","0,000"
8034065,TELERECARGAS 65 (065),SANTIAGO DEL ESTERO,1,5.D,6,"0,000","0,000","0,000","0,000"
8034066,TELERECARGAS 66 (066),SALTA,1,5.D,6,"0,000","0,000","0,000","0,000"
8034067,TELERECARGAS 67 (067),JUJUY,1,5.D,6,"0,000","0,000","0,000","0,000"
8034068,TELERECARGAS 68 (068),SALTA,1,5.D,6,"0,000","0,000","0,000","0,000"
8034069,TELERECARGAS 69 (069),SALTA,1,2.A,3,"3,000","0,000","0,000","0,000"
8034007,TELERECARGAS 7 (007),CAPITAL FEDERAL,1,5.D,6,"0,000","0,000","0,000","0,000"
8034070,TELERECARGAS 70 (070),SALTA,1,5.D,6,"0,000","0,000","0,000","0,000"
8034072,TELERECARGAS 72 (072),BUENOS AIRES,1,5.D,6,"0,000","0,000","0,000","0,000"
8034073,TELERECARGAS 73 (073),BUENOS AIRES,1,N,2,"0,000","0,000","0,000","0,000"
8034074,TELERECARGAS 74 (074),BUENOS AIRES,1,5.D,6,"0,000","0,000","0,000","0,000"
8034075,TELERECARGAS 75 (075),BUENOS AIRES,1,5.D,6,"0,000","0,000","0,000","0,000"
8034076,TELERECARGAS 76 (076),BUENOS AIRES,1,5.D,6,"2,505","0,500","0,000","0,000"
8034078,TELERECARGAS 78 (078),SALTA,1,5.D,6,"0,000","0,000","0,000","0,000"
8034079,TELERECARGAS 79 (079),BUENOS AIRES,1,5.D,6,"0,000","0,000","0,000","0,000"
8034008,TELERECARGAS 8 (008),CAPITAL FEDERAL,1,5.D,6,"0,000","0,000","0,000","0,000"
8034082,TELERECARGAS 82 (082),BUENOS AIRES,1,4.C,4,"0,000","0,000","0,000","0,000"
8034083,TELERECARGAS 83 (083),BUENOS AIRES,1,N,2,"0,000","0,000","0,000","0,000"
8034085,TELERECARGAS 85 (085),BUENOS AIRES,1,5.D,6,"0,000","0,000","0,000","0,000"
8034086,TELERECARGAS 86 (086),SALTA,1,5.D,6,"0,000","0,000","0,000","0,000"
8034088,TELERECARGAS 88 (088),SALTA,1,3.B,4,"0,000","0,000","0,000","0,000"
8034009,TELERECARGAS 9 (009),CAPITAL FEDERAL,1,5.D,6,"0,000","0,000","0,000","0,000"
8034091,TELERECARGAS 91 (091),BUENOS AIRES,1,5.D,6,"0,000","0,000","0,000","0,000"
8034092,TELERECARGAS 92 (092),SAN JUAN,1,4.C,4,"0,000","0,000","0,000","0,000"
8034093,TELERECARGAS 93 (093),SALTA,1,N,2,"3,999","0,500","0,000","0,000"
8034096,TELERECARGAS 96 (096),JUJUY,1,5.D,6,"0,000","0,000","0,000","0,000"
8034097,TELERECARGAS 97 (097),SALTA,1,5.D,6,"3,851","0,500","0,000","0,000"
8034098,TELERECARGAS 98 (098),JUJUY,1,5.D,6,"3,061","0,500","0,000","0,000"
8034099,TELERECARGAS 99 (099),SALTA,1,5.D,6,"0,000","0,000","0,000","0,000"
13049255,TELESERVICIOS,BUENOS AIRES,1,4.C,4,"-0,218","0,000","0,000","2,833"
8849970,TELESERVICIOS,BUENOS AIRES,1,N,2,"3,405","0,000","0,000","0,000"
11649302,TELGAR,MISIONES,1,1.VIP,2,"10,561","0,000","0,000","1,729"
12449269,TEMSA,SANTA FE,1,N,2,"0,000","0,000","0,000","0,000"
6049064,TEN CALMA,SANTA FE,1,N,2,"4,048","0,000","0,000","0,000"
13049273,TENTATE,CORDOBA,1,5.D,6,"0,000","0,000","0,000","0,000"
8049162,TERMINAL ANATUYA,SANTIAGO DEL ESTERO,1,4.C,4,"-0,014","0,000","0,000","0,000"
7149119,TERMINAL DE OMNIBUS,CORDOBA,1,4.C,4,"0,000","0,000","0,000","0,000"
9749859,TERMINAL DEL VALLE,CHUBUT,1,5.D,6,"2,452","0,000","0,000","3,891"
9749814,TERMINAL JUJUY,JUJUY,1,3.B,4,"4,551","0,000","0,000","3,757"
13049241,TERMINAL LA BANDA,SANTIAGO DEL ESTERO,1,5.D,6,"0,000","0,000","0,000","0,000"
11949796,TERMINAL TECKA,CHUBUT,1,3.B,4,"-0,292","0,000","0,000","3,783"
11349023,TERRAMATER,MENDOZA,1,2.A,3,"3,707","1,258","0,000","13,602"
11949161,TEXET,CHACO,1,1.VIP,2,"1,602","2,002","0,000","3,000"
12049781,TEXET II,CHACO,1,5.D,6,"1,977","0,918","0,000","0,000"
12049907,TEXET III,CHACO,1,4.C,4,"0,000","0,000","0,000","1,000"
12049896,TEXET IV,CHACO,1,4.C,4,"2,139","0,000","0,000","1,000"
12649434,TEXET VII,CHACO,1,5.D,6,"0,936","0,360","0,000","0,000"
12849534,TEXET VIII,CHACO,1,2.A,3,"1,595","0,500","0,000","2,000"
7249039,TEXTIL LE BLANC,CORDOBA,1,1.VIP,2,"3,474","1,000","0,000","2,538"
5449428,TEXTIL LH,NEUQUEN,1,3.B,4,"-0,393","1,297","0,000","1,796"
9949014,THAMES PAGOS,CAPITAL FEDERAL,1,N,2,"0,687","3,216","0,000","0,000"
6949944,THE CHIKYS,CORDOBA,1,N,2,"-0,095","0,000","0,000","-0,038"
12949612,THE GUZMAN STORE,BUENOS AIRES,1,5.D,6,"0,000","0,000","0,000","0,000"
12849136,THE WALL,SALTA,1,1.VIP,2,"6,782","1,968","0,000","3,604"
9749737,THIAFEBE,JUJUY,1,N,2,"2,918","0,000","0,000","0,000"
8649130,THIAGO,JUJUY,1,5.D,6,"14,347","0,000","0,000","6,329"
12949097,THIAGO Y ZOE,BUENOS AIRES,1,N,2,"3,967","0,244","0,000","0,000"
12849108,THIA-XI,CHUBUT,1,5.D,6,"1,541","0,268","0,000","1,000"
11949319,THOALEX,BUENOS AIRES,1,2.A,3,"1,911","0,000","0,000","0,000"
11949220,TIC TAC 2,CORDOBA,1,2.A,3,"13,931","0,000","0,000","7,520"
12649633,TICKET CON PREMIO,ENTRE RIOS,1,3.B,4,"0,000","0,000","0,000","2,000"
9749616,TIENDA  ALSACUR,FORMOSA,1,N,2,"3,252","0,500","0,000","0,000"
7449278,TIENDA ALICIA,BUENOS AIRES,1,N,2,"-0,012","-0,050","0,000","-0,003"
11949664,TIENDA BERKANA,MISIONES,1,4.C,4,"0,000","0,000","0,000","1,000"
13049470,TIENDA DE CULTIVO DE LOS GLACIARES,SANTA CRUZ,1,5.D,6,"0,000","0,000","0,000","0,000"
8449011,TIENDA DE CULTIVOS,SANTA CRUZ,1,4.C,4,"-0,018","0,000","0,000","0,000"
13049224,TIENDA DE DULCES,RIO NEGRO,1,4.C,4,"2,819","0,000","0,000","6,861"
10949081,TIENDA DE MASCOTAS PATITAS,BUENOS AIRES,1,N,2,"5,945","-0,010","0,000","3,991"
12749291,TIENDA DE SEGURO,BUENOS AIRES,1,5.D,6,"0,888","0,500","0,000","0,000"
9749689,TIENDA EXPRESS,JUJUY,1,4.C,4,"0,242","0,000","0,000","5,000"
7449078,TIENDA FAR WEST,MENDOZA,1,2.A,3,"1,000","0,212","0,000","5,000"
11949454,TIENDA KENI,MISIONES,1,5.D,6,"0,375","0,732","0,000","0,000"
7449023,TIENDA LOS 2 ASES,BUENOS AIRES,1,2.A,3,"2,910","-0,156","0,000","1,521"
7449156,TIENDA MARIA GREGORIA,CORRIENTES,1,1.VIP,2,"4,575","0,000","0,000","3,349"
7449194,TIENDA MARIA JOSE,ENTRE RIOS,1,4.C,4,"0,003","0,500","0,000","0,000"
7449173,TIENDA MODA ERES,BUENOS AIRES,1,N,2,"2,513","1,572","0,000","0,000"
9749704,TIENDA NAITAN,CORDOBA,1,N,2,"3,046","0,000","0,000","0,000"
7249071,TIENDA Y REGALERIA DIEGUITO,TUCUMAN,1,3.B,4,"1,721","0,000","0,000","10,583"
7249076,TIENDA Y REGALERIA GUADALUPE,MISIONES,1,4.C,4,"0,658","0,000","0,000","1,822"
7849059,TIERRA SERVICIOS INMOBILIARIOS,MISIONES,1,4.C,4,"1,787","0,000","0,000","3,853"
12649249,TIMBEROS,CAPITAL FEDERAL,1,1.VIP,2,"3,295","3,052","0,000","5,000"
6949883,TIMON Y PUMBA,CORDOBA,1,2.A,3,"10,149","0,000","0,000","6,000"
13049422,TIN RAPTOR,BUENOS AIRES,1,5.D,6,"5,129","0,000","0,000","2,000"
6349515,TIO OTTO III,BUENOS AIRES,1,2.A,3,"0,000","0,000","0,000","0,000"
8149656,TIO ROBERT RAWSON,CHUBUT,1,5.D,6,"-0,033","0,000","0,000","0,916"
12149275,TIOSKO EL FARO AGBL,RIO NEGRO,1,N,2,"-0,005","0,000","0,000","-0,005"
6449486,TIRO Y PESCA SERVICIOS,SANTA FE,1,4.C,4,"5,058","0,000","0,000","4,000"
5649014,TITO & ASOCIADOS,MISIONES,1,5.D,6,"0,000","0,000","0,000","0,000"
5449596,TITULAR ARTICULOS DE LIMPIEZA,CORDOBA,1,5.D,6,"3,806","0,000","0,000","5,000"
12049214,TMK2,ENTRE RIOS,1,N,2,"3,648","0,000","0,000","0,000"
11949690,TODO 24HS,BUENOS AIRES,1,N,2,"0,594","0,000","0,000","0,000"
11949908,TODO BARATO,CORDOBA,1,N,2,"0,000","0,000","0,000","0,000"
12949564,TODO FACIL,CORDOBA,1,5.D,6,"5,052","0,000","0,000","2,686"
9749795,TODO FRESCO,MENDOZA,1,N,2,"0,000","0,000","0,000","1,000"
7349023,TODO IMPRESORAS,CORDOBA,1,5.D,6,"4,279","0,000","0,000","7,000"
12949569,TODO MOVIL,RIO NEGRO,1,N,2,"1,353","0,000","0,000","4,294"
12249199,TODO SERVICIOS 4,BUENOS AIRES,1,1.VIP,2,"4,307","15,000","0,000","9,933"
11949381,TODO SUELTO,SANTA FE,1,3.B,4,"1,676","0,000","0,000","1,275"
11349083,TODO SUELTO II,LA PAMPA,1,N,2,"1,242","0,000","0,000","0,932"
9749482,TODO SUELTO SAN FERNANDO,CATAMARCA,1,1.VIP,2,"5,938","-0,077","0,000","4,164"
12849564,TODO SUELTO VIRGEN DEL VALLE,CATAMARCA,1,N,2,"2,259","0,916","0,000","0,000"
11349072,TODO SULETO,LA PAMPA,1,5.D,6,"2,677","0,000","0,000","7,758"
7149040,TODO VIRTUAL,CORDOBA,1,4.C,4,"1,622","0,724","0,000","0,000"
13049559,TODOFACIL ALCORTA,NEUQUEN,1,N,2,"18,287","0,000","0,000","3,718"
12849922,TOKIOSCO,BUENOS AIRES,1,N,2,"2,324","0,000","0,000","0,000"
7449250,TOLA,JUJUY,1,4.C,4,"1,831","0,000","0,000","5,000"
12849340,TOM Y JERRY - KIOSCO Y BURGUER,ENTRE RIOS,1,N,2,"3,018","0,649","0,000","0,000"
9749778,TOMAS PF,CORRIENTES,1,4.C,4,"3,973","0,000","0,000","2,000"
12749052,TOMASSINI SEGUROS,CORDOBA,1,5.D,6,"-0,031","0,488","0,000","0,901"
11649214,TOMBOLA,SANTIAGO DEL ESTERO,1,3.B,4,"-0,284","0,000","0,000","3,951"
10249883,TOMBOLA 0339,ENTRE RIOS,1,1.VIP,2,"5,569","2,270","0,000","4,995"
13049408,TONELLO,MENDOZA,1,5.D,6,"8,197","0,000","0,000","11,792"
12649683,TOP 1 COMPLEMENTOS,SAN LUIS,1,1.VIP,2,"4,377","0,000","0,000","1,346"
7549443,TOP 1 COMPLEMENTOS,SAN LUIS,1,N,2,"2,305","0,000","0,000","2,000"
5449581,TORCA COMODORO,CHUBUT,1,5.D,6,"0,198","0,000","0,000","0,929"
5449585,TORCA ESQUEL,CHUBUT,1,4.C,4,"-0,033","0,000","0,000","1,961"
5449582,TORCA MADRYN,CHUBUT,1,4.C,4,"-0,221","0,000","0,000","4,450"
5449584,TORCA RAWSON,CHUBUT,1,1.VIP,2,"3,433","0,000","0,000","1,129"
5449583,TORCA TRELEW,CHUBUT,1,4.C,4,"-0,071","0,000","0,000","0,840"
7449244,TORONTO INDUMENTARIA,TUCUMAN,1,4.C,4,"5,865","0,000","0,000","3,000"
8149262,TORRES BOAGLIO ASESORES DE SEGUROS,CHUBUT,1,5.D,6,"0,003","0,000","0,000","1,835"
8149263,TORRES BOAGLIO ASESORES SEGUROS 1,CHUBUT,1,N,2,"0,563","0,000","0,000","0,000"
13049638,TOSCANO,TUCUMAN,1,5.D,6,"2,966","0,000","0,000","5,604"
12649736,TOTARO,CORDOBA,1,5.D,6,"5,400","0,000","0,000","17,000"
12649426,TOTO,CORDOBA,1,N,2,"4,511","0,616","0,000","0,000"
7849097,TOTO MINIMARKET,MISIONES,1,3.B,4,"2,979","0,000","0,000","2,000"
12849603,TRACK DAY CAFE OFFICE,BUENOS AIRES,1,N,2,"1,023","2,010","0,000","0,000"
10349106,TRAMICOR I,CORDOBA,1,N,2,"0,000","0,000","0,000","0,000"
8749229,TRAMITEL,CATAMARCA,1,2.A,3,"4,516","1,566","0,000","0,000"
10349203,TRAMITES DIGITALES,CORDOBA,1,N,2,"0,000","0,000","0,000","0,000"
17265,TRANSFERSHOP,BUENOS AIRES,1,5.D,6,"1,571","0,000","0,000","0,000"
12949741,TRANSGESTIONA,CAPITAL FEDERAL,1,N,2,"0,428","-0,752","0,000","0,887"
6449497,TRANSITO,SANTA FE,1,N,2,"1,397","0,000","0,000","4,000"
12749142,TRANSPORTE BALABANIAN,CORDOBA,1,4.C,4,"0,266","2,000","0,000","1,882"
12949015,TRAVEL SERVICE,CAPITAL FEDERAL,1,4.C,4,"0,491","0,000","0,000","-0,004"
10349235,TRENQUE PAGO,BUENOS AIRES,1,2.A,3,"3,960","3,896","0,000","4,000"
10249995,TRES REINAS,CAPITAL FEDERAL,1,4.C,4,"2,699","3,000","0,000","3,000"
13049260,TRESCIENTOS 65,NEUQUEN,1,3.B,4,"6,758","0,000","0,000","4,215"
7149054,TRIANGULO DE FATIMA,BUENOS AIRES,1,1.VIP,2,"5,543","0,000","0,000","3,064"
8949353,TRIBECA,SANTA FE,1,1.VIP,2,"4,452","2,000","0,000","2,927"
9149028,TRIPLE B,BUENOS AIRES,1,5.D,6,"-0,063","0,000","0,000","0,000"
11349058,TRN PAGOS,BUENOS AIRES,1,N,2,"0,000","1,000","0,000","0,000"
12749646,TROCAR PAGOS,TIERRA DEL FUEGO,1,5.D,6,"0,000","0,000","0,000","0,000"
12749038,TROILO & LORENZO ASOCIADOS,SAN LUIS,1,5.D,6,"3,214","-0,024","0,000","0,000"
6649076,TROZADERO DON MATEO,MENDOZA,1,5.D,6,"0,000","0,000","0,000","0,000"
7449184,TRUK-ESSA,JUJUY,1,3.B,4,"1,979","0,000","0,000","2,757"
7449162,TU ERES MI SOL,CORDOBA,1,2.A,3,"5,043","-0,108","0,000","2,463"
11849210,TU FARMACIA,BUENOS AIRES,1,5.D,6,"8,938","0,000","0,000","0,000"
11849377,TU FARMACIA,CHACO,1,4.C,4,"2,853","0,000","0,000","5,908"
5449607,TU HOGAR TU LUGAR,LA PAMPA,1,N,2,"0,000","0,000","0,000","0,000"
13049432,TU LUGAR,SANTA FE,1,5.D,6,"0,000","0,000","0,000","0,000"
12149241,TU MERCADITO,SANTA FE,1,5.D,6,"-0,193","-0,430","0,000","-0,043"
11949960,TU PARA MI YO PARA TI,MENDOZA,1,N,2,"1,244","1,856","0,000","0,000"
12449076,TU PARADA,JUJUY,1,1.VIP,2,"2,887","0,000","0,000","2,203"
7249202,TU REGALO IDEAL,BUENOS AIRES,1,N,2,"0,459","0,000","0,000","0,000"
12649575,TU SUERTE,CHACO,1,N,2,"1,595","0,406","0,000","0,000"
8149992,TULUMAYA II,MENDOZA,1,N,2,"0,000","0,000","0,000","0,000"
6149589,TULUMAYA III,MENDOZA,1,2.A,3,"2,893","0,000","0,000","0,000"
13049673,TUMUSLA PAGOS,JUJUY,1,5.D,6,"3,905","0,000","0,000","2,440"
11849415,TUNUYAN CENTRO,MENDOZA,1,5.D,6,"1,000","0,000","0,000","2,000"
8249014,TURISMO GLM ARGENTINA,BUENOS AIRES,1,1.VIP,2,"3,747","3,000","0,000","3,469"
7449202,TURKITAS-BRUNEL CELULARES,TUCUMAN,1,4.C,4,"5,271","-0,086","0,000","9,802"
6949929,TURQUESA,MENDOZA,1,5.D,6,"5,323","-0,072","0,000","5,667"
12749438,TUS PAGOS,SANTA FE,1,N,2,"0,000","0,000","0,000","0,000"
7949067,TUTTO GELATO,CATAMARCA,1,4.C,4,"1,530","0,000","0,000","3,950"
12949007,TVI MULTIRUBROS,CATAMARCA,1,1.VIP,2,"0,849","-0,068","0,000","2,677"
11949494,TWEETY SHOP,CORDOBA,1,N,2,"0,288","0,000","0,000","0,000"
8025000,UALA COMUNICACION,CAPITAL FEDERAL,1,N,2,"0,000","0,000","0,000","0,000"
9749791,UBER TODO CASERO,MENDOZA,1,4.C,4,"2,186","0,000","0,000","4,000"
12849269,UKRA KIOSCO MON AME,CAPITAL FEDERAL,1,N,2,"3,688","0,356","0,000","0,000"
11949980,UKRA-BODOQUE HNOS,CAPITAL FEDERAL,1,4.C,4,"3,152","0,670","0,000","1,000"
8149394,ULLA SEGUROS,BUENOS AIRES,1,5.D,6,"-0,121","0,000","0,000","0,000"
12849159,ULTIMA PARADA I,SANTA FE,1,1.VIP,2,"2,777","0,000","0,000","0,000"
5349493,UNICO HOGAR,SANTIAGO DEL ESTERO,1,4.C,4,"-0,010","0,438","0,000","1,982"
5449561,UNICO HOGAR II,SANTIAGO DEL ESTERO,1,4.C,4,"-0,112","0,000","0,000","3,952"
7249165,UNI-K DULCE HOGAR,SANTA FE,1,1.VIP,2,"1,786","0,000","0,000","3,000"
10149023,UNNO COMPUTERS 1,CORDOBA,1,1.VIP,2,"12,000","0,000","0,000","14,000"
12049043,UNO DRUGSTORE,CORDOBA,1,2.A,3,"5,981","0,000","0,000","4,409"
9349042,URBAN CALZADOS,BUENOS AIRES,1,N,2,"5,056","-0,016","0,000","3,692"
6949867,URBANA LIBRERIA,CORDOBA,1,4.C,4,"0,000","0,000","0,000","5,000"
8149882,URIBURU PAGOS,CAPITAL FEDERAL,1,N,2,"4,163","1,583","0,000","0,000"
12349001,URIEL,SANTIAGO DEL ESTERO,1,3.B,4,"4,606","0,000","0,000","4,000"
11949966,URIONA,BUENOS AIRES,1,1.VIP,2,"7,152","-4,827","0,000","4,732"
8249228,URKUPINA,CAPITAL FEDERAL,1,N,2,"0,000","0,000","0,000","0,000"
8249227,URKUPINA II,BUENOS AIRES,1,5.D,6,"0,000","0,000","0,000","0,000"
8149772,URQUIZA MOTOS SRL,CAPITAL FEDERAL,1,N,2,"0,000","0,000","0,000","0,000"
11249028,URQUIZA PACHECO PAGOS,CAPITAL FEDERAL,1,N,2,"0,000","0,000","0,000","0,000"
6449130,URTUBEY BOCCALINI SRL,SANTA FE,1,4.C,4,"3,270","0,000","0,000","5,784"
12949302,URUGUAY (SOLO PEI),CAPITAL FEDERAL,1,N,2,"0,000","0,000","0,000","0,000"
10049138,URUGUAY REFRIGERACION,MISIONES,1,N,2,"1,136","0,000","0,000","0,000"
13049190,V Y E GUILLON,BUENOS AIRES,1,4.C,4,"1,414","0,000","0,000","1,000"
12449149,V.G.,CHUBUT,1,4.C,4,"3,176","0,000","0,000","1,000"
12849845,VALCANERA II,MENDOZA,1,N,2,"4,354","0,000","0,000","0,000"
10349173,VALDERRAMA SEGUROS,BUENOS AIRES,1,1.VIP,2,"3,774","0,433","0,000","2,506"
5449516,VALENCIAGA MUEBLES,SAN LUIS,1,4.C,4,"-0,217","0,000","0,000","4,898"
12149205,VALENTINA Y FERNANDA,JUJUY,1,4.C,4,"1,212","0,000","0,000","1,920"
5749032,VALENTINO,CHUBUT,1,1.VIP,2,"11,514","0,940","0,000","13,000"
13049152,VALENTINO II,CHUBUT,1,1.VIP,2,"7,095","0,000","0,000","8,000"
12649757,VALENTINO III,CHUBUT,1,N,2,"6,204","0,000","0,000","8,000"
8149305,VALERIA CEJAS,CORDOBA,1,2.A,3,"2,688","-0,022","0,000","2,314"
9749423,VALERO ICE,SANTA FE,1,4.C,4,"0,800","0,634","0,000","1,748"
12449282,VALJUA,BUENOS AIRES,1,1.VIP,2,"3,782","0,000","0,000","3,515"
11949017,VALU,LA PAMPA,1,4.C,4,"-0,319","0,910","0,000","-0,098"
12949509,VALUCA,MENDOZA,1,5.D,6,"0,000","0,000","0,000","0,000"
12949317,VALY,SANTA FE,1,4.C,4,"2,000","0,000","0,000","7,000"
10049055,VANCOUVER,CORRIENTES,1,N,2,"2,952","0,824","0,000","0,000"
9949025,VARELA EXPRESS,BUENOS AIRES,1,N,2,"3,911","0,500","0,000","0,000"
9749648,VARGAS DIEGO ALEJANDRO II,CHACO,1,5.D,6,"3,137","0,500","0,000","2,000"
10049082,VARGAS DIEGO ALEJANDRO III,CHACO,1,5.D,6,"0,000","0,000","0,000","0,000"
13049557,VARIA2,BUENOS AIRES,1,5.D,6,"-0,193","0,000","0,000","-0,039"
12749644,VC PROD. DE SEGUROS (SOLO PEI),RIO NEGRO,1,5.D,6,"-0,046","0,000","0,000","-0,083"
5349505,VEA ARAOZ LUZ CARAZA II,CAPITAL FEDERAL,1,N,2,"1,548","0,000","0,000","0,000"
5349479,VEA COMMODO TUNUYAN,MENDOZA,1,N,2,"0,000","0,000","0,000","0,000"
12749403,VEDIA  BZB CREDI,BUENOS AIRES,1,4.C,4,"0,000","0,000","0,000","0,000"
12449437,VEGA LAURA VIVIANA,FORMOSA,1,N,2,"19,335","0,630","0,000","0,000"
12749339,VELEZ SARFIELD PAGOS,BUENOS AIRES,1,2.A,3,"4,118","5,162","0,000","4,774"
12849426,VELIZ GUSTAVO FABIAN,SANTA FE,1,4.C,4,"-0,209","0,000","0,000","1,883"
12849110,VENE SOMOS,CAPITAL FEDERAL,1,2.A,3,"5,404","1,273","0,000","3,768"
12849204,VENECAMBIO J&H,CAPITAL FEDERAL,1,4.C,4,"1,907","1,000","0,000","3,000"
12449347,VENEZIA,BUENOS AIRES,1,3.B,4,"1,687","-0,164","0,000","2,632"
12849516,VENI Y PAGA IV,BUENOS AIRES,1,1.VIP,2,"13,554","0,000","0,000","5,356"
8249126,VENTA DE PASAJES,BUENOS AIRES,1,N,2,"0,739","0,000","0,000","0,000"
90049121,VENTA DE PASAJES JUJUY,JUJUY,1,3.B,4,"1,921","0,000","0,000","4,857"
6349483,VENTA DE TELEFONOS,BUENOS AIRES,1,4.C,4,"0,626","0,476","0,000","0,000"
6349428,VENTA Y SERVICIOS,CORDOBA,1,1.VIP,2,"2,007","1,000","0,000","2,181"
10049111,VENTA Y SERVICIOS II,CORDOBA,1,4.C,4,"1,000","0,000","0,000","1,000"
12249148,VENTAS SERO,NEUQUEN,1,N,2,"1,856","0,000","0,000","0,000"
7949082,VENTO GELATO,MENDOZA,1,4.C,4,"1,465","0,000","0,000","3,000"
7849057,VENTURA & ASOCIADOS,CAPITAL FEDERAL,1,4.C,4,"-0,074","0,000","0,000","4,000"
12949729,VEO VEO,TUCUMAN,1,N,2,"-0,120","0,000","0,000","-0,043"
6249103,VERA HECTOR JAVIER,FORMOSA,1,5.D,6,"0,818","2,076","0,000","0,000"
9749669,VERDULERIA BROWN,JUJUY,1,3.B,4,"1,691","0,120","0,000","3,654"
9749863,VERDULERIA EL RENO,RIO NEGRO,1,5.D,6,"0,774","0,000","0,000","2,000"
9749721,VERDULERIA VALEN,SANTIAGO DEL ESTERO,1,N,2,"2,476","0,000","0,000","0,000"
8149523,VERDUN SEGUROS,MISIONES,1,1.VIP,2,"2,029","0,000","0,000","1,875"
9749593,VERENICE,BUENOS AIRES,1,2.A,3,"2,814","-0,074","0,000","6,000"
7449239,VERO TE VENDE,NEUQUEN,1,1.VIP,2,"7,108","0,000","0,000","3,978"
6549064,VEROPTICA,CAPITAL FEDERAL,1,4.C,4,"-0,111","-0,006","0,000","3,916"
11949931,VESS QUERESS,BUENOS AIRES,1,1.VIP,2,"11,389","0,716","0,000","6,000"
10949067,VETERINARIA AUTONOMIA,SANTIAGO DEL ESTERO,1,4.C,4,"0,255","0,000","0,000","0,000"
10949035,VETERINARIA BRIDON Z,SANTA FE,1,N,2,"0,000","0,000","0,000","0,000"
10949079,VETERINARIA EL PORVENIR,LA PAMPA,1,N,2,"1,486","-0,006","0,000","1,932"
10949051,VETERINARIA JUAN DE GARAY,CAPITAL FEDERAL,1,N,2,"2,004","0,000","0,000","0,000"
6949896,VGREGALERIA,SALTA,1,N,2,"4,422","0,000","0,000","4,000"
9949024,VIA AMIGOS,CHUBUT,1,N,2,"1,722","0,500","0,000","0,000"
10249706,VIA NORTE EDISON,BUENOS AIRES,1,1.VIP,2,"2,664","-0,135","0,000","2,929"
12749500,VIA NORTE PIGUE 3,BUENOS AIRES,1,5.D,6,"0,000","0,000","0,000","8,000"
10249707,VIA NORTE ROLON,BUENOS AIRES,1,2.A,3,"3,751","-0,003","0,000","2,412"
12449544,VIA NORTE SAN LORENZO,BUENOS AIRES,1,3.B,4,"2,017","0,790","0,000","5,000"
8249192,VIAJES CHARLY BUS,ENTRE RIOS,1,N,2,"19,963","0,000","0,000","0,000"
6949671,VIAMONTE SERVICIOS,CAPITAL FEDERAL,1,2.A,3,"3,713","1,000","0,000","2,071"
6149623,VIDA DE PERROS,SAN JUAN,1,5.D,6,"0,000","0,000","0,000","0,000"
10249493,VIDEO CHARLES,BUENOS AIRES,1,1.VIP,2,"4,005","0,000","0,000","1,967"
5949015,VIDEO CLUB ABC,BUENOS AIRES,1,N,2,"0,000","0,000","0,000","0,000"
5949074,VIDEO CLUB PKS,CORDOBA,1,2.A,3,"0,367","0,000","0,000","0,000"
5949075,VIDEO CLUB STUDIO 4,BUENOS AIRES,1,2.A,3,"3,416","0,000","0,000","3,039"
10149003,VIDEO IGMAR,CORDOBA,1,3.B,4,"0,898","0,000","0,000","10,617"
5949064,VIDEOCLUB IMAGEN,BUENOS AIRES,1,1.VIP,2,"4,573","4,000","0,000","4,457"
11949776,VIDEOFOT 2,ENTRE RIOS,1,4.C,4,"1,251","0,000","0,000","7,000"
5849014,VIEJA TERMINAL,LA RIOJA,1,N,2,"6,024","0,930","0,000","0,000"
9749414,VIGOR KIOSCO Y DESPENSA,BUENOS AIRES,1,2.A,3,"1,195","0,596","0,000","0,000"
11849450,VIGPER HNOS PAGOS,BUENOS AIRES,1,N,2,"-0,149","-0,036","0,000","-0,082"
12749068,VILA TERRA PATAGONIA,BUENOS AIRES,1,N,2,"3,314","0,000","0,000","0,000"
6149716,VILLA BORDEU,BUENOS AIRES,1,5.D,6,"0,000","0,000","0,000","0,000"
7249150,VILLA CABELLO ACCESORIOS,MISIONES,1,1.VIP,2,"2,728","-0,096","0,000","8,500"
8649117,VILLA PAN,CORDOBA,1,N,2,"1,519","0,000","0,000","0,000"
13049111,VIMAC,LA PAMPA,1,4.C,4,"1,517","0,000","0,000","0,000"
9749606,VINOTECA POSADAS,MISIONES,1,1.VIP,2,"1,974","0,000","0,000","1,784"
12849874,VIP,SANTA FE,1,1.VIP,2,"5,975","0,000","0,000","4,849"
9749858,VIRGEN DEL CARMEN,SAN JUAN,1,4.C,4,"3,270","0,000","0,000","4,000"
11849309,VIRGEN DEL VALLE,CATAMARCA,1,4.C,4,"-0,297","0,958","0,000","8,703"
12849558,VIRGEN DEL VALLE,SALTA,1,2.A,3,"2,081","0,350","0,000","0,000"
7249234,VIRGEN DEL VALLE,SALTA,1,N,2,"2,592","0,000","0,000","2,000"
12649168,VIRGINIA,CATAMARCA,1,2.A,3,"3,287","0,000","0,000","0,000"
9449018,VIRTUAL IMPRESIONES,SANTA FE,1,1.VIP,2,"2,081","0,000","0,000","2,602"
8749188,VISSANI SEGUROS,CORDOBA,1,4.C,4,"2,121","-0,018","0,000","0,000"
11649351,VISUAL NET,CORDOBA,1,1.VIP,2,"2,423","3,122","0,000","1,667"
12049409,VITIMAX,CORDOBA,1,1.VIP,2,"3,584","0,797","0,000","1,237"
8449010,VIVERO CANDELARIA,MENDOZA,1,5.D,6,"0,000","0,000","0,000","3,000"
8449015,VIVERO CANDELARIA II,MENDOZA,1,N,2,"0,271","-0,158","0,000","0,582"
12949674,VIVERO LOS TRONCOS,LA PAMPA,1,N,2,"0,624","0,000","0,000","-0,055"
9949046,VLP SOLUCIONES LOGISTICAS,SANTA FE,1,N,2,"0,961","0,000","0,000","1,897"
7949071,VOGET 1,SANTIAGO DEL ESTERO,1,4.C,4,"-0,040","0,500","0,000","4,991"
13049101,VOLITO KIOSCOS,CAPITAL FEDERAL,1,N,2,"0,000","0,000","0,000","0,000"
12449672,VOLTERRA,CORRIENTES,1,N,2,"2,975","0,634","0,000","0,000"
10749012,VOXA S. A. - KM3,CHUBUT,1,N,2,"3,455","0,000","0,000","1,993"
10749013,VOXA S. A.  POLONIA,CHUBUT,1,N,2,"2,792","0,000","0,000","1,955"
10749014,VOXA S. A.  RIVADAVIA,CHUBUT,1,N,2,"5,479","0,000","0,000","2,746"
10749016,VOXA S. A. CHANGO MAS,CHUBUT,1,4.C,4,"6,168","0,000","0,000","20,446"
10749017,VOXA S. A. ESTADOS UNIDOS 910,CHUBUT,1,5.D,6,"16,030","0,000","0,000","14,312"
10749015,VOXA S. A. -RADA TILLY,CHUBUT,1,N,2,"2,841","0,000","0,000","0,949"
10749019,VOXA SA PTO MADRYN,CHUBUT,1,5.D,6,"-0,498","-0,322","0,000","-0,143"
12749654,VOXA SA TRELEW,CHUBUT,1,N,2,"4,205","-0,133","0,000","2,732"
5349643,VYB (SOLO PEI),BUENOS AIRES,1,N,2,"-0,001","0,000","0,000","0,000"
5349644,VYB 2 (SOLO PEI),BUENOS AIRES,1,N,2,"-0,003","0,000","0,000","-0,004"
12949649,VYB LIBRERIA Y MUCHO MAS,SANTA FE,1,5.D,6,"0,000","0,000","0,000","0,000"
10049123,W INFORMATICA,CORDOBA,1,4.C,4,"2,575","0,000","0,000","3,805"
6149579,WA WA,LA RIOJA,1,5.D,6,"3,903","1,258","0,000","0,000"
5306000,WAL MART CASA MATRIZ,BUENOS AIRES,1,N,2,"0,000","0,000","0,000","0,000"
8149784,WAM SOLUCIONES,BUENOS AIRES,1,4.C,4,"-0,101","0,000","0,000","0,901"
12949091,WARNES PAGOS,CAPITAL FEDERAL,1,2.A,3,"4,235","0,000","0,000","1,411"
12449298,WENA,CORDOBA,1,4.C,4,"0,948","2,262","0,000","0,813"
9149106,WEST BELGRANO,CAPITAL FEDERAL,1,2.A,3,"11,353","2,000","0,000","11,657"
8049350,WESTE CABALLITO II,CAPITAL FEDERAL,1,1.VIP,2,"2,564","0,000","0,000","0,989"
8749051,WESTE GODOY CRUZ,MENDOZA,1,1.VIP,2,"6,797","0,000","0,000","6,311"
8049369,WESTERN DEL VIENTO,CHUBUT,1,1.VIP,2,"5,937","10,945","0,000","2,057"
10349295,WESTERN LIBERTADOR,MENDOZA,1,1.VIP,2,"5,332","0,254","0,000","1,000"
10349508,WESTERN LIBERTADOR,MENDOZA,1,N,2,"-0,272","-0,418","0,000","-0,136"
90008001,WESTERN UNION (TRAINING),CAPITAL FEDERAL,1,N,2,"3,984","0,528","0,000","0,000"
12249171,WEST-LINIERS,CAPITAL FEDERAL,1,1.VIP,2,"24,493","12,398","0,000","4,801"
13049543,WILBERGER,CHUBUT,1,N,2,"0,000","0,000","0,000","0,000"
11449077,WILLKANINA,TUCUMAN,1,3.B,4,"0,732","-0,036","0,000","12,716"
13049787,WILLMAR,CORDOBA,1,5.D,6,"-0,324","0,000","0,000","-0,076"
7449232,WILSON,SANTA FE,1,2.A,3,"1,439","0,000","0,000","1,740"
8149349,WINAY CRECER SRL,BUENOS AIRES,1,N,2,"5,141","18,104","0,000","0,000"
6349368,WM COMUNICACIONES,BUENOS AIRES,1,4.C,4,"11,219","0,000","0,000","3,000"
11449022,WORLD INFORMATIC,LA RIOJA,1,N,2,"2,800","0,000","0,000","0,000"
11449023,WORLD INFORMATIC II,LA RIOJA,1,1.VIP,2,"4,176","0,000","0,000","2,662"
12849250,X-FRAN,CORDOBA,1,5.D,6,"0,000","0,500","0,000","1,000"
10349329,XOLUTION BELGRANO,CAPITAL FEDERAL,1,N,2,"1,996","3,408","0,000","0,000"
10349324,XOLUTION CORRIENTES,CAPITAL FEDERAL,1,N,2,"0,000","0,000","0,000","0,000"
10349325,XOLUTION GAMARRA,CAPITAL FEDERAL,1,N,2,"0,000","0,000","0,000","0,000"
10349326,XOLUTION OLLEROS,CAPITAL FEDERAL,1,N,2,"0,000","0,000","0,000","0,000"
10349327,XOLUTION SAENZ,CAPITAL FEDERAL,1,N,2,"1,218","0,782","0,000","0,000"
6249119,YABELEM,MENDOZA,1,N,2,"3,624","0,500","0,000","0,000"
13049406,YAEL 2,NEUQUEN,1,5.D,6,"0,000","0,000","0,000","0,000"
6149697,YANA MOTO,SANTA FE,1,5.D,6,"4,771","0,000","0,000","3,000"
7649032,YANINA BOUTIQUE,MISIONES,1,N,2,"-0,016","0,000","0,000","-0,002"
12749653,YA-SIL,SANTA FE,1,N,2,"0,000","0,000","0,000","0,000"
9749771,YENI-FER,MENDOZA,1,4.C,4,"0,143","0,000","0,000","2,000"
11349055,YERBABUENA,CORDOBA,1,4.C,4,"0,000","1,466","0,000","0,000"
12749572,YESY AGENCIA,MISIONES,1,N,2,"0,621","0,000","0,000","-0,064"
12349037,YN DRUGSTORE MITRE,SALTA,1,2.A,3,"5,060","1,000","0,000","2,461"
7449030,YN YEMINA MODA,SALTA,1,1.VIP,2,"2,321","1,984","0,000","7,534"
12949319,YOHANA LLANOS POLIRUBRO,SANTIAGO DEL ESTERO,1,4.C,4,"2,034","0,000","0,000","5,000"
12849123,YOLIFER,CORDOBA,1,4.C,4,"1,195","0,424","0,000","-0,095"
6349493,YOUR CELL,CHUBUT,1,N,2,"0,647","0,382","0,000","1,919"
5204051,YPF ANGELI,BUENOS AIRES,1,2.A,3,"2,682","-0,006","0,000","4,808"
5249071,YPF BOMBAL,SANTA FE,1,N,2,"1,358","0,000","0,000","0,000"
12849626,YPF FULL SALTO DE LAS ROSAS,MENDOZA,1,4.C,4,"-0,158","0,884","0,000","3,813"
5249065,YPF LAS DOS HERMANITAS,SANTA CRUZ,1,4.C,4,"1,000","0,000","0,000","1,000"
7249239,ZAFIRO,SALTA,1,5.D,6,"-0,151","-0,006","0,000","-0,097"
12849143,ZAGAZ OPEN STORE,CAPITAL FEDERAL,1,N,2,"1,893","0,388","0,000","0,000"
6149630,ZAIRA,SALTA,1,1.VIP,2,"2,284","0,000","0,000","1,331"
6949919,ZAMIRA AILEN BENITEZ,FORMOSA,1,5.D,6,"0,000","0,000","0,000","0,000"
7449189,ZAMY . MEL,ENTRE RIOS,1,N,2,"1,947","0,500","0,000","0,000"
9349017,ZAPATERIA 4 M,CORDOBA,1,1.VIP,2,"3,600","-0,429","0,000","3,374"
9349030,ZAPATERIA ALBERTO,MENDOZA,1,1.VIP,2,"3,452","-0,108","0,000","3,232"
7249193,ZAPATOS MICA,CORRIENTES,1,2.A,3,"29,654","0,638","0,000","26,000"
8149921,ZAS 3,TIERRA DEL FUEGO,1,1.VIP,2,"4,033","0,691","0,000","4,948"
12749065,ZAZEN,CAPITAL FEDERAL,1,1.VIP,2,"3,460","0,000","0,000","1,954"
12949623,ZAZEN BILLINGHURST,CAPITAL FEDERAL,1,N,2,"0,314","0,000","0,000","3,000"
11949963,ZAZEN II,CAPITAL FEDERAL,1,1.VIP,2,"5,531","2,450","0,000","50,026"
12949239,ZAZEN ORTIZ,CAPITAL FEDERAL,1,3.B,4,"4,826","0,000","0,000","2,626"
12949380,ZAZEN POINT,CAPITAL FEDERAL,1,1.VIP,2,"1,929","0,000","0,000","2,322"
7249101,ZE.NA HNOS,BUENOS AIRES,1,1.VIP,2,"2,732","0,000","0,000","3,000"
6149380,ZEGA AUTOSERVICIO I,SAN JUAN,1,4.C,4,"8,798","1,000","0,000","3,000"
6149381,ZEGA AUTOSERVICIO II,SAN JUAN,1,5.D,6,"5,112","0,000","0,000","4,000"
12949718,ZERO LIMITE (SOLO PEI),BUENOS AIRES,1,5.D,6,"-0,089","0,000","0,000","-0,178"
10349206,ZERO X SIENTO 1,BUENOS AIRES,1,1.VIP,2,"2,842","0,000","0,000","3,840"
8049041,ZEROXSIENTO MENSAJERIA,BUENOS AIRES,1,1.VIP,2,"8,746","1,340","0,000","8,144"
12749380,ZIMAN SEGUROS,MISIONES,1,4.C,4,"2,172","0,000","0,000","-0,019"
12949715,ZINNI ANTONELLA SOFIA,NEUQUEN,1,5.D,6,"0,000","0,000","0,000","0,000"
10149017,ZODIAC TECHNOLOGY,CORDOBA,1,3.B,4,"1,894","0,798","0,000","1,552"
12349066,ZOLAI 2,CAPITAL FEDERAL,1,N,2,"0,000","0,000","0,000","0,000"
10349217,ZOLAI 3,BUENOS AIRES,1,N,2,"0,000","0,000","0,000","0,000"
12449082,ZONA 3,CORDOBA,1,4.C,4,"-0,195","0,000","0,000","1,932"
10949072,ZONA ANIMAL PETSHOP,MENDOZA,1,N,2,"0,000","0,000","0,000","0,000"
12149207,ZONA DULCE,SANTA FE,1,4.C,4,"2,360","0,000","0,000","1,000"
12849306,ZONA EXPRESS,CORDOBA,1,N,2,"2,570","0,000","0,000","0,000"
13049015,ZONA EXPRESS,CORDOBA,1,N,2,"0,722","0,000","0,000","0,000"
11449179,ZONA TECHNOLOGY,SAN LUIS,1,N,2,"5,904","0,000","0,000","4,000"
11649384,ZONA VARELA,BUENOS AIRES,1,3.B,4,"6,023","0,000","0,000","7,000"
13049699,ZONA VIRTUAL,BUENOS AIRES,1,5.D,6,"-0,048","0,000","0,000","0,000"
8149478,ZOTTOS ANDRES SEGUROS,SALTA,1,N,2,"0,000","0,000","0,000","0,000"
8149486,ZOTTOS CRISTOS SEGUROS,SALTA,1,4.C,4,"1,658","0,000","0,000","3,825"
8149480,ZOTTOS JORGE SEGUROS,SALTA,1,N,2,"0,752","0,000","0,000","0,000"
6249066,ZTE PERFUMERIA,BUENOS AIRES,1,N,2,"0,000","0,000","0,000","0,000"
13049386,ZUM,CHACO,1,5.D,6,"-0,008","0,000","0,000","0,000"
